ISO-10303-21;
HEADER;
FILE_DESCRIPTION (( 'STEP AP214' ),
    '1' );
FILE_NAME ('Wrist_Roll_Pitc.stp',
    '2026-09-01T05:58:31',
    ( '' ),
    ( '' ),
    'SwSTEP 2.0',
    'SolidWorks 2025',
    '' );
FILE_SCHEMA (( 'AUTOMOTIVE_DESIGN' ));
ENDSEC;

DATA;
#1 = VERTEX_POINT ( 'NONE', #2861 ) ;
#2 = ORIENTED_EDGE ( 'NONE', *, *, #4323, .T. ) ;
#3 = ORIENTED_EDGE ( 'NONE', *, *, #988, .F. ) ;
#4 = CARTESIAN_POINT ( 'NONE',  ( -26.62499999999998934, 15.00000000000000000, -39.29999999999999005 ) ) ;
#5 = CARTESIAN_POINT ( 'NONE',  ( -14.61595601256833277, 2.154486569508739180, -37.96288527368272980 ) ) ;
#6 = DIRECTION ( 'NONE',  ( -0.9977157321921253930, 5.072927206014308817E-18, 0.06755233331522453311 ) ) ;
#7 = FACE_OUTER_BOUND ( 'NONE', #8796, .T. ) ;
#8 = EDGE_CURVE ( 'NONE', #6189, #1008, #5098, .T. ) ;
#9 = CARTESIAN_POINT ( 'NONE',  ( 7.129014785873202698, 17.98421494571413604, -25.00000000000000000 ) ) ;
#10 = VECTOR ( 'NONE', #9193, 1000.000000000000000 ) ;
#11 = CARTESIAN_POINT ( 'NONE',  ( 7.892821782178217838, 12.10000000000000142, -31.98578938135694827 ) ) ;
#12 = FACE_BOUND ( 'NONE', #1194, .T. ) ;
#13 = EDGE_CURVE ( 'NONE', #3428, #7235, #3181, .T. ) ;
#14 = ORIENTED_EDGE ( 'NONE', *, *, #7434, .F. ) ;
#15 = CARTESIAN_POINT ( 'NONE',  ( -13.57500000000000995, 11.99999999999999645, 1.049765986436689524E-14 ) ) ;
#16 = FACE_OUTER_BOUND ( 'NONE', #5675, .T. ) ;
#17 = CIRCLE ( 'NONE', #6445, 1.049999999999998934 ) ;
#18 = CARTESIAN_POINT ( 'NONE',  ( 7.675000000000004263, -7.200000000000004619, -9.849999999999983658 ) ) ;
#19 = CARTESIAN_POINT ( 'NONE',  ( -5.566543928871494629, -10.10000000000000853, -34.35288263336239112 ) ) ;
#20 = DIRECTION ( 'NONE',  ( -0.000000000000000000, 1.000000000000000000, -0.000000000000000000 ) ) ;
#21 = CARTESIAN_POINT ( 'NONE',  ( 9.546225644515299535, 13.81566563497681166, -25.00000000000000000 ) ) ;
#22 = DIRECTION ( 'NONE',  ( 0.000000000000000000, 0.000000000000000000, -1.000000000000000000 ) ) ;
#23 = DIRECTION ( 'NONE',  ( 1.000000000000000000, -0.000000000000000000, 2.881657216719182496E-16 ) ) ;
#24 = EDGE_CURVE ( 'NONE', #6436, #3684, #4385, .T. ) ;
#25 = ORIENTED_EDGE ( 'NONE', *, *, #5789, .T. ) ;
#26 = VERTEX_POINT ( 'NONE', #154 ) ;
#27 = ORIENTED_EDGE ( 'NONE', *, *, #594, .F. ) ;
#28 = EDGE_CURVE ( 'NONE', #1948, #3481, #203, .T. ) ;
#29 = ORIENTED_EDGE ( 'NONE', *, *, #8441, .T. ) ;
#30 = DIRECTION ( 'NONE',  ( 0.000000000000000000, 0.7071067811865477948, 0.7071067811865473507 ) ) ;
#31 = CARTESIAN_POINT ( 'NONE',  ( 26.44970116535248295, 12.02388938599341905, -14.51175551885998694 ) ) ;
#32 = CARTESIAN_POINT ( 'NONE',  ( 21.88395278773328911, 11.99999999999999645, 0.9174602402634212117 ) ) ;
#33 = CARTESIAN_POINT ( 'NONE',  ( -16.57500000000001350, 5.250000000000000000, 22.05000000000001492 ) ) ;
#34 = VECTOR ( 'NONE', #6996, 1000.000000000000000 ) ;
#35 = B_SPLINE_CURVE_WITH_KNOTS ( 'NONE', 3,
 ( #7051, #7144, #1450, #932, #7883, #7926 ),
 .UNSPECIFIED., .F., .F.,
 ( 4, 2, 4 ),
 ( 0.000000000000000000, 0.0004689302409981437481, 0.0009378604819962874962 ),
 .UNSPECIFIED. ) ;
#36 = ORIENTED_EDGE ( 'NONE', *, *, #1716, .F. ) ;
#37 = ORIENTED_EDGE ( 'NONE', *, *, #8593, .T. ) ;
#38 = EDGE_CURVE ( 'NONE', #5376, #5288, #1246, .T. ) ;
#39 = EDGE_CURVE ( 'NONE', #5085, #1783, #5354, .T. ) ;
#40 = CARTESIAN_POINT ( 'NONE',  ( 19.96359516164300985, 11.87166168777390851, -24.82742209558105628 ) ) ;
#41 = AXIS2_PLACEMENT_3D ( 'NONE', #9132, #7085, #502 ) ;
#42 = CARTESIAN_POINT ( 'NONE',  ( -22.78999999999998849, 8.000000000000000000, -37.79999999999998295 ) ) ;
#43 = DIRECTION ( 'NONE',  ( 0.000000000000000000, 0.000000000000000000, -1.000000000000000000 ) ) ;
#44 = CIRCLE ( 'NONE', #2134, 2.000000000000001776 ) ;
#45 = CARTESIAN_POINT ( 'NONE',  ( 22.62499999999998934, 0.000000000000000000, 23.10000000000001918 ) ) ;
#46 = LINE ( 'NONE', #8581, #7246 ) ;
#47 = CARTESIAN_POINT ( 'NONE',  ( -25.89720774447073026, -8.103426060940032372, 5.341209296556018060 ) ) ;
#48 = ORIENTED_EDGE ( 'NONE', *, *, #956, .F. ) ;
#49 = ORIENTED_EDGE ( 'NONE', *, *, #3482, .T. ) ;
#50 = AXIS2_PLACEMENT_3D ( 'NONE', #1644, #3602, #3690 ) ;
#51 = ORIENTED_EDGE ( 'NONE', *, *, #6966, .T. ) ;
#52 = CARTESIAN_POINT ( 'NONE',  ( -0.07239137861977101851, 15.46844551391894385, -25.00000000000000000 ) ) ;
#53 = CARTESIAN_POINT ( 'NONE',  ( -9.969448724536016826, -11.99999999999999645, -0.9999999999999885647 ) ) ;
#54 = CARTESIAN_POINT ( 'NONE',  ( 26.62499999999999645, 12.99999999999999645, 1.000000000000005329 ) ) ;
#55 = FACE_OUTER_BOUND ( 'NONE', #2452, .T. ) ;
#56 = CARTESIAN_POINT ( 'NONE',  ( -26.62499999999998934, -15.00000000000000000, -39.29999999999999005 ) ) ;
#57 = LINE ( 'NONE', #6648, #5557 ) ;
#58 = EDGE_CURVE ( 'NONE', #5435, #2786, #1095, .T. ) ;
#59 = DIRECTION ( 'NONE',  ( 2.881657216719182496E-16, 7.509625437129028195E-17, -1.000000000000000000 ) ) ;
#60 = VERTEX_POINT ( 'NONE', #5856 ) ;
#61 = ADVANCED_FACE ( 'NONE', ( #2354 ), #2304, .T. ) ;
#62 = CARTESIAN_POINT ( 'NONE',  ( -24.62499999999998934, -8.000000000000000000, -33.09999999999998721 ) ) ;
#63 = DIRECTION ( 'NONE',  ( 0.000000000000000000, 0.000000000000000000, -1.000000000000000000 ) ) ;
#64 = CARTESIAN_POINT ( 'NONE',  ( 7.675000000000004263, 7.200000000000004619, -9.849999999999983658 ) ) ;
#65 = DIRECTION ( 'NONE',  ( -2.164016633576081161E-32, 1.000000000000000000, 7.509625437129028195E-17 ) ) ;
#66 = CARTESIAN_POINT ( 'NONE',  ( -7.756699439667593232, -13.81757892198936766, -36.85446046904940687 ) ) ;
#67 = FACE_BOUND ( 'NONE', #5632, .T. ) ;
#68 = STYLED_ITEM ( 'NONE', ( #4610 ), #2558 ) ;
#69 = CARTESIAN_POINT ( 'NONE',  ( 20.62499999999998934, -2.625000000000001776, 29.64663336986832931 ) ) ;
#70 = DIRECTION ( 'NONE',  ( 2.881657216719182496E-16, 0.000000000000000000, -1.000000000000000000 ) ) ;
#71 = EDGE_LOOP ( 'NONE', ( #8758, #4532 ) ) ;
#72 = VERTEX_POINT ( 'NONE', #903 ) ;
#73 = ORIENTED_EDGE ( 'NONE', *, *, #2203, .F. ) ;
#74 = VECTOR ( 'NONE', #4349, 1000.000000000000000 ) ;
#75 = ORIENTED_EDGE ( 'NONE', *, *, #865, .F. ) ;
#76 = CARTESIAN_POINT ( 'NONE',  ( -10.37500000000001066, 13.32409872371145099, -0.8223176838991477222 ) ) ;
#77 = EDGE_CURVE ( 'NONE', #2850, #4905, #8686, .T. ) ;
#78 = CARTESIAN_POINT ( 'NONE',  ( 19.60278446116746665, 12.84595755207097412, -25.13462972912674331 ) ) ;
#79 = DIRECTION ( 'NONE',  ( -1.000000000000000000, -0.000000000000000000, -2.881657216719182496E-16 ) ) ;
#80 = FACE_OUTER_BOUND ( 'NONE', #5018, .T. ) ;
#81 = CARTESIAN_POINT ( 'NONE',  ( -22.61622217532348955, 4.987832316435158120, 21.11297672968330019 ) ) ;
#82 = ORIENTED_EDGE ( 'NONE', *, *, #3466, .T. ) ;
#83 = VERTEX_POINT ( 'NONE', #7206 ) ;
#84 = CARTESIAN_POINT ( 'NONE',  ( -13.57500000000000995, -10.94854271258595801, -7.381296623649907229E-15 ) ) ;
#85 = CARTESIAN_POINT ( 'NONE',  ( -13.57500000000000995, 11.99999999999999645, -0.9999999999999892308 ) ) ;
#86 = VECTOR ( 'NONE', #6185, 1000.000000000000000 ) ;
#87 = CARTESIAN_POINT ( 'NONE',  ( 21.67500000000000782, 7.989143226157762930E-16, -9.849999999999983658 ) ) ;
#88 = CARTESIAN_POINT ( 'NONE',  ( 8.488759283949420364, 11.43122569245675813, -31.73230799024447890 ) ) ;
#89 = VECTOR ( 'NONE', #3108, 1000.000000000000000 ) ;
#90 = DIRECTION ( 'NONE',  ( 0.000000000000000000, -1.000000000000000000, 0.000000000000000000 ) ) ;
#91 = LINE ( 'NONE', #2243, #3881 ) ;
#92 = ADVANCED_FACE ( 'NONE', ( #3045 ), #5899, .F. ) ;
#93 = EDGE_LOOP ( 'NONE', ( #3190, #3387, #1993, #2340, #7388 ) ) ;
#94 = CIRCLE ( 'NONE', #2184, 20.99999999999999645 ) ;
#95 = VERTEX_POINT ( 'NONE', #1647 ) ;
#96 = ORIENTED_EDGE ( 'NONE', *, *, #7095, .F. ) ;
#97 = CARTESIAN_POINT ( 'NONE',  ( 26.62499999999999645, -7.999999999999994671, 1.000000000000004441 ) ) ;
#98 = CARTESIAN_POINT ( 'NONE',  ( -25.31726086037630807, 10.96938065564351561, 0.1451071729377022557 ) ) ;
#99 = CARTESIAN_POINT ( 'NONE',  ( 7.675000000000005151, 10.10000000000000320, -9.849999999999983658 ) ) ;
#100 = CARTESIAN_POINT ( 'NONE',  ( -0.1292320184959587781, 15.15491918092030943, -14.95985441523291648 ) ) ;
#101 = PLANE ( 'NONE',  #8887 ) ;
#102 = CARTESIAN_POINT ( 'NONE',  ( -13.57500000000000995, 11.99999999999999645, -7.381296623649907229E-15 ) ) ;
#103 = LINE ( 'NONE', #6421, #726 ) ;
#104 = EDGE_LOOP ( 'NONE', ( #3704, #4207 ) ) ;
#105 = VECTOR ( 'NONE', #8296, 1000.000000000000000 ) ;
#106 = DIRECTION ( 'NONE',  ( 0.000000000000000000, 0.000000000000000000, -1.000000000000000000 ) ) ;
#107 = CARTESIAN_POINT ( 'NONE',  ( -26.62499999999999289, 11.00000000000000000, 2.602085213965210642E-15 ) ) ;
#108 = CARTESIAN_POINT ( 'NONE',  ( -19.62499999999999645, 11.14271062174728755, -38.29999999999999005 ) ) ;
#109 = FACE_OUTER_BOUND ( 'NONE', #1861, .T. ) ;
#110 = CARTESIAN_POINT ( 'NONE',  ( -14.68089214697037193, -1.077847341474218901, -37.97028485962904654 ) ) ;
#111 = DIRECTION ( 'NONE',  ( 0.000000000000000000, 0.000000000000000000, -1.000000000000000000 ) ) ;
#112 = PRODUCT_DEFINITION ( 'æœ', '', #5526, #2649 ) ;
#113 = CARTESIAN_POINT ( 'NONE',  ( -22.99677103506713394, 3.514009851372735582, 16.75707690473761247 ) ) ;
#114 = B_SPLINE_CURVE_WITH_KNOTS ( 'NONE', 2,
 ( #8358, #9157, #4863 ),
 .UNSPECIFIED., .F., .F.,
 ( 3, 3 ),
 ( 0.1991906177640362374, 0.4884618901155812210 ),
 .UNSPECIFIED. ) ;
#115 = DIRECTION ( 'NONE',  ( -1.000000000000000000, -0.000000000000000000, -2.881657216719182496E-16 ) ) ;
#116 = ORIENTED_EDGE ( 'NONE', *, *, #3256, .T. ) ;
#117 = VERTEX_POINT ( 'NONE', #5055 ) ;
#118 = ORIENTED_EDGE ( 'NONE', *, *, #8610, .F. ) ;
#119 = DIRECTION ( 'NONE',  ( -1.000000000000000000, 0.000000000000000000, 0.000000000000000000 ) ) ;
#120 = CARTESIAN_POINT ( 'NONE',  ( 24.51840438134998834, 12.26840863824286032, -17.70661279494843754 ) ) ;
#121 = CARTESIAN_POINT ( 'NONE',  ( 5.297386856978961056, -2.602085213965210642E-15, -33.09999999999996589 ) ) ;
#122 = AXIS2_PLACEMENT_3D ( 'NONE', #288, #8875, #8030 ) ;
#123 = CARTESIAN_POINT ( 'NONE',  ( 23.67562408248669925, -12.37225126641408757, -19.24076401655396751 ) ) ;
#124 = DIRECTION ( 'NONE',  ( -1.000000000000000000, -0.000000000000000000, -2.881657216719182496E-16 ) ) ;
#125 = CIRCLE ( 'NONE', #8926, 1.049999999999995381 ) ;
#126 = EDGE_LOOP ( 'NONE', ( #221, #7491, #8571, #165 ) ) ;
#127 = ORIENTED_EDGE ( 'NONE', *, *, #6674, .T. ) ;
#128 = ADVANCED_FACE ( 'NONE', ( #7858 ), #5427, .T. ) ;
#129 = CARTESIAN_POINT ( 'NONE',  ( -16.92741722948639449, 13.99231812134834207, -38.20188593072401773 ) ) ;
#130 = DIRECTION ( 'NONE',  ( -1.000000000000000000, -0.000000000000000000, -1.765621858500567205E-16 ) ) ;
#131 = AXIS2_PLACEMENT_3D ( 'NONE', #2904, #7108, #7241 ) ;
#132 = CARTESIAN_POINT ( 'NONE',  ( -26.62500000000001066, 2.624999999999995559, 27.64663336986831510 ) ) ;
#133 = CARTESIAN_POINT ( 'NONE',  ( 4.516564210871452545, 10.10000000000000142, -31.28075017882506259 ) ) ;
#134 = CARTESIAN_POINT ( 'NONE',  ( -23.75244332110718659, 11.84580912008918396, -0.9486030400296525666 ) ) ;
#135 = DIRECTION ( 'NONE',  ( 1.000000000000000000, 0.000000000000000000, 0.000000000000000000 ) ) ;
#136 = ADVANCED_FACE ( 'NONE', ( #7161 ), #5998, .F. ) ;
#137 = EDGE_LOOP ( 'NONE', ( #3388, #7041, #6269, #4923 ) ) ;
#138 = CARTESIAN_POINT ( 'NONE',  ( -16.57500000000001350, 2.624999999999995559, 25.64663336986831155 ) ) ;
#139 = EDGE_LOOP ( 'NONE', ( #1486, #3576, #82, #4352 ) ) ;
#140 = ORIENTED_EDGE ( 'NONE', *, *, #2890, .F. ) ;
#141 = VERTEX_POINT ( 'NONE', #6743 ) ;
#142 = EDGE_CURVE ( 'NONE', #8270, #4314, #8678, .T. ) ;
#143 = DIRECTION ( 'NONE',  ( -1.000000000000000000, 0.000000000000000000, 0.000000000000000000 ) ) ;
#144 = CARTESIAN_POINT ( 'NONE',  ( -26.58798372446628733, 8.254278903674578061, 1.220453660500059989 ) ) ;
#145 = CARTESIAN_POINT ( 'NONE',  ( -23.59595778086856299, -11.37203919070930347, 6.505745400281707447 ) ) ;
#146 = EDGE_CURVE ( 'NONE', #5376, #3539, #6430, .T. ) ;
#147 = CARTESIAN_POINT ( 'NONE',  ( -19.62499999999986144, -7.900000000000000355, -6.999999999999993783 ) ) ;
#148 = EDGE_CURVE ( 'NONE', #1611, #8315, #1497, .T. ) ;
#149 = CARTESIAN_POINT ( 'NONE',  ( -22.84372043495079652, -4.572017875392853981, 18.02742559523224131 ) ) ;
#150 = LINE ( 'NONE', #5240, #7651 ) ;
#151 = CARTESIAN_POINT ( 'NONE',  ( -4.575000000000009948, -10.10000000000000497, -13.04999999999999893 ) ) ;
#152 = PRODUCT_DEFINITION_SHAPE ( 'NONE', 'NONE',  #112 ) ;
#153 = EDGE_LOOP ( 'NONE', ( #5065, #7570, #5125, #8091 ) ) ;
#154 = CARTESIAN_POINT ( 'NONE',  ( -10.43261184457493940, -10.10000000000000675, -29.19238815542516718 ) ) ;
#155 = EDGE_CURVE ( 'NONE', #2769, #7377, #1742, .T. ) ;
#156 = DIRECTION ( 'NONE',  ( 0.000000000000000000, 0.000000000000000000, -1.000000000000000000 ) ) ;
#157 = DIRECTION ( 'NONE',  ( 0.000000000000000000, -0.000000000000000000, 1.000000000000000000 ) ) ;
#158 = EDGE_CURVE ( 'NONE', #338, #5169, #8355, .T. ) ;
#159 = CARTESIAN_POINT ( 'NONE',  ( -3.332611844574774107, -10.10000000000000320, -22.09238815542508050 ) ) ;
#160 = CARTESIAN_POINT ( 'NONE',  ( -11.28428720788428130, -11.23512192512998809, -37.48930927330765428 ) ) ;
#161 = FACE_OUTER_BOUND ( 'NONE', #3935, .T. ) ;
#162 = FACE_OUTER_BOUND ( 'NONE', #5312, .T. ) ;
#163 = CARTESIAN_POINT ( 'NONE',  ( -16.57500000000001350, 5.250000000000000000, 23.10000000000000853 ) ) ;
#164 = ORIENTED_EDGE ( 'NONE', *, *, #955, .T. ) ;
#165 = ORIENTED_EDGE ( 'NONE', *, *, #3671, .F. ) ;
#166 = CIRCLE ( 'NONE', #2254, 1.049999999999998934 ) ;
#167 = VERTEX_POINT ( 'NONE', #6653 ) ;
#168 = CARTESIAN_POINT ( 'NONE',  ( -10.37500000000000888, 11.14377800664151330, 3.117081245895825248E-15 ) ) ;
#169 = LINE ( 'NONE', #6575, #5531 ) ;
#170 = AXIS2_PLACEMENT_3D ( 'NONE', #3305, #6818, #2423 ) ;
#171 = FACE_OUTER_BOUND ( 'NONE', #2785, .T. ) ;
#172 = CARTESIAN_POINT ( 'NONE',  ( 22.30353051211311666, -12.53698625955261470, -21.14382711644890023 ) ) ;
#173 = CARTESIAN_POINT ( 'NONE',  ( 7.829014785873203763, 15.63421494571413639, -25.00000000000000000 ) ) ;
#174 = AXIS2_PLACEMENT_3D ( 'NONE', #6613, #5201, #3609 ) ;
#175 = ADVANCED_FACE ( 'NONE', ( #1089 ), #5949, .T. ) ;
#176 = ORIENTED_EDGE ( 'NONE', *, *, #4209, .F. ) ;
#177 = ORIENTED_EDGE ( 'NONE', *, *, #1695, .T. ) ;
#178 = ADVANCED_FACE ( 'NONE', ( #8128 ), #6791, .F. ) ;
#179 = CARTESIAN_POINT ( 'NONE',  ( 24.84746962085979050, 11.32575236365476989, 5.854691731421723155E-15 ) ) ;
#180 = LINE ( 'NONE', #42, #1161 ) ;
#181 = FACE_BOUND ( 'NONE', #7817, .T. ) ;
#182 = DIRECTION ( 'NONE',  ( 0.000000000000000000, -8.673617379884033007E-17, -1.000000000000000000 ) ) ;
#183 = AXIS2_PLACEMENT_3D ( 'NONE', #2980, #1579, #3462 ) ;
#184 = CARTESIAN_POINT ( 'NONE',  ( -25.68100743404484376, 10.59159834352326435, 0.2958721078051985698 ) ) ;
#185 = CARTESIAN_POINT ( 'NONE',  ( 13.13744632142985935, 13.49906635955071899, -26.00000000000000355 ) ) ;
#186 = VERTEX_POINT ( 'NONE', #2400 ) ;
#187 = CYLINDRICAL_SURFACE ( 'NONE', #758, 1.049999999999995381 ) ;
#188 = ORIENTED_EDGE ( 'NONE', *, *, #8120, .F. ) ;
#189 = EDGE_LOOP ( 'NONE', ( #9032, #8654 ) ) ;
#190 = AXIS2_PLACEMENT_3D ( 'NONE', #8568, #3758, #736 ) ;
#191 =( BOUNDED_CURVE ( )  B_SPLINE_CURVE ( 3, ( #5822, #7955, #4400, #3708 ),
 .UNSPECIFIED., .F., .T. ) 
 B_SPLINE_CURVE_WITH_KNOTS ( ( 4, 4 ),
 ( 1.291176917018845183, 1.295675850083358727 ),
 .UNSPECIFIED. ) 
 CURVE ( )  GEOMETRIC_REPRESENTATION_ITEM ( )  RATIONAL_B_SPLINE_CURVE ( ( 1.000000000000000000, 0.9999983133008178982, 0.9999983133008178982, 1.000000000000000000 ) ) 
 REPRESENTATION_ITEM ( '' )  );
#192 = ORIENTED_EDGE ( 'NONE', *, *, #3463, .F. ) ;
#193 = CARTESIAN_POINT ( 'NONE',  ( 26.62499999999999645, -8.475437166659961719, 0.7622825995553114131 ) ) ;
#194 = CARTESIAN_POINT ( 'NONE',  ( -26.58130259014061281, 7.999999999999992895, 1.321357987355054053 ) ) ;
#195 = AXIS2_PLACEMENT_3D ( 'NONE', #1337, #5767, #4216 ) ;
#196 = CARTESIAN_POINT ( 'NONE',  ( 8.146391208199883494, 14.82949011522919847, -15.00000000000000000 ) ) ;
#197 = ADVANCED_FACE ( 'NONE', ( #1046 ), #385, .F. ) ;
#198 = DIRECTION ( 'NONE',  ( 1.000000000000000000, 0.000000000000000000, 2.881657216719182496E-16 ) ) ;
#199 = DIRECTION ( 'NONE',  ( -0.000000000000000000, 1.000000000000000000, -0.000000000000000000 ) ) ;
#200 = CARTESIAN_POINT ( 'NONE',  ( -22.65759777878695402, 1.619595112534047310, 20.28720642041588107 ) ) ;
#201 = CIRCLE ( 'NONE', #2141, 4.000000000000000000 ) ;
#202 = ORIENTED_EDGE ( 'NONE', *, *, #3723, .F. ) ;
#203 = LINE ( 'NONE', #15, #9137 ) ;
#204 = PLANE ( 'NONE',  #6309 ) ;
#205 = CARTESIAN_POINT ( 'NONE',  ( -24.86337054842025651, -7.399999999999996803, 8.471193762254687343 ) ) ;
#206 = DIRECTION ( 'NONE',  ( -1.000000000000000000, -1.292857237214521664E-16, 0.000000000000000000 ) ) ;
#207 = DIRECTION ( 'NONE',  ( -0.7071067811865431318, 5.275848315469710179E-17, 0.7071067811865520136 ) ) ;
#208 = CARTESIAN_POINT ( 'NONE',  ( -13.96814575050770024, -14.95551785225861252, -32.72792206135788717 ) ) ;
#209 = EDGE_CURVE ( 'NONE', #4149, #7342, #1764, .T. ) ;
#210 = EDGE_CURVE ( 'NONE', #8281, #7645, #9212, .T. ) ;
#211 = ORIENTED_EDGE ( 'NONE', *, *, #5295, .T. ) ;
#212 = ORIENTED_EDGE ( 'NONE', *, *, #7923, .F. ) ;
#213 = B_SPLINE_CURVE_WITH_KNOTS ( 'NONE', 3,
 ( #7376, #5843, #4518, #7326 ),
 .UNSPECIFIED., .F., .F.,
 ( 4, 4 ),
 ( 1.873802550893132818E-18, 0.001216714240924996349 ),
 .UNSPECIFIED. ) ;
#214 = ORIENTED_EDGE ( 'NONE', *, *, #872, .T. ) ;
#215 = CARTESIAN_POINT ( 'NONE',  ( -26.62499999999999645, 15.00000000000000000, -3.999999999999996447 ) ) ;
#216 = CARTESIAN_POINT ( 'NONE',  ( 20.95719630414394175, 12.69483567804421931, -23.95265141042282409 ) ) ;
#217 = DIRECTION ( 'NONE',  ( -1.000000000000000000, 0.000000000000000000, 0.000000000000000000 ) ) ;
#218 = CARTESIAN_POINT ( 'NONE',  ( 20.62499999999998934, 5.250000000000000000, 22.05000000000002558 ) ) ;
#219 = VECTOR ( 'NONE', #7417, 1000.000000000000000 ) ;
#220 = ORIENTED_EDGE ( 'NONE', *, *, #3663, .F. ) ;
#221 = ORIENTED_EDGE ( 'NONE', *, *, #7825, .T. ) ;
#222 = LINE ( 'NONE', #5971, #3965 ) ;
#223 = DIRECTION ( 'NONE',  ( -0.000000000000000000, -0.000000000000000000, -1.000000000000000000 ) ) ;
#224 = LINE ( 'NONE', #5176, #3014 ) ;
#225 = EDGE_CURVE ( 'NONE', #4006, #1007, #571, .T. ) ;
#226 = LINE ( 'NONE', #2425, #2456 ) ;
#227 = CARTESIAN_POINT ( 'NONE',  ( -24.54423707532178867, 11.52036079404442503, -0.8401202646812767627 ) ) ;
#228 = FACE_OUTER_BOUND ( 'NONE', #2877, .T. ) ;
#229 = ORIENTED_EDGE ( 'NONE', *, *, #8124, .T. ) ;
#230 = CARTESIAN_POINT ( 'NONE',  ( 12.18901301795888337, -11.99999999999999467, 0.8290518663173261915 ) ) ;
#231 = ORIENTED_EDGE ( 'NONE', *, *, #8997, .T. ) ;
#232 = ORIENTED_EDGE ( 'NONE', *, *, #8075, .F. ) ;
#233 = ORIENTED_EDGE ( 'NONE', *, *, #2768, .T. ) ;
#234 = CARTESIAN_POINT ( 'NONE',  ( -0.1292320184959590279, 15.15491918092031476, -25.04014558476708174 ) ) ;
#235 = CARTESIAN_POINT ( 'NONE',  ( 20.62499999999998934, -2.624999999999998668, 16.55336663013171616 ) ) ;
#236 = DIRECTION ( 'NONE',  ( -1.000000000000000000, 0.000000000000000000, 0.000000000000000000 ) ) ;
#237 = VECTOR ( 'NONE', #30, 1000.000000000000000 ) ;
#238 = CARTESIAN_POINT ( 'NONE',  ( -19.81321016069791341, -11.00011313334739782, 2.602085213965210642E-15 ) ) ;
#239 = CARTESIAN_POINT ( 'NONE',  ( 9.675000000000004263, -10.09999999999999609, 13.64553149005147326 ) ) ;
#240 = CARTESIAN_POINT ( 'NONE',  ( 20.62499999999998934, 5.250000000000000000, 23.10000000000002274 ) ) ;
#241 = CIRCLE ( 'NONE', #1441, 47.90277777777828305 ) ;
#242 = DIRECTION ( 'NONE',  ( 0.000000000000000000, 0.000000000000000000, 1.000000000000000000 ) ) ;
#243 = EDGE_LOOP ( 'NONE', ( #4519, #2733, #6298, #1832, #6980 ) ) ;
#244 = EDGE_CURVE ( 'NONE', #2131, #7645, #5950, .T. ) ;
#245 = CIRCLE ( 'NONE', #1442, 21.00000000000000355 ) ;
#246 = ORIENTED_EDGE ( 'NONE', *, *, #6388, .T. ) ;
#247 = EDGE_CURVE ( 'NONE', #3043, #1204, #5811, .T. ) ;
#248 = DIRECTION ( 'NONE',  ( 1.000000000000000000, -0.000000000000000000, 2.881657216719182496E-16 ) ) ;
#249 = CARTESIAN_POINT ( 'NONE',  ( -26.62499999999999289, 15.00000000000000000, 4.336808689942017736E-15 ) ) ;
#250 = VECTOR ( 'NONE', #4334, 1000.000000000000000 ) ;
#251 = DIRECTION ( 'NONE',  ( 0.7071067811865435759, 0.000000000000000000, -0.7071067811865514585 ) ) ;
#252 = CARTESIAN_POINT ( 'NONE',  ( 3.570122197767650718, 15.25135460600989212, -15.00000000000000000 ) ) ;
#253 = PLANE ( 'NONE',  #2317 ) ;
#254 = DIRECTION ( 'NONE',  ( 1.000000000000000000, -0.000000000000000000, 2.881657216719182496E-16 ) ) ;
#255 = ADVANCED_FACE ( 'NONE', ( #3651 ), #6516, .T. ) ;
#256 = ADVANCED_FACE ( 'NONE', ( #4536 ), #8789, .F. ) ;
#257 = AXIS2_PLACEMENT_3D ( 'NONE', #2706, #4797, #4898 ) ;
#258 = ORIENTED_EDGE ( 'NONE', *, *, #7851, .F. ) ;
#259 = ORIENTED_EDGE ( 'NONE', *, *, #2889, .F. ) ;
#260 = ORIENTED_EDGE ( 'NONE', *, *, #2482, .T. ) ;
#261 = EDGE_CURVE ( 'NONE', #1007, #2119, #1603, .T. ) ;
#262 = CARTESIAN_POINT ( 'NONE',  ( 16.62499999999998934, -7.000000000000000000, 13.50000000000000178 ) ) ;
#263 = CARTESIAN_POINT ( 'NONE',  ( -17.22329836870004272, 14.99248877335511310, -38.21409733315979196 ) ) ;
#264 = DIRECTION ( 'NONE',  ( -0.000000000000000000, 1.000000000000000000, -0.000000000000000000 ) ) ;
#265 = DIRECTION ( 'NONE',  ( 4.545467561349941111E-15, -6.684511119632265904E-17, -1.000000000000000000 ) ) ;
#266 = EDGE_CURVE ( 'NONE', #6189, #2783, #904, .T. ) ;
#267 = CARTESIAN_POINT ( 'NONE',  ( -26.45999999999998664, 8.000000000000000000, -37.79999999999998295 ) ) ;
#268 = EDGE_CURVE ( 'NONE', #4905, #2640, #8740, .T. ) ;
#269 = ORIENTED_EDGE ( 'NONE', *, *, #3912, .F. ) ;
#270 = ORIENTED_EDGE ( 'NONE', *, *, #1283, .T. ) ;
#271 = AXIS2_PLACEMENT_3D ( 'NONE', #1308, #2000, #4709 ) ;
#272 = CARTESIAN_POINT ( 'NONE',  ( 26.62499999999999645, 15.00000000000000000, 5.204170427930421283E-15 ) ) ;
#273 = CARTESIAN_POINT ( 'NONE',  ( -25.69650844154545410, 11.63373854912748229, -0.8779128497091522876 ) ) ;
#274 = AXIS2_PLACEMENT_3D ( 'NONE', #1364, #4996, #1457 ) ;
#275 = CARTESIAN_POINT ( 'NONE',  ( -10.37500000000001243, -14.88096929338442287, -3.735845084204279853 ) ) ;
#276 = DIRECTION ( 'NONE',  ( 0.000000000000000000, 0.000000000000000000, -1.000000000000000000 ) ) ;
#277 = CARTESIAN_POINT ( 'NONE',  ( -22.62256308275782501, 12.68377223398315579, -1.227924077994376972 ) ) ;
#278 = CARTESIAN_POINT ( 'NONE',  ( 12.22901478587320234, 14.55519494403440994, -25.00000000000000000 ) ) ;
#279 = AXIS2_PLACEMENT_3D ( 'NONE', #2212, #2817, #2953 ) ;
#280 = EDGE_LOOP ( 'NONE', ( #8023, #7035 ) ) ;
#281 = DIRECTION ( 'NONE',  ( -1.000000000000000000, -0.000000000000000000, -2.881657216719182496E-16 ) ) ;
#282 = ORIENTED_EDGE ( 'NONE', *, *, #1237, .F. ) ;
#283 = VECTOR ( 'NONE', #1277, 1000.000000000000000 ) ;
#284 = VERTEX_POINT ( 'NONE', #3743 ) ;
#285 = CARTESIAN_POINT ( 'NONE',  ( -24.62499999999998934, -8.000000000000000000, -33.09999999999998721 ) ) ;
#286 = LINE ( 'NONE', #5045, #8449 ) ;
#287 = CARTESIAN_POINT ( 'NONE',  ( 12.67500000000000604, -10.09999999999999609, -29.70912988903497265 ) ) ;
#288 = CARTESIAN_POINT ( 'NONE',  ( -24.62499999999998934, -8.000000000000000000, -37.79999999999998295 ) ) ;
#289 = CARTESIAN_POINT ( 'NONE',  ( -26.84991221830399866, -11.99999999999999822, 6.505745400281707447 ) ) ;
#290 = CARTESIAN_POINT ( 'NONE',  ( 23.53655509980459115, -12.38914736421609675, -1.349419396013253774E-12 ) ) ;
#291 = DIRECTION ( 'NONE',  ( 1.000000000000000000, -0.000000000000000000, 2.881657216719182496E-16 ) ) ;
#292 = EDGE_LOOP ( 'NONE', ( #9116, #5770, #5480, #3994 ) ) ;
#293 = ORIENTED_EDGE ( 'NONE', *, *, #6577, .T. ) ;
#294 = CARTESIAN_POINT ( 'NONE',  ( -10.37500000000001243, 14.88096929326675166, -10.00000000000000000 ) ) ;
#295 = CARTESIAN_POINT ( 'NONE',  ( -19.81321016069850671, 11.00011313334739604, 2.602085213965210642E-15 ) ) ;
#296 = EDGE_CURVE ( 'NONE', #6330, #8834, #5199, .T. ) ;
#297 = CARTESIAN_POINT ( 'NONE',  ( 7.829014785873203763, 14.78421494571413852, -14.98620650402077992 ) ) ;
#298 = CARTESIAN_POINT ( 'NONE',  ( 5.029014785873203053, 19.28421494571414030, -25.00000000000000000 ) ) ;
#299 = CARTESIAN_POINT ( 'NONE',  ( 1.246912619490197383, 12.10000000000000675, -32.41642022523458166 ) ) ;
#300 = FACE_BOUND ( 'NONE', #7389, .T. ) ;
#301 = ADVANCED_FACE ( 'NONE', ( #5246 ), #6278, .T. ) ;
#302 = ORIENTED_EDGE ( 'NONE', *, *, #6844, .F. ) ;
#303 = VERTEX_POINT ( 'NONE', #3878 ) ;
#304 = ORIENTED_EDGE ( 'NONE', *, *, #494, .F. ) ;
#305 = CARTESIAN_POINT ( 'NONE',  ( 20.62499999999998934, 2.624999999999998668, 16.55336663013171972 ) ) ;
#306 = CARTESIAN_POINT ( 'NONE',  ( 3.486771986980423677, 14.26187129167566603, -33.72724101192204671 ) ) ;
#307 = PLANE ( 'NONE',  #6885 ) ;
#308 = DIRECTION ( 'NONE',  ( -0.000000000000000000, -0.000000000000000000, 1.000000000000000000 ) ) ;
#309 = CARTESIAN_POINT ( 'NONE',  ( -1.044788399533250089, -13.53871207541373600, -35.17835735153467880 ) ) ;
#310 = DIRECTION ( 'NONE',  ( 0.000000000000000000, -1.000000000000000000, 0.000000000000000000 ) ) ;
#311 = VECTOR ( 'NONE', #2386, 1000.000000000000000 ) ;
#312 = ADVANCED_FACE ( 'NONE', ( #4719 ), #340, .T. ) ;
#313 = ORIENTED_EDGE ( 'NONE', *, *, #8802, .T. ) ;
#314 = ORIENTED_EDGE ( 'NONE', *, *, #5494, .F. ) ;
#315 = VECTOR ( 'NONE', #7219, 1000.000000000000000 ) ;
#316 = DIRECTION ( 'NONE',  ( 0.000000000000000000, 0.9486832980505135460, -0.3162277660168385518 ) ) ;
#317 = CARTESIAN_POINT ( 'NONE',  ( -24.62499999999998934, -8.000000000000000000, -37.79999999999998295 ) ) ;
#318 = CARTESIAN_POINT ( 'NONE',  ( -10.37500000000001066, -11.91455144009152889, -0.1273429319144548100 ) ) ;
#319 = AXIS2_PLACEMENT_3D ( 'NONE', #1546, #4377, #942 ) ;
#320 = FACE_OUTER_BOUND ( 'NONE', #4240, .T. ) ;
#321 = CARTESIAN_POINT ( 'NONE',  ( -25.18930712855252452, 11.98905772928349478, -0.9963525764278243768 ) ) ;
#322 = DIRECTION ( 'NONE',  ( -0.3401922683575352435, -0.000000000000000000, -0.9403559010022508602 ) ) ;
#323 = EDGE_CURVE ( 'NONE', #4453, #4287, #4411, .T. ) ;
#324 = ORIENTED_EDGE ( 'NONE', *, *, #6844, .T. ) ;
#325 = LINE ( 'NONE', #934, #8054 ) ;
#326 = ORIENTED_EDGE ( 'NONE', *, *, #7678, .F. ) ;
#327 = EDGE_CURVE ( 'NONE', #673, #4196, #2362, .T. ) ;
#328 = EDGE_LOOP ( 'NONE', ( #2523, #4616 ) ) ;
#329 = CARTESIAN_POINT ( 'NONE',  ( 13.22901478587320412, 14.49486514259852399, -20.00000000000000000 ) ) ;
#330 = CARTESIAN_POINT ( 'NONE',  ( -24.62499999999998934, -8.000000000000000000, -33.09999999999998721 ) ) ;
#331 = CARTESIAN_POINT ( 'NONE',  ( -22.73420435010839569, -0.7264966771845622340, 19.19589186190702890 ) ) ;
#332 = LINE ( 'NONE', #8073, #4892 ) ;
#333 = DIRECTION ( 'NONE',  ( 2.881657216719182496E-16, 0.000000000000000000, -1.000000000000000000 ) ) ;
#334 = CARTESIAN_POINT ( 'NONE',  ( 23.40491147473573719, -11.92809943218409074, 0.8512532158569687812 ) ) ;
#335 = VECTOR ( 'NONE', #521, 1000.000000000000000 ) ;
#336 = CARTESIAN_POINT ( 'NONE',  ( -22.69075646189985207, 1.032303338381006741, 19.77005136945829733 ) ) ;
#337 = ORIENTED_EDGE ( 'NONE', *, *, #7740, .F. ) ;
#338 = VERTEX_POINT ( 'NONE', #9014 ) ;
#339 = DIRECTION ( 'NONE',  ( 0.000000000000000000, -0.000000000000000000, 1.000000000000000000 ) ) ;
#340 = PLANE ( 'NONE',  #2654 ) ;
#341 = DIRECTION ( 'NONE',  ( 1.000000000000000000, 0.000000000000000000, 2.881657216719182496E-16 ) ) ;
#342 = LINE ( 'NONE', #8184, #2064 ) ;
#343 = EDGE_CURVE ( 'NONE', #7217, #4113, #2670, .T. ) ;
#344 = FACE_OUTER_BOUND ( 'NONE', #1360, .T. ) ;
#345 = VECTOR ( 'NONE', #7938, 1000.000000000000000 ) ;
#346 = CARTESIAN_POINT ( 'NONE',  ( 7.829014785873203763, 15.63421494571413639, -25.00000000000000000 ) ) ;
#347 = ADVANCED_FACE ( 'NONE', ( #2580 ), #5426, .F. ) ;
#348 = ORIENTED_EDGE ( 'NONE', *, *, #6103, .F. ) ;
#349 = ORIENTED_EDGE ( 'NONE', *, *, #1131, .T. ) ;
#350 = VERTEX_POINT ( 'NONE', #6841 ) ;
#351 = CARTESIAN_POINT ( 'NONE',  ( 7.675000000000004263, 7.200000000000004619, -9.849999999999983658 ) ) ;
#352 = CARTESIAN_POINT ( 'NONE',  ( -19.62500000000000000, 15.00000000000000000, -38.29999999999999005 ) ) ;
#353 = PLANE ( 'NONE',  #1805 ) ;
#354 = B_SPLINE_CURVE_WITH_KNOTS ( 'NONE', 3,
 ( #3732, #2297, #7240, #5283, #1730, #2947, #1037, #287 ),
 .UNSPECIFIED., .F., .F.,
 ( 4, 2, 2, 4 ),
 ( 0.000000000000000000, 0.003752517450767894718, 0.007505034901535787700, 0.01501006980307156846 ),
 .UNSPECIFIED. ) ;
#355 = CARTESIAN_POINT ( 'NONE',  ( -26.62499999999998934, -7.100000000000002309, -33.09999999999998010 ) ) ;
#356 = CARTESIAN_POINT ( 'NONE',  ( -10.20392200761121337, -13.88824220876266224, -37.33602832717026843 ) ) ;
#357 = CARTESIAN_POINT ( 'NONE',  ( -10.62712255461673649, -12.09999999999999964, -35.34377173803619598 ) ) ;
#358 = VERTEX_POINT ( 'NONE', #4763 ) ;
#359 = VERTEX_POINT ( 'NONE', #8884 ) ;
#360 = EDGE_CURVE ( 'NONE', #2598, #4314, #2538, .T. ) ;
#361 = DIRECTION ( 'NONE',  ( -1.000000000000000000, -0.000000000000000000, -2.881657216719182496E-16 ) ) ;
#362 = DIRECTION ( 'NONE',  ( -0.000000000000000000, -0.000000000000000000, 1.000000000000000000 ) ) ;
#363 = DIRECTION ( 'NONE',  ( 1.000000000000000000, -0.000000000000000000, 2.881657216719182496E-16 ) ) ;
#364 = FACE_OUTER_BOUND ( 'NONE', #4135, .T. ) ;
#365 = CARTESIAN_POINT ( 'NONE',  ( -22.60870029608763332, -6.137203034622972453, 21.30276141346818974 ) ) ;
#366 = CIRCLE ( 'NONE', #4533, 2.000000000000001776 ) ;
#367 = DIRECTION ( 'NONE',  ( -0.7071067811865514585, -3.693093820828751951E-16, -0.7071067811865435759 ) ) ;
#368 = ORIENTED_EDGE ( 'NONE', *, *, #816, .F. ) ;
#369 = LINE ( 'NONE', #6028, #3437 ) ;
#370 = EDGE_CURVE ( 'NONE', #2256, #8292, #8265, .T. ) ;
#371 = VERTEX_POINT ( 'NONE', #7573 ) ;
#372 = ORIENTED_EDGE ( 'NONE', *, *, #1731, .F. ) ;
#373 = CARTESIAN_POINT ( 'NONE',  ( -22.62256308275783212, -11.99999999999999645, -0.9999999999999906741 ) ) ;
#374 = VECTOR ( 'NONE', #8648, 1000.000000000000000 ) ;
#375 = LINE ( 'NONE', #6032, #7414 ) ;
#376 = PLANE ( 'NONE',  #4939 ) ;
#377 = CARTESIAN_POINT ( 'NONE',  ( -13.57500000000001172, -8.103426060940032372, 5.341209296556021613 ) ) ;
#378 = CARTESIAN_POINT ( 'NONE',  ( -22.66637166253893909, -3.847242350083682982, 20.14181336948905354 ) ) ;
#379 = EDGE_CURVE ( 'NONE', #3788, #8381, #3326, .T. ) ;
#380 = DIRECTION ( 'NONE',  ( -1.000000000000000000, -0.000000000000000000, -0.000000000000000000 ) ) ;
#381 = LINE ( 'NONE', #1042, #6701 ) ;
#382 = EDGE_LOOP ( 'NONE', ( #2899, #460, #1657, #5997 ) ) ;
#383 = EDGE_LOOP ( 'NONE', ( #2544, #231, #8405, #2228, #731 ) ) ;
#384 = ORIENTED_EDGE ( 'NONE', *, *, #7995, .T. ) ;
#385 = PLANE ( 'NONE',  #6845 ) ;
#386 = DIRECTION ( 'NONE',  ( -1.000000000000000000, -0.000000000000000000, -2.881657216719182496E-16 ) ) ;
#387 = CARTESIAN_POINT ( 'NONE',  ( -26.62499999999999645, 9.598315762216030222, 8.415558119512318463E-15 ) ) ;
#388 = VECTOR ( 'NONE', #4623, 1000.000000000000114 ) ;
#389 = DIRECTION ( 'NONE',  ( 1.000000000000000000, 0.000000000000000000, 2.881657216719182496E-16 ) ) ;
#390 = AXIS2_PLACEMENT_3D ( 'NONE', #2148, #5037, #746 ) ;
#391 = DIRECTION ( 'NONE',  ( 2.164016633576080887E-32, -1.000000000000000000, -7.509625437129028195E-17 ) ) ;
#392 = CYLINDRICAL_SURFACE ( 'NONE', #8844, 1.000000000000000888 ) ;
#393 = AXIS2_PLACEMENT_3D ( 'NONE', #8472, #4832, #4040 ) ;
#394 = ORIENTED_EDGE ( 'NONE', *, *, #5111, .F. ) ;
#395 = VERTEX_POINT ( 'NONE', #8181 ) ;
#396 = VECTOR ( 'NONE', #5889, 1000.000000000000000 ) ;
#397 = ORIENTED_EDGE ( 'NONE', *, *, #1791, .T. ) ;
#398 = CARTESIAN_POINT ( 'NONE',  ( 26.62499999999999645, 15.00000000000000000, 5.147263975624272985E-15 ) ) ;
#399 = CARTESIAN_POINT ( 'NONE',  ( 17.70413376852268428, 13.05028767881759499, -26.60709739958651809 ) ) ;
#400 = DIRECTION ( 'NONE',  ( 0.000000000000000000, -1.000000000000000000, 0.000000000000000000 ) ) ;
#401 = CARTESIAN_POINT ( 'NONE',  ( -13.57500000000000995, -12.68377223398315934, -1.227924077994376972 ) ) ;
#402 = CARTESIAN_POINT ( 'NONE',  ( -14.87082891480471858, -13.97186769165345765, -38.00473614811676271 ) ) ;
#403 = CARTESIAN_POINT ( 'NONE',  ( -16.57500000000001350, 2.624999999999995559, 27.64663336986831510 ) ) ;
#404 = VECTOR ( 'NONE', #3898, 1000.000000000000000 ) ;
#405 = ORIENTED_EDGE ( 'NONE', *, *, #1039, .F. ) ;
#406 = VERTEX_POINT ( 'NONE', #4019 ) ;
#407 = EDGE_LOOP ( 'NONE', ( #3220, #7920, #3150, #8022 ) ) ;
#408 = VECTOR ( 'NONE', #7195, 1000.000000000000000 ) ;
#409 = CARTESIAN_POINT ( 'NONE',  ( -19.62499999999999645, 15.00000000000000000, -39.29999999999999005 ) ) ;
#410 = DIRECTION ( 'NONE',  ( 0.000000000000000000, 0.000000000000000000, -1.000000000000000000 ) ) ;
#411 = DIRECTION ( 'NONE',  ( -1.000000000000000000, 0.000000000000000000, 0.000000000000000000 ) ) ;
#412 = CARTESIAN_POINT ( 'NONE',  ( -27.57788777643995104, 7.637868319064653910, 0.4540438936451258733 ) ) ;
#413 = CARTESIAN_POINT ( 'NONE',  ( -13.96814575050769847, 14.95551785225861252, -32.72792206135788717 ) ) ;
#414 = ADVANCED_FACE ( 'NONE', ( #1786 ), #434, .F. ) ;
#415 = VERTEX_POINT ( 'NONE', #7482 ) ;
#416 = EDGE_LOOP ( 'NONE', ( #6923, #8188, #7887, #1769 ) ) ;
#417 = VECTOR ( 'NONE', #3404, 1000.000000000000114 ) ;
#418 = AXIS2_PLACEMENT_3D ( 'NONE', #2205, #6459, #5701 ) ;
#419 = ORIENTED_EDGE ( 'NONE', *, *, #360, .T. ) ;
#420 = CARTESIAN_POINT ( 'NONE',  ( -26.84991221830399866, -8.768250222726479137, 5.088209185381279198 ) ) ;
#421 = FACE_OUTER_BOUND ( 'NONE', #4300, .T. ) ;
#422 = CARTESIAN_POINT ( 'NONE',  ( -26.62499999999999645, -10.67871917582953678, -0.5595730586098370818 ) ) ;
#423 = DIRECTION ( 'NONE',  ( 0.000000000000000000, 0.000000000000000000, -1.000000000000000000 ) ) ;
#424 = EDGE_CURVE ( 'NONE', #5278, #8328, #6399, .T. ) ;
#425 = CIRCLE ( 'NONE', #6849, 2.000000000000001776 ) ;
#426 = CARTESIAN_POINT ( 'NONE',  ( -16.57500000000001350, 2.624999999999995559, 26.59663336986832149 ) ) ;
#427 = CARTESIAN_POINT ( 'NONE',  ( -10.37500000000001243, -15.00000000000000000, -10.00000000000000000 ) ) ;
#428 = CARTESIAN_POINT ( 'NONE',  ( -20.86429499722575187, -10.09999999999999609, -8.433895038112627418 ) ) ;
#429 = AXIS2_PLACEMENT_3D ( 'NONE', #4075, #4032, #8985 ) ;
#430 = ADVANCED_FACE ( 'NONE', ( #6927 ), #520, .F. ) ;
#431 = ORIENTED_EDGE ( 'NONE', *, *, #2325, .T. ) ;
#432 = EDGE_LOOP ( 'NONE', ( #4099, #923 ) ) ;
#433 = EDGE_LOOP ( 'NONE', ( #7307, #3095, #5847, #1781 ) ) ;
#434 = CYLINDRICAL_SURFACE ( 'NONE', #4590, 2.000000000000001776 ) ;
#435 = EDGE_CURVE ( 'NONE', #6237, #1124, #5988, .T. ) ;
#436 = LINE ( 'NONE', #3416, #7492 ) ;
#437 = TOROIDAL_SURFACE ( 'NONE', #4901, 51.90277777777828305, 4.000000000000000000 ) ;
#438 = CARTESIAN_POINT ( 'NONE',  ( -26.62499999999999645, 15.00000000000000000, -3.999999999999996447 ) ) ;
#439 = FACE_OUTER_BOUND ( 'NONE', #4904, .T. ) ;
#440 = DIRECTION ( 'NONE',  ( 1.000000000000000000, 0.000000000000000000, 2.881657216719182496E-16 ) ) ;
#441 = B_SPLINE_CURVE_WITH_KNOTS ( 'NONE', 3,
 ( #5595, #9188, #2703, #4092, #9235, #2796, #7091, #2656, #4278, #5691, #5505, #2096, #742, #4793, #7650, #6959, #6262, #3674, #6583, #5784, #5737, #2281, #7922, #7878, #3071, #5033, #5926, #925, #3767, #2936, #2330, #6537, #6630, #8764, #7965, #1489 ),
 .UNSPECIFIED., .F., .F.,
 ( 4, 2, 2, 2, 2, 2, 2, 2, 2, 2, 2, 2, 2, 2, 2, 2, 2, 4 ),
 ( -5.999999999621633817E-08, 0.0008737595454159591355, 0.001747579090831914445, 0.003495218181663825065, 0.006990496363327652375, 0.01398105272665530092, 0.02097160908998295034, 0.02796216545331059802, 0.03495272181663824917, 0.03844799999830206261, 0.04019563908913398320, 0.04194327817996589686, 0.04543855636162971029, 0.04718619545246162394, 0.04893383454329353760, 0.05068147363412545126, 0.05242911272495735797, 0.05592439090662119222 ),
 .UNSPECIFIED. ) ;
#442 = ADVANCED_FACE ( 'NONE', ( #8492 ), #4105, .T. ) ;
#443 = ORIENTED_EDGE ( 'NONE', *, *, #462, .T. ) ;
#444 = EDGE_CURVE ( 'NONE', #6437, #794, #4907, .T. ) ;
#445 = EDGE_LOOP ( 'NONE', ( #6547, #5136, #8513, #232 ) ) ;
#446 = CARTESIAN_POINT ( 'NONE',  ( 7.129014785873204474, 19.28421494571414030, -25.00000000000000000 ) ) ;
#447 = CARTESIAN_POINT ( 'NONE',  ( -21.05653770288402882, 8.434924871185865314, -39.29999999999999005 ) ) ;
#448 = DIRECTION ( 'NONE',  ( 2.820600425940548900E-49, -7.509625437129028195E-17, 1.000000000000000000 ) ) ;
#449 = CARTESIAN_POINT ( 'NONE',  ( -19.01692035916889623, -14.99999999997368860, -38.29999999705319880 ) ) ;
#450 = CARTESIAN_POINT ( 'NONE',  ( 22.56627866080126310, -12.50566558229481195, 0.000000000000000000 ) ) ;
#451 = EDGE_LOOP ( 'NONE', ( #3343, #498, #7581, #8113 ) ) ;
#452 = ORIENTED_EDGE ( 'NONE', *, *, #1272, .T. ) ;
#453 = VERTEX_POINT ( 'NONE', #2107 ) ;
#454 = CARTESIAN_POINT ( 'NONE',  ( -10.37500000000001243, -15.00000000000000000, -10.00000000000000000 ) ) ;
#455 = CARTESIAN_POINT ( 'NONE',  ( 26.62499999999999645, 15.00000000000000000, 5.204170427930421283E-15 ) ) ;
#456 = DIRECTION ( 'NONE',  ( 1.000000000000000000, -0.000000000000000000, 2.881657216719182496E-16 ) ) ;
#457 = CARTESIAN_POINT ( 'NONE',  ( -26.84991221830399866, -8.768250222726479137, 6.088209185381280975 ) ) ;
#458 = ADVANCED_FACE ( 'NONE', ( #4952, #3554 ), #3414, .T. ) ;
#459 = CARTESIAN_POINT ( 'NONE',  ( 17.62499999999998934, 0.000000000000000000, 23.10000000000001918 ) ) ;
#460 = ORIENTED_EDGE ( 'NONE', *, *, #646, .T. ) ;
#461 = ORIENTED_EDGE ( 'NONE', *, *, #9162, .F. ) ;
#462 = EDGE_CURVE ( 'NONE', #3764, #3527, #719, .T. ) ;
#463 = VERTEX_POINT ( 'NONE', #7798 ) ;
#464 = CIRCLE ( 'NONE', #5079, 1.834999999999999742 ) ;
#465 = DIRECTION ( 'NONE',  ( -1.765621858500567205E-16, -0.000000000000000000, 1.000000000000000000 ) ) ;
#466 = ADVANCED_FACE ( 'NONE', ( #1409 ), #4198, .F. ) ;
#467 = CARTESIAN_POINT ( 'NONE',  ( 22.62499999999999645, -11.99999999999999645, 1.000000000000005329 ) ) ;
#468 = CARTESIAN_POINT ( 'NONE',  ( -23.16053390593275196, -10.09999999999999076, -23.53553390593271288 ) ) ;
#469 = VECTOR ( 'NONE', #8861, 1000.000000000000000 ) ;
#470 = DIRECTION ( 'NONE',  ( 2.891205793294679805E-16, 0.000000000000000000, -1.000000000000000000 ) ) ;
#471 = DIRECTION ( 'NONE',  ( 1.000000000000000000, 0.000000000000000000, 0.000000000000000000 ) ) ;
#472 = DIRECTION ( 'NONE',  ( -1.000000000000000000, 0.000000000000000000, 0.000000000000000000 ) ) ;
#473 = VECTOR ( 'NONE', #8646, 1000.000000000000000 ) ;
#474 = CARTESIAN_POINT ( 'NONE',  ( 16.62499999999998934, -8.500000000000000000, 15.00000000000000178 ) ) ;
#475 = VERTEX_POINT ( 'NONE', #8448 ) ;
#476 = ORIENTED_EDGE ( 'NONE', *, *, #7170, .F. ) ;
#477 = EDGE_CURVE ( 'NONE', #2326, #3947, #4285, .T. ) ;
#478 = EDGE_CURVE ( 'NONE', #2246, #2689, #2902, .T. ) ;
#479 = CARTESIAN_POINT ( 'NONE',  ( -16.54122920392185492, 15.00000000000000000, -3.999999999999997335 ) ) ;
#480 = CARTESIAN_POINT ( 'NONE',  ( -9.037135919540318696, -12.10000000000000675, -35.10392274404122759 ) ) ;
#481 = CARTESIAN_POINT ( 'NONE',  ( -24.13679819100039126, -9.862696838839255520, 9.343048561442451216 ) ) ;
#482 = LINE ( 'NONE', #8973, #5753 ) ;
#483 = TOROIDAL_SURFACE ( 'NONE', #8078, 5.000000000000000000, 1.000000000000000000 ) ;
#484 = DIRECTION ( 'NONE',  ( 0.000000000000000000, 0.000000000000000000, -1.000000000000000000 ) ) ;
#485 = VERTEX_POINT ( 'NONE', #7662 ) ;
#486 = EDGE_LOOP ( 'NONE', ( #1692, #7867, #8641, #776 ) ) ;
#487 = VECTOR ( 'NONE', #5917, 1000.000000000000000 ) ;
#488 = CARTESIAN_POINT ( 'NONE',  ( -0.07098521412679599518, 18.28421494571414030, -25.00000000000000000 ) ) ;
#489 = DIRECTION ( 'NONE',  ( 2.164016633576080887E-32, 1.000000000000000000, -7.509625437129028195E-17 ) ) ;
#490 = AXIS2_PLACEMENT_3D ( 'NONE', #8547, #1279, #4111 ) ;
#491 = LINE ( 'NONE', #2634, #1772 ) ;
#492 = CARTESIAN_POINT ( 'NONE',  ( 3.434845444706913220, -13.28409159263601858, -33.74539703399393886 ) ) ;
#493 = CARTESIAN_POINT ( 'NONE',  ( -5.575000000000010836, -7.200000000000004619, -10.00000000000000000 ) ) ;
#494 = EDGE_CURVE ( 'NONE', #453, #7582, #9106, .T. ) ;
#495 = EDGE_CURVE ( 'NONE', #3469, #828, #2854, .T. ) ;
#496 = EDGE_LOOP ( 'NONE', ( #1053, #5400, #1396, #5828, #4505, #5021, #818, #3592, #4082, #3982 ) ) ;
#497 = VECTOR ( 'NONE', #4944, 1000.000000000000000 ) ;
#498 = ORIENTED_EDGE ( 'NONE', *, *, #7226, .T. ) ;
#499 = ORIENTED_EDGE ( 'NONE', *, *, #5661, .T. ) ;
#500 = CARTESIAN_POINT ( 'NONE',  ( -12.78957441343229817, 14.93697127157749627, -31.54935072428249754 ) ) ;
#501 = DIRECTION ( 'NONE',  ( 1.765621858500567205E-16, 0.000000000000000000, -1.000000000000000000 ) ) ;
#502 = DIRECTION ( 'NONE',  ( 0.000000000000000000, 0.000000000000000000, 1.000000000000000000 ) ) ;
#503 = DIRECTION ( 'NONE',  ( 0.7465930852246063232, -0.6652809670318275970, 0.000000000000000000 ) ) ;
#504 = CARTESIAN_POINT ( 'NONE',  ( -26.39753464796950411, -10.98540631289591651, -0.6618021042986316216 ) ) ;
#505 = ORIENTED_EDGE ( 'NONE', *, *, #7095, .T. ) ;
#506 = ORIENTED_EDGE ( 'NONE', *, *, #5951, .F. ) ;
#507 = CARTESIAN_POINT ( 'NONE',  ( -26.57312149030229875, -8.474578549580668252, 1.133292251075801671 ) ) ;
#508 = CARTESIAN_POINT ( 'NONE',  ( 7.829014785873203763, 15.63421494571413639, -15.00000000000000000 ) ) ;
#509 = CARTESIAN_POINT ( 'NONE',  ( 18.91569719072334621, -11.99999999999999289, 1.000000000442595960 ) ) ;
#510 =( GEOMETRIC_REPRESENTATION_CONTEXT ( 3 ) GLOBAL_UNCERTAINTY_ASSIGNED_CONTEXT ( ( #1991 ) ) GLOBAL_UNIT_ASSIGNED_CONTEXT ( ( #8951, #1115, #3350 ) ) REPRESENTATION_CONTEXT ( 'NONE', 'WORKASPACE' ) );
#511 = CARTESIAN_POINT ( 'NONE',  ( -23.57499999999998863, 8.000000000000000000, -37.79999999999998295 ) ) ;
#512 = DIRECTION ( 'NONE',  ( 0.000000000000000000, 0.000000000000000000, 1.000000000000000000 ) ) ;
#513 = CARTESIAN_POINT ( 'NONE',  ( -10.43261184457520763, -7.900000000000000355, -16.19238815542516718 ) ) ;
#514 = DIRECTION ( 'NONE',  ( 0.000000000000000000, -1.000000000000000000, 0.000000000000000000 ) ) ;
#515 = ORIENTED_EDGE ( 'NONE', *, *, #3515, .T. ) ;
#516 = ORIENTED_EDGE ( 'NONE', *, *, #6005, .T. ) ;
#517 = VECTOR ( 'NONE', #4919, 1000.000000000000000 ) ;
#518 = ORIENTED_EDGE ( 'NONE', *, *, #1228, .F. ) ;
#519 = DIRECTION ( 'NONE',  ( -0.000000000000000000, -1.000000000000000000, -0.000000000000000000 ) ) ;
#520 = CYLINDRICAL_SURFACE ( 'NONE', #3255, 2.000000000000001776 ) ;
#521 = DIRECTION ( 'NONE',  ( 0.000000000000000000, 0.000000000000000000, -1.000000000000000000 ) ) ;
#522 = FACE_OUTER_BOUND ( 'NONE', #1009, .T. ) ;
#523 = CARTESIAN_POINT ( 'NONE',  ( 24.84746962085978694, -11.32575236365477522, 1.000000000000005107 ) ) ;
#524 = LINE ( 'NONE', #1051, #4061 ) ;
#525 = ADVANCED_FACE ( 'NONE', ( #8396 ), #2157, .F. ) ;
#526 = EDGE_CURVE ( 'NONE', #1948, #1479, #1317, .T. ) ;
#527 = ORIENTED_EDGE ( 'NONE', *, *, #7959, .T. ) ;
#528 = ORIENTED_EDGE ( 'NONE', *, *, #2685, .F. ) ;
#529 = DIRECTION ( 'NONE',  ( 0.000000000000000000, 0.000000000000000000, 1.000000000000000000 ) ) ;
#530 = CARTESIAN_POINT ( 'NONE',  ( -13.57500000000001172, -8.899999999999996803, 6.640297038308735189 ) ) ;
#531 = DIRECTION ( 'NONE',  ( -1.000000000000000000, -0.000000000000000000, -2.881657216719182496E-16 ) ) ;
#532 = FACE_BOUND ( 'NONE', #1900, .T. ) ;
#533 = VECTOR ( 'NONE', #7683, 1000.000000000000114 ) ;
#534 = LINE ( 'NONE', #8944, #4720 ) ;
#535 = ADVANCED_FACE ( 'NONE', ( #5749 ), #2010, .F. ) ;
#536 = VECTOR ( 'NONE', #4197, 1000.000000000000000 ) ;
#537 = ORIENTED_EDGE ( 'NONE', *, *, #7158, .F. ) ;
#538 = ORIENTED_EDGE ( 'NONE', *, *, #6120, .F. ) ;
#539 = ORIENTED_EDGE ( 'NONE', *, *, #6858, .T. ) ;
#541 = ADVANCED_FACE ( 'NONE', ( #9153 ), #2758, .F. ) ;
#540 = ORIENTED_EDGE ( 'NONE', *, *, #576, .T. ) ;
#542 = CIRCLE ( 'NONE', #6365, 6.999999999999999112 ) ;
#543 = DIRECTION ( 'NONE',  ( -0.000000000000000000, -1.000000000000000000, -0.000000000000000000 ) ) ;
#544 = CARTESIAN_POINT ( 'NONE',  ( 18.87984255954702206, -11.99999999999999645, 0.07509912966631698827 ) ) ;
#545 = EDGE_CURVE ( 'NONE', #3593, #9033, #286, .T. ) ;
#546 = LINE ( 'NONE', #641, #5255 ) ;
#547 = EDGE_CURVE ( 'NONE', #1983, #6467, #3825, .T. ) ;
#548 = CARTESIAN_POINT ( 'NONE',  ( 11.22901478587320234, 18.28421494571414030, -15.00000000000000000 ) ) ;
#549 = DIRECTION ( 'NONE',  ( 0.000000000000000000, 0.000000000000000000, -1.000000000000000000 ) ) ;
#550 = EDGE_LOOP ( 'NONE', ( #8111, #7011, #6956, #4409 ) ) ;
#552 = AXIS2_PLACEMENT_3D ( 'NONE', #508, #6127, #8167 ) ;
#551 = AXIS2_PLACEMENT_3D ( 'NONE', #289, #333, #3871 ) ;
#553 = EDGE_LOOP ( 'NONE', ( #5684, #5867 ) ) ;
#554 = EDGE_CURVE ( 'NONE', #4543, #5935, #3538, .T. ) ;
#555 = CARTESIAN_POINT ( 'NONE',  ( -26.12332815907938866, -9.943399602978910679, 0.5529552723697586103 ) ) ;
#556 = FACE_OUTER_BOUND ( 'NONE', #962, .T. ) ;
#557 = CARTESIAN_POINT ( 'NONE',  ( 18.91569719072338529, 11.99999999999999645, 1.000000000442590187 ) ) ;
#558 = B_SPLINE_CURVE_WITH_KNOTS ( 'NONE', 3,
 ( #3560, #3512, #2301, #1551 ),
 .UNSPECIFIED., .F., .F.,
 ( 4, 4 ),
 ( 0.000000000000000000, 0.005000533879097867999 ),
 .UNSPECIFIED. ) ;
#559 = CARTESIAN_POINT ( 'NONE',  ( -19.13203283572009994, -10.99982166713473930, 2.602085213965210642E-15 ) ) ;
#560 = CYLINDRICAL_SURFACE ( 'NONE', #2616, 2.000000000000001776 ) ;
#561 = CARTESIAN_POINT ( 'NONE',  ( 15.12499999999998579, 2.624999999999995559, 28.69663336986831936 ) ) ;
#562 = DIRECTION ( 'NONE',  ( 1.000000000000000000, -0.000000000000000000, 2.881657216719182496E-16 ) ) ;
#563 = ORIENTED_EDGE ( 'NONE', *, *, #3931, .T. ) ;
#564 = ORIENTED_EDGE ( 'NONE', *, *, #2369, .F. ) ;
#565 = ORIENTED_EDGE ( 'NONE', *, *, #1667, .T. ) ;
#566 = DIRECTION ( 'NONE',  ( 1.000000000000000000, -0.000000000000000000, 2.881657216719182496E-16 ) ) ;
#567 = CARTESIAN_POINT ( 'NONE',  ( 20.62499999999998934, -2.625000000000002220, 27.64663336986832576 ) ) ;
#568 = CARTESIAN_POINT ( 'NONE',  ( -10.18077748135635296, 14.88356859426512102, -37.33196238566976888 ) ) ;
#569 = AXIS2_PLACEMENT_3D ( 'NONE', #3524, #6244, #6768 ) ;
#570 = CARTESIAN_POINT ( 'NONE',  ( 1.730477740645983253, -12.09999999999999964, -34.60693595382786469 ) ) ;
#571 = CIRCLE ( 'NONE', #8459, 1.049999999999995381 ) ;
#572 = CARTESIAN_POINT ( 'NONE',  ( -13.57500000000000995, -11.99999999999999645, 1.049765986436689524E-14 ) ) ;
#573 = DIRECTION ( 'NONE',  ( 0.000000000000000000, 0.000000000000000000, 1.000000000000000000 ) ) ;
#574 = FACE_OUTER_BOUND ( 'NONE', #5132, .T. ) ;
#575 = ORIENTED_EDGE ( 'NONE', *, *, #1412, .T. ) ;
#576 = EDGE_CURVE ( 'NONE', #3727, #1752, #5938, .T. ) ;
#577 = VERTEX_POINT ( 'NONE', #235 ) ;
#578 = TOROIDAL_SURFACE ( 'NONE', #7723, 51.90277777777828305, 4.000000000000000000 ) ;
#579 = DIRECTION ( 'NONE',  ( 1.000000000000000000, 0.000000000000000000, 2.881657216719182496E-16 ) ) ;
#580 = DIRECTION ( 'NONE',  ( 1.000000000000000000, 0.000000000000000000, 1.765621858500567205E-16 ) ) ;
#581 = CARTESIAN_POINT ( 'NONE',  ( 26.61547528108527416, -11.12198641001133836, -12.64343377301412019 ) ) ;
#582 = EDGE_CURVE ( 'NONE', #9195, #3282, #7381, .T. ) ;
#583 = FACE_OUTER_BOUND ( 'NONE', #4816, .T. ) ;
#584 = CARTESIAN_POINT ( 'NONE',  ( -22.64546716826243866, 3.150296976224464363, 20.50072697976725422 ) ) ;
#585 = CARTESIAN_POINT ( 'NONE',  ( -10.43261184457520763, -7.900000000000000355, -16.19238815542516718 ) ) ;
#586 = ORIENTED_EDGE ( 'NONE', *, *, #8170, .F. ) ;
#587 = ORIENTED_EDGE ( 'NONE', *, *, #1971, .F. ) ;
#588 = ORIENTED_EDGE ( 'NONE', *, *, #7436, .F. ) ;
#589 = ORIENTED_EDGE ( 'NONE', *, *, #1634, .F. ) ;
#590 = FACE_OUTER_BOUND ( 'NONE', #2279, .T. ) ;
#591 = DIRECTION ( 'NONE',  ( -9.366785582234730440E-17, 1.000000000000000000, 0.000000000000000000 ) ) ;
#592 = DIRECTION ( 'NONE',  ( 3.003850174851611278E-16, -7.509625437129028195E-17, -1.000000000000000000 ) ) ;
#593 = CARTESIAN_POINT ( 'NONE',  ( -23.16053390593275196, -15.00000000000000000, -23.53553390593271288 ) ) ;
#594 = EDGE_CURVE ( 'NONE', #8241, #9184, #1601, .T. ) ;
#595 = CARTESIAN_POINT ( 'NONE',  ( 18.06454013452572127, 4.051738293476702779, -26.35188650240589325 ) ) ;
#596 = B_SPLINE_CURVE_WITH_KNOTS ( 'NONE', 2,
 ( #6409, #8536, #7698 ),
 .UNSPECIFIED., .F., .F.,
 ( 3, 3 ),
 ( 0.4884618901155812210, 0.8164965797828295235 ),
 .UNSPECIFIED. ) ;
#597 = EDGE_LOOP ( 'NONE', ( #5662, #7490, #6007, #3397 ) ) ;
#598 = ORIENTED_EDGE ( 'NONE', *, *, #9088, .T. ) ;
#599 = CARTESIAN_POINT ( 'NONE',  ( 23.01142029580282511, 11.98688587400473082, 0.2950697837696149017 ) ) ;
#600 = LINE ( 'NONE', #9091, #3385 ) ;
#601 = CARTESIAN_POINT ( 'NONE',  ( -26.62500000000001066, 2.624999999999999112, 20.55336663013170551 ) ) ;
#602 = CARTESIAN_POINT ( 'NONE',  ( 9.082886557391603333, 10.76448286337164717, -31.46959042530449935 ) ) ;
#603 = CARTESIAN_POINT ( 'NONE',  ( 12.62896733454432585, 13.68608183597836536, -14.52410721038963537 ) ) ;
#604 = EDGE_CURVE ( 'NONE', #732, #2245, #2313, .T. ) ;
#605 = PLANE ( 'NONE',  #8735 ) ;
#606 = ADVANCED_FACE ( 'NONE', ( #6689 ), #5236, .T. ) ;
#607 = CARTESIAN_POINT ( 'NONE',  ( -24.08416730868039224, -7.100000000000001421, -30.13015151901649347 ) ) ;
#608 = VECTOR ( 'NONE', #4284, 1000.000000000000000 ) ;
#609 = VERTEX_POINT ( 'NONE', #8071 ) ;
#610 = EDGE_LOOP ( 'NONE', ( #3056, #3483 ) ) ;
#611 = CIRCLE ( 'NONE', #3299, 1.049999999999998934 ) ;
#612 = ORIENTED_EDGE ( 'NONE', *, *, #2529, .F. ) ;
#613 = CARTESIAN_POINT ( 'NONE',  ( -22.57500000000001705, -2.625000000000002220, 27.64663336986831155 ) ) ;
#614 = DIRECTION ( 'NONE',  ( 0.000000000000000000, 0.9486832980505135460, 0.3162277660168385518 ) ) ;
#615 = VECTOR ( 'NONE', #8286, 1000.000000000000000 ) ;
#616 = CARTESIAN_POINT ( 'NONE',  ( -19.62500000000000000, -14.16799923439409703, -38.29999999999999005 ) ) ;
#617 = DIRECTION ( 'NONE',  ( -0.000000000000000000, -1.000000000000000000, -0.000000000000000000 ) ) ;
#618 = DIRECTION ( 'NONE',  ( 0.000000000000000000, 0.000000000000000000, -1.000000000000000000 ) ) ;
#619 = AXIS2_PLACEMENT_3D ( 'NONE', #768, #5104, #3747 ) ;
#621 = CARTESIAN_POINT ( 'NONE',  ( 23.40607284061019655, -11.92787465207701736, 0.8513179607071348354 ) ) ;
#620 = B_SPLINE_CURVE_WITH_KNOTS ( 'NONE', 2,
 ( #3424, #5528, #1931 ),
 .UNSPECIFIED., .F., .F.,
 ( 3, 3 ),
 ( 0.08816404660611880384, 0.1835034202300998007 ),
 .UNSPECIFIED. ) ;
#622 = DIRECTION ( 'NONE',  ( -1.000000000000000000, 0.000000000000000000, 0.000000000000000000 ) ) ;
#623 = ORIENTED_EDGE ( 'NONE', *, *, #3451, .F. ) ;
#624 = EDGE_LOOP ( 'NONE', ( #6749, #3925, #8515, #7726 ) ) ;
#625 = CARTESIAN_POINT ( 'NONE',  ( -13.57500000000001172, -10.59999999999999609, 8.605745400281712421 ) ) ;
#626 = EDGE_CURVE ( 'NONE', #6591, #2256, #8028, .T. ) ;
#627 = CARTESIAN_POINT ( 'NONE',  ( 16.62499999999998934, -7.000000000000000000, 13.50000000000000178 ) ) ;
#628 = LINE ( 'NONE', #2124, #2411 ) ;
#629 = CARTESIAN_POINT ( 'NONE',  ( 26.62499999999998934, -2.624999999999998668, 18.55336663013171972 ) ) ;
#630 = CARTESIAN_POINT ( 'NONE',  ( 25.75185937550570614, -12.11275902115843195, -37.52379999999998716 ) ) ;
#631 = CARTESIAN_POINT ( 'NONE',  ( -22.59859061812121084, -6.572477104549225402, 21.59398397114113166 ) ) ;
#632 = FACE_OUTER_BOUND ( 'NONE', #4947, .T. ) ;
#633 = EDGE_CURVE ( 'NONE', #6414, #5536, #1684, .T. ) ;
#634 = ORIENTED_EDGE ( 'NONE', *, *, #8699, .F. ) ;
#635 = VECTOR ( 'NONE', #617, 1000.000000000000000 ) ;
#636 = ORIENTED_EDGE ( 'NONE', *, *, #4328, .F. ) ;
#637 = ORIENTED_EDGE ( 'NONE', *, *, #5919, .F. ) ;
#638 = ORIENTED_EDGE ( 'NONE', *, *, #3482, .F. ) ;
#639 = FACE_OUTER_BOUND ( 'NONE', #5640, .T. ) ;
#640 = CARTESIAN_POINT ( 'NONE',  ( 7.829014785873203763, 15.63421494571413639, -15.00000000000000000 ) ) ;
#641 = CARTESIAN_POINT ( 'NONE',  ( -13.57500000000000995, -11.99999999999999645, -7.381296623649907229E-15 ) ) ;
#642 = CARTESIAN_POINT ( 'NONE',  ( 7.675000000000007816, -7.100000000000003197, -36.29999999999998295 ) ) ;
#643 = AXIS2_PLACEMENT_3D ( 'NONE', #9205, #4157, #622 ) ;
#644 = CARTESIAN_POINT ( 'NONE',  ( 15.80252814879788303, 6.590218410793488246, -27.94013849367089364 ) ) ;
#645 = AXIS2_PLACEMENT_3D ( 'NONE', #5007, #7897, #3741 ) ;
#646 = EDGE_CURVE ( 'NONE', #5793, #1294, #3533, .T. ) ;
#647 = VERTEX_POINT ( 'NONE', #5849 ) ;
#648 = EDGE_LOOP ( 'NONE', ( #6902, #1600, #2278, #7592, #419 ) ) ;
#649 = CARTESIAN_POINT ( 'NONE',  ( -26.58934466189352008, -8.219914658152237763, 1.234062268089832992 ) ) ;
#650 = CARTESIAN_POINT ( 'NONE',  ( 7.675000000000007816, 2.599999999999987654, -37.09999999999998010 ) ) ;
#651 = B_SPLINE_CURVE_WITH_KNOTS ( 'NONE', 3,
 ( #7663, #8897, #1275, #8192, #1797, #4643, #4243 ),
 .UNSPECIFIED., .F., .F.,
 ( 4, 3, 4 ),
 ( 0.000000000000000000, 0.002124444364121093592, 0.003960483961858090457 ),
 .UNSPECIFIED. ) ;
#652 = FACE_BOUND ( 'NONE', #3078, .T. ) ;
#653 = CARTESIAN_POINT ( 'NONE',  ( -26.84991221830399866, -11.99999999999999645, 8.605745400281708868 ) ) ;
#654 = DIRECTION ( 'NONE',  ( -0.000000000000000000, -0.000000000000000000, 1.000000000000000000 ) ) ;
#655 = PLANE ( 'NONE',  #5718 ) ;
#656 = EDGE_CURVE ( 'NONE', #3682, #2587, #4575, .T. ) ;
#657 = CARTESIAN_POINT ( 'NONE',  ( -70.47777777777830011, 11.99999999999999467, 23.10000000000000853 ) ) ;
#658 = VERTEX_POINT ( 'NONE', #5282 ) ;
#659 = ORIENTED_EDGE ( 'NONE', *, *, #58, .T. ) ;
#660 = ORIENTED_EDGE ( 'NONE', *, *, #7265, .T. ) ;
#661 = CARTESIAN_POINT ( 'NONE',  ( -19.62499999999999645, 13.99999999999999822, -37.29999999999998295 ) ) ;
#662 = CARTESIAN_POINT ( 'NONE',  ( 22.62499999999998934, 7.999999999999994671, 23.10000000000001918 ) ) ;
#663 = CARTESIAN_POINT ( 'NONE',  ( -8.885217428856984512, 14.16787163341026634, -38.29999999999999005 ) ) ;
#664 = CARTESIAN_POINT ( 'NONE',  ( -13.57500000000001172, -7.399999999999996803, 6.640297038308735189 ) ) ;
#665 = ADVANCED_FACE ( 'NONE', ( #4704 ), #3314, .F. ) ;
#666 = DIRECTION ( 'NONE',  ( -0.000000000000000000, -0.000000000000000000, 1.000000000000000000 ) ) ;
#667 = ADVANCED_FACE ( 'NONE', ( #6079 ), #5975, .F. ) ;
#668 = CARTESIAN_POINT ( 'NONE',  ( 7.732911556936737263, 13.95465449349613429, -15.00000000000000000 ) ) ;
#669 = DIRECTION ( 'NONE',  ( -2.881657216719182496E-16, -7.509625437129028195E-17, 1.000000000000000000 ) ) ;
#670 = AXIS2_PLACEMENT_3D ( 'NONE', #2739, #2839, #5682 ) ;
#671 = DIRECTION ( 'NONE',  ( 9.112600240694079673E-17, -0.9486832980505135460, -0.3162277660168386073 ) ) ;
#672 = ORIENTED_EDGE ( 'NONE', *, *, #2685, .T. ) ;
#673 = VERTEX_POINT ( 'NONE', #8117 ) ;
#674 = DIRECTION ( 'NONE',  ( -0.000000000000000000, -1.000000000000000000, -0.000000000000000000 ) ) ;
#675 = CARTESIAN_POINT ( 'NONE',  ( 3.160346678105245832, 14.28254109483726886, -32.80380711551138972 ) ) ;
#676 = DIRECTION ( 'NONE',  ( 1.000000000000000000, 0.000000000000000000, 2.881657216719182496E-16 ) ) ;
#677 = CARTESIAN_POINT ( 'NONE',  ( 26.58593328847754123, -11.12552923844745933, -13.24381375534090211 ) ) ;
#678 = FACE_OUTER_BOUND ( 'NONE', #938, .T. ) ;
#679 = CARTESIAN_POINT ( 'NONE',  ( -25.72392636236478225, -7.571222601648506689, 5.936429831398589485 ) ) ;
#680 = DIRECTION ( 'NONE',  ( 1.000000000000000000, -0.000000000000000000, 2.881657216719182496E-16 ) ) ;
#681 = ORIENTED_EDGE ( 'NONE', *, *, #747, .F. ) ;
#682 = ORIENTED_EDGE ( 'NONE', *, *, #8, .T. ) ;
#683 = ORIENTED_EDGE ( 'NONE', *, *, #4020, .T. ) ;
#684 = ORIENTED_EDGE ( 'NONE', *, *, #9133, .T. ) ;
#685 = CARTESIAN_POINT ( 'NONE',  ( -10.37500000000001243, 14.35316917048667307, -1.997284186859311639 ) ) ;
#686 = CARTESIAN_POINT ( 'NONE',  ( 22.62500000000001421, -11.99999999999999645, 0.8672861625754738624 ) ) ;
#687 = AXIS2_PLACEMENT_3D ( 'NONE', #7912, #1567, #7130 ) ;
#688 = CYLINDRICAL_SURFACE ( 'NONE', #1973, 4.000000000000000000 ) ;
#689 = LINE ( 'NONE', #642, #8563 ) ;
#690 = VECTOR ( 'NONE', #6823, 1000.000000000000000 ) ;
#692 = VERTEX_POINT ( 'NONE', #1729 ) ;
#691 = AXIS2_PLACEMENT_3D ( 'NONE', #4729, #3378, #7024 ) ;
#693 = ORIENTED_EDGE ( 'NONE', *, *, #2886, .T. ) ;
#694 = AXIS2_PLACEMENT_3D ( 'NONE', #6970, #3413, #6272 ) ;
#695 = CARTESIAN_POINT ( 'NONE',  ( -27.58799846505768016, -7.958666454551797109, 0.3471111818160780293 ) ) ;
#696 = CARTESIAN_POINT ( 'NONE',  ( -22.61447736705422429, -4.723492310561808516, 21.15305985433122160 ) ) ;
#697 = CARTESIAN_POINT ( 'NONE',  ( 20.62499999999998934, -2.625000000000001776, 29.64663336986832931 ) ) ;
#698 = CARTESIAN_POINT ( 'NONE',  ( -25.43211802004501010, -7.399999999999996803, 6.803845367150708867 ) ) ;
#699 = EDGE_CURVE ( 'NONE', #7263, #1247, #375, .T. ) ;
#700 = DIRECTION ( 'NONE',  ( 0.7071067811865675568, 0.000000000000000000, 0.7071067811865274777 ) ) ;
#701 = AXIS2_PLACEMENT_3D ( 'NONE', #2050, #654, #6221 ) ;
#702 = CARTESIAN_POINT ( 'NONE',  ( 11.23745533684479803, -12.16592161400108907, 0.4308015949781739962 ) ) ;
#703 = ORIENTED_EDGE ( 'NONE', *, *, #8969, .F. ) ;
#704 = EDGE_LOOP ( 'NONE', ( #1341, #7237, #4072, #1562 ) ) ;
#705 = ORIENTED_EDGE ( 'NONE', *, *, #8698, .F. ) ;
#706 = CARTESIAN_POINT ( 'NONE',  ( -22.57500000000001705, 0.000000000000000000, 23.10000000000000853 ) ) ;
#707 = DIRECTION ( 'NONE',  ( -2.478176394252581634E-16, 0.000000000000000000, 1.000000000000000000 ) ) ;
#708 = ADVANCED_FACE ( 'NONE', ( #5460 ), #7426, .T. ) ;
#709 = CARTESIAN_POINT ( 'NONE',  ( -26.58130259014061281, 7.999999999999992895, 1.321357987355054053 ) ) ;
#710 = CARTESIAN_POINT ( 'NONE',  ( -19.62499999999999645, 15.00000000000000000, -19.99999999999999289 ) ) ;
#711 = PLANE ( 'NONE',  #3362 ) ;
#712 = CARTESIAN_POINT ( 'NONE',  ( 25.75185937550015325, -12.11275902115914249, 0.000000000000000000 ) ) ;
#713 = EDGE_CURVE ( 'NONE', #7582, #186, #7516, .T. ) ;
#714 = CARTESIAN_POINT ( 'NONE',  ( -13.57500000000000995, -11.99999999999999645, -7.381296623649907229E-15 ) ) ;
#715 = ORIENTED_EDGE ( 'NONE', *, *, #2283, .T. ) ;
#716 = AXIS2_PLACEMENT_3D ( 'NONE', #854, #7247, #2909 ) ;
#717 = ORIENTED_EDGE ( 'NONE', *, *, #8198, .F. ) ;
#718 = LINE ( 'NONE', #2821, #1063 ) ;
#719 = CIRCLE ( 'NONE', #7576, 4.000000000000000000 ) ;
#720 = CARTESIAN_POINT ( 'NONE',  ( -19.19426588924932986, 11.83078980029097949, -38.29999999999999005 ) ) ;
#721 = CARTESIAN_POINT ( 'NONE',  ( -28.14150632011527620, 11.54238195154679758, -39.29999999999999005 ) ) ;
#722 = CARTESIAN_POINT ( 'NONE',  ( -19.62499999999999645, -7.900000000000000355, -19.99999999999999289 ) ) ;
#723 = CARTESIAN_POINT ( 'NONE',  ( 7.809336465509153058, 14.95172983335250372, -25.00000000000000000 ) ) ;
#724 = DIRECTION ( 'NONE',  ( 0.000000000000000000, 0.000000000000000000, -1.000000000000000000 ) ) ;
#725 = PLANE ( 'NONE',  #6377 ) ;
#726 = VECTOR ( 'NONE', #2116, 1000.000000000000000 ) ;
#727 = EDGE_CURVE ( 'NONE', #7885, #9174, #1127, .T. ) ;
#728 = EDGE_CURVE ( 'NONE', #2387, #8541, #8906, .T. ) ;
#729 = VERTEX_POINT ( 'NONE', #1215 ) ;
#730 = CIRCLE ( 'NONE', #7141, 1.049999999999995381 ) ;
#731 = ORIENTED_EDGE ( 'NONE', *, *, #8886, .F. ) ;
#732 = VERTEX_POINT ( 'NONE', #8213 ) ;
#733 = VERTEX_POINT ( 'NONE', #4662 ) ;
#734 = CARTESIAN_POINT ( 'NONE',  ( 20.62499999999998934, 5.250000000000000000, 25.10000000000002629 ) ) ;
#735 = CARTESIAN_POINT ( 'NONE',  ( 25.75185937728948105, 12.11275902093029977, -12.62870287826815385 ) ) ;
#736 = DIRECTION ( 'NONE',  ( 2.881657216719182496E-16, 0.000000000000000000, -1.000000000000000000 ) ) ;
#737 = LINE ( 'NONE', #7873, #6642 ) ;
#738 = AXIS2_PLACEMENT_3D ( 'NONE', #1547, #7849, #1413 ) ;
#739 = ORIENTED_EDGE ( 'NONE', *, *, #2494, .F. ) ;
#740 = ORIENTED_EDGE ( 'NONE', *, *, #2973, .T. ) ;
#741 = LINE ( 'NONE', #2377, #6357 ) ;
#742 = CARTESIAN_POINT ( 'NONE',  ( -1.276168835767709675, -14.53761655884087922, -34.21865795245694386 ) ) ;
#743 = ADVANCED_FACE ( 'NONE', ( #421 ), #2569, .F. ) ;
#744 = DIRECTION ( 'NONE',  ( 1.000000000000000000, -0.000000000000000000, 2.881657216719182496E-16 ) ) ;
#745 = DIRECTION ( 'NONE',  ( -2.891205793294680298E-16, 0.000000000000000000, 1.000000000000000000 ) ) ;
#746 = DIRECTION ( 'NONE',  ( 0.000000000000000000, -2.710505431213754182E-16, -1.000000000000000000 ) ) ;
#747 = EDGE_CURVE ( 'NONE', #1494, #1807, #3273, .T. ) ;
#748 = CARTESIAN_POINT ( 'NONE',  ( -19.62499999999986144, -10.10000000000000853, -6.999999999999993783 ) ) ;
#749 = ORIENTED_EDGE ( 'NONE', *, *, #4794, .F. ) ;
#750 = ORIENTED_EDGE ( 'NONE', *, *, #950, .F. ) ;
#751 = EDGE_CURVE ( 'NONE', #5922, #8270, #3868, .T. ) ;
#752 = ORIENTED_EDGE ( 'NONE', *, *, #1876, .T. ) ;
#753 = CARTESIAN_POINT ( 'NONE',  ( -0.5678728486935495923, 14.64800578736692671, -25.45181291936716406 ) ) ;
#754 = CARTESIAN_POINT ( 'NONE',  ( -13.57500000000001705, 11.99999999999999467, 23.10000000000001208 ) ) ;
#755 = CARTESIAN_POINT ( 'NONE',  ( 26.62500000000000355, -14.16799923439409703, -14.20101887020065234 ) ) ;
#756 = CARTESIAN_POINT ( 'NONE',  ( 20.62499999999998934, -2.625000000000002220, 27.64663336986832576 ) ) ;
#757 = CARTESIAN_POINT ( 'NONE',  ( -23.01037353810831121, -3.271127783276584378, 16.65607003419438570 ) ) ;
#758 = AXIS2_PLACEMENT_3D ( 'NONE', #3725, #3031, #8722 ) ;
#759 = CARTESIAN_POINT ( 'NONE',  ( -20.55999399519519599, 15.00000000000000355, -39.29999999999999005 ) ) ;
#760 = CARTESIAN_POINT ( 'NONE',  ( -0.07098521412679573150, 15.46836889292180395, -15.00000000000000000 ) ) ;
#761 = EDGE_CURVE ( 'NONE', #9129, #6178, #5776, .T. ) ;
#762 = EDGE_LOOP ( 'NONE', ( #5230, #6774, #4424, #739, #7999 ) ) ;
#763 = VECTOR ( 'NONE', #4691, 1000.000000000000000 ) ;
#764 = CARTESIAN_POINT ( 'NONE',  ( -18.57500000000001705, 0.000000000000000000, 23.10000000000000853 ) ) ;
#765 = CARTESIAN_POINT ( 'NONE',  ( -22.98842608077345773, -1.619322307090781399, 16.81963084796091579 ) ) ;
#766 = VECTOR ( 'NONE', #6428, 1000.000000000000000 ) ;
#767 = CARTESIAN_POINT ( 'NONE',  ( 11.70043750253783266, 10.10000000000000142, -30.22927167012523242 ) ) ;
#768 = CARTESIAN_POINT ( 'NONE',  ( -26.62500000000001066, -5.250000000000000000, 23.10000000000000497 ) ) ;
#769 = CARTESIAN_POINT ( 'NONE',  ( 26.46104941163336477, -11.14036649603957763, -14.43375557957145716 ) ) ;
#770 = CARTESIAN_POINT ( 'NONE',  ( -1.155324610415571218, 14.52448115156833630, -25.00000000000000000 ) ) ;
#771 = DIRECTION ( 'NONE',  ( 1.000000000000000000, -0.000000000000000000, 2.881657216719182496E-16 ) ) ;
#772 = CARTESIAN_POINT ( 'NONE',  ( -0.07239137861977101851, 15.46844551391894385, -25.00000000000000000 ) ) ;
#773 = EDGE_LOOP ( 'NONE', ( #8127, #3290, #1773, #8262 ) ) ;
#774 = VERTEX_POINT ( 'NONE', #6733 ) ;
#775 = ORIENTED_EDGE ( 'NONE', *, *, #1220, .F. ) ;
#776 = ORIENTED_EDGE ( 'NONE', *, *, #9220, .F. ) ;
#777 = B_SPLINE_CURVE_WITH_KNOTS ( 'NONE', 3,
 ( #2982, #8864, #6025, #6541 ),
 .UNSPECIFIED., .F., .F.,
 ( 4, 4 ),
 ( 9.813077866773594792E-18, 0.008000123665385848459 ),
 .UNSPECIFIED. ) ;
#778 = CARTESIAN_POINT ( 'NONE',  ( 3.641710626679929508, 15.10945448614472220, -15.00000000000000355 ) ) ;
#779 = CARTESIAN_POINT ( 'NONE',  ( 20.32946951420208492, 12.76533469070311888, -23.27448429404926955 ) ) ;
#780 = CARTESIAN_POINT ( 'NONE',  ( 26.62500000000000000, 15.00000000000000000, -12.03976285529074097 ) ) ;
#781 = CARTESIAN_POINT ( 'NONE',  ( -24.50215589271537553, -7.967578988288297914, 9.649378653072755441 ) ) ;
#782 = EDGE_CURVE ( 'NONE', #1008, #5580, #9044, .T. ) ;
#783 = VECTOR ( 'NONE', #5429, 1000.000000000000000 ) ;
#784 = ORIENTED_EDGE ( 'NONE', *, *, #7894, .F. ) ;
#785 = VERTEX_POINT ( 'NONE', #3915 ) ;
#786 = CARTESIAN_POINT ( 'NONE',  ( 24.15746495181204878, 11.69997307742960579, 0.9376401327078811576 ) ) ;
#787 = AXIS2_PLACEMENT_3D ( 'NONE', #7780, #6301, #6905 ) ;
#788 = DIRECTION ( 'NONE',  ( -0.000000000000000000, -0.000000000000000000, -1.000000000000000000 ) ) ;
#789 = B_SPLINE_CURVE_WITH_KNOTS ( 'NONE', 3,
 ( #8617, #2232, #1710, #3112 ),
 .UNSPECIFIED., .F., .F.,
 ( 4, 4 ),
 ( 0.000000000000000000, 0.001216714240924998735 ),
 .UNSPECIFIED. ) ;
#790 = CARTESIAN_POINT ( 'NONE',  ( 26.62499999999998934, -5.250000000000000000, 21.10000000000002274 ) ) ;
#791 = DIRECTION ( 'NONE',  ( 1.000000000000000000, -0.000000000000000000, 2.881657216719182496E-16 ) ) ;
#792 = CARTESIAN_POINT ( 'NONE',  ( 9.599583189851216503, 13.81108172929502942, -26.00000000000000355 ) ) ;
#793 = LINE ( 'NONE', #2053, #1943 ) ;
#794 = VERTEX_POINT ( 'NONE', #6778 ) ;
#795 = EDGE_LOOP ( 'NONE', ( #5216, #6040, #443, #1858 ) ) ;
#796 = AXIS2_PLACEMENT_3D ( 'NONE', #5145, #7982, #4435 ) ;
#797 = ORIENTED_EDGE ( 'NONE', *, *, #3466, .F. ) ;
#798 = FACE_OUTER_BOUND ( 'NONE', #6838, .T. ) ;
#799 = CARTESIAN_POINT ( 'NONE',  ( -23.69285357381576773, 11.86380899245589404, -0.2189663403288627797 ) ) ;
#800 = B_SPLINE_CURVE_WITH_KNOTS ( 'NONE', 3,
 ( #5622, #7765, #6982, #8461, #4116, #2073, #1605, #205 ),
 .UNSPECIFIED., .F., .F.,
 ( 4, 2, 2, 4 ),
 ( 2.453269466693398698E-18, 0.0003259306367155927306, 0.0006518612734311830760, 0.001303722546862358996 ),
 .UNSPECIFIED. ) ;
#801 = DIRECTION ( 'NONE',  ( 1.000000000000000000, -0.000000000000000000, 2.881657216719182496E-16 ) ) ;
#802 = CARTESIAN_POINT ( 'NONE',  ( 7.675000000000005151, -7.200000000000004619, -13.04999999999999893 ) ) ;
#803 = DIRECTION ( 'NONE',  ( 0.000000000000000000, 0.000000000000000000, -1.000000000000000000 ) ) ;
#804 = CARTESIAN_POINT ( 'NONE',  ( 21.67500000000000426, 1.734723475976807094E-15, -23.20588489187540304 ) ) ;
#805 = DIRECTION ( 'NONE',  ( 0.000000000000000000, 0.000000000000000000, -1.000000000000000000 ) ) ;
#806 = ORIENTED_EDGE ( 'NONE', *, *, #3853, .F. ) ;
#807 = ORIENTED_EDGE ( 'NONE', *, *, #5672, .T. ) ;
#808 = CARTESIAN_POINT ( 'NONE',  ( 9.675000000000004263, -10.09999999999999609, -29.29999999999998650 ) ) ;
#809 = LINE ( 'NONE', #5665, #6219 ) ;
#810 = LINE ( 'NONE', #8553, #5388 ) ;
#811 = CARTESIAN_POINT ( 'NONE',  ( -17.22835869403583686, -13.99293014765667209, -38.21446755917084204 ) ) ;
#812 = CARTESIAN_POINT ( 'NONE',  ( 15.12499999999998579, -2.624999999999998668, 18.55336663013171616 ) ) ;
#813 = AXIS2_PLACEMENT_3D ( 'NONE', #5363, #1942, #6906 ) ;
#814 = FACE_OUTER_BOUND ( 'NONE', #7818, .T. ) ;
#815 = PLANE ( 'NONE',  #1243 ) ;
#816 = EDGE_CURVE ( 'NONE', #3068, #1109, #1005, .T. ) ;
#817 = ORIENTED_EDGE ( 'NONE', *, *, #5402, .F. ) ;
#818 = ORIENTED_EDGE ( 'NONE', *, *, #3176, .F. ) ;
#819 = AXIS2_PLACEMENT_3D ( 'NONE', #812, #6474, #5955 ) ;
#820 = ORIENTED_EDGE ( 'NONE', *, *, #5120, .F. ) ;
#821 = DIRECTION ( 'NONE',  ( 1.079438565345101231E-14, 0.000000000000000000, 1.000000000000000000 ) ) ;
#822 = CARTESIAN_POINT ( 'NONE',  ( -13.57500000000000995, 10.09999999999998899, 0.000000000000000000 ) ) ;
#823 = CARTESIAN_POINT ( 'NONE',  ( 5.029014785873203053, 19.28421494571414030, -15.00000000000000000 ) ) ;
#824 = EDGE_CURVE ( 'NONE', #2081, #5227, #600, .T. ) ;
#825 = CARTESIAN_POINT ( 'NONE',  ( 26.33568896483317445, -12.03869266201339450, -15.12729020351255294 ) ) ;
#826 = LINE ( 'NONE', #3852, #1747 ) ;
#827 = ADVANCED_FACE ( 'NONE', ( #556 ), #4841, .F. ) ;
#828 = VERTEX_POINT ( 'NONE', #4140 ) ;
#829 = ORIENTED_EDGE ( 'NONE', *, *, #1598, .F. ) ;
#830 = ADVANCED_FACE ( 'NONE', ( #7693 ), #7004, .T. ) ;
#831 = ADVANCED_FACE ( 'NONE', ( #3541 ), #2145, .F. ) ;
#832 = CARTESIAN_POINT ( 'NONE',  ( 24.51110374054018948, 11.53282638720847864, 0.9821760184301495666 ) ) ;
#833 = LINE ( 'NONE', #85, #8215 ) ;
#834 = VECTOR ( 'NONE', #5564, 1000.000000000000000 ) ;
#835 = DIRECTION ( 'NONE',  ( 0.000000000000000000, 0.000000000000000000, -1.000000000000000000 ) ) ;
#836 = AXIS2_PLACEMENT_3D ( 'NONE', #8669, #5788, #4327 ) ;
#837 = LINE ( 'NONE', #2468, #219 ) ;
#838 = CYLINDRICAL_SURFACE ( 'NONE', #7721, 2.000000000000001776 ) ;
#839 = VECTOR ( 'NONE', #4555, 1000.000000000000000 ) ;
#840 = DIRECTION ( 'NONE',  ( 1.000000000000000000, 0.000000000000000000, 0.000000000000000000 ) ) ;
#841 = EDGE_CURVE ( 'NONE', #1258, #8549, #3984, .T. ) ;
#842 = CARTESIAN_POINT ( 'NONE',  ( -25.88149274113349207, -8.034404220148793740, 5.402638204559147006 ) ) ;
#843 = ORIENTED_EDGE ( 'NONE', *, *, #3513, .F. ) ;
#844 = VECTOR ( 'NONE', #4657, 1000.000000000000000 ) ;
#845 = ORIENTED_EDGE ( 'NONE', *, *, #6389, .F. ) ;
#846 = ORIENTED_EDGE ( 'NONE', *, *, #2151, .T. ) ;
#847 = CARTESIAN_POINT ( 'NONE',  ( 7.675000000000007816, -2.599999999999995648, -37.09999999999998010 ) ) ;
#848 = CARTESIAN_POINT ( 'NONE',  ( -26.23193701933039890, 9.726699481883267495, 0.6386181660539396177 ) ) ;
#849 = CARTESIAN_POINT ( 'NONE',  ( 8.282295850159680839, 14.91516259938647693, -15.00000000000000000 ) ) ;
#850 = LINE ( 'NONE', #147, #2822 ) ;
#851 = CIRCLE ( 'NONE', #7116, 4.000000000000000000 ) ;
#852 = FACE_OUTER_BOUND ( 'NONE', #5534, .T. ) ;
#853 = CARTESIAN_POINT ( 'NONE',  ( -26.62499999999998934, 2.599999999999987654, -37.09999999999998721 ) ) ;
#854 = CARTESIAN_POINT ( 'NONE',  ( -22.57500000000001705, 0.000000000000000000, 23.10000000000000853 ) ) ;
#855 = ORIENTED_EDGE ( 'NONE', *, *, #5137, .T. ) ;
#856 = CIRCLE ( 'NONE', #6083, 6.999999999999999112 ) ;
#857 = CARTESIAN_POINT ( 'NONE',  ( -22.60636913918363433, 6.253758940657996312, 21.36515338581993362 ) ) ;
#858 = CARTESIAN_POINT ( 'NONE',  ( -13.96814575050769847, 28.10000000000000853, -32.72792206135788717 ) ) ;
#859 = LINE ( 'NONE', #4210, #9035 ) ;
#860 = CARTESIAN_POINT ( 'NONE',  ( -8.952528579314892099, -10.10000000000000853, -35.08564934601973562 ) ) ;
#861 = CARTESIAN_POINT ( 'NONE',  ( -13.48729904555406023, -6.886577103588365389, -37.81961552590050246 ) ) ;
#862 = EDGE_CURVE ( 'NONE', #2766, #6201, #8152, .T. ) ;
#863 = LINE ( 'NONE', #2127, #8761 ) ;
#864 = CARTESIAN_POINT ( 'NONE',  ( -26.62499999999998934, -15.00000000000000000, -39.29999999999999005 ) ) ;
#865 = EDGE_CURVE ( 'NONE', #3162, #8100, #2744, .T. ) ;
#866 = VECTOR ( 'NONE', #1426, 1000.000000000000000 ) ;
#867 = VECTOR ( 'NONE', #7252, 1000.000000000000000 ) ;
#868 = ORIENTED_EDGE ( 'NONE', *, *, #4413, .T. ) ;
#869 = ORIENTED_EDGE ( 'NONE', *, *, #1039, .T. ) ;
#870 = ORIENTED_EDGE ( 'NONE', *, *, #2768, .F. ) ;
#871 = CARTESIAN_POINT ( 'NONE',  ( 3.570122197767650718, 15.25135460600989212, -15.00000000000000000 ) ) ;
#872 = EDGE_CURVE ( 'NONE', #5279, #9195, #856, .T. ) ;
#873 = DIRECTION ( 'NONE',  ( 1.765621858500567205E-16, 2.312964634635738322E-15, -1.000000000000000000 ) ) ;
#874 = CIRCLE ( 'NONE', #2802, 1.049999999999995381 ) ;
#875 = FACE_OUTER_BOUND ( 'NONE', #8585, .T. ) ;
#876 = FACE_OUTER_BOUND ( 'NONE', #6945, .T. ) ;
#877 = CIRCLE ( 'NONE', #2373, 1.000000000000000000 ) ;
#878 = ORIENTED_EDGE ( 'NONE', *, *, #4276, .T. ) ;
#879 = ORIENTED_EDGE ( 'NONE', *, *, #5491, .F. ) ;
#880 = CARTESIAN_POINT ( 'NONE',  ( -11.49822648916948253, -10.90755432578440853, 5.204170427930421283E-15 ) ) ;
#881 = CARTESIAN_POINT ( 'NONE',  ( -0.07098521412679612008, 19.28421494571414030, -25.00000000000000000 ) ) ;
#882 = AXIS2_PLACEMENT_3D ( 'NONE', #2298, #1733, #3870 ) ;
#883 = CARTESIAN_POINT ( 'NONE',  ( -13.96814575050796670, 28.10000000000000853, -19.72792206135788717 ) ) ;
#884 = CARTESIAN_POINT ( 'NONE',  ( -22.57500000000001705, -2.625000000000002220, 27.64663336986831155 ) ) ;
#885 = CARTESIAN_POINT ( 'NONE',  ( -23.68988283501805014, 11.86459062398952291, -0.2192963671901893008 ) ) ;
#886 = B_SPLINE_CURVE_WITH_KNOTS ( 'NONE', 3,
 ( #709, #6507, #6417, #4199, #7060, #6368 ),
 .UNSPECIFIED., .F., .F.,
 ( 4, 2, 4 ),
 ( -1.343209033063965384E-05, 0.001023702855597684964, 0.002060837801526009885 ),
 .UNSPECIFIED. ) ;
#887 = PLANE ( 'NONE',  #7542 ) ;
#888 = ORIENTED_EDGE ( 'NONE', *, *, #8507, .F. ) ;
#889 = FACE_OUTER_BOUND ( 'NONE', #704, .T. ) ;
#890 = ORIENTED_EDGE ( 'NONE', *, *, #3663, .T. ) ;
#891 = ORIENTED_EDGE ( 'NONE', *, *, #4653, .T. ) ;
#892 = ORIENTED_EDGE ( 'NONE', *, *, #4323, .F. ) ;
#893 = CARTESIAN_POINT ( 'NONE',  ( -13.57500000000001705, -11.99999999999999467, 23.10000000000001208 ) ) ;
#894 = DIRECTION ( 'NONE',  ( 1.000000000000000000, 0.000000000000000000, 0.000000000000000000 ) ) ;
#895 = LINE ( 'NONE', #8635, #1949 ) ;
#896 = EDGE_CURVE ( 'NONE', #2535, #8067, #441, .T. ) ;
#897 = DIRECTION ( 'NONE',  ( -0.000000000000000000, 1.000000000000000000, -0.000000000000000000 ) ) ;
#899 = EDGE_CURVE ( 'NONE', #9045, #2535, #7564, .T. ) ;
#898 = CARTESIAN_POINT ( 'NONE',  ( -13.39993915504746447, -7.100000000000001421, -33.09999999999998010 ) ) ;
#900 = CARTESIAN_POINT ( 'NONE',  ( -26.62500000000001066, -2.625000000000002220, 27.64663336986831155 ) ) ;
#901 = CARTESIAN_POINT ( 'NONE',  ( -22.89728151289126856, 0.8769652603862432283, 17.54745056584308927 ) ) ;
#902 = ORIENTED_EDGE ( 'NONE', *, *, #7400, .F. ) ;
#903 = CARTESIAN_POINT ( 'NONE',  ( 24.84746962085978694, -11.32575236365477522, 1.000000000000005107 ) ) ;
#904 = LINE ( 'NONE', #954, #1905 ) ;
#905 = CARTESIAN_POINT ( 'NONE',  ( 7.675000000000005151, 7.200000000000004619, -13.04999999999999893 ) ) ;
#906 = DIRECTION ( 'NONE',  ( -0.000000000000000000, 1.000000000000000000, -0.000000000000000000 ) ) ;
#907 = CARTESIAN_POINT ( 'NONE',  ( -22.62256308275782501, 12.99999999999999822, -0.2792407799438629823 ) ) ;
#908 = CARTESIAN_POINT ( 'NONE',  ( -10.43261184457493940, 10.10000000000000142, -29.19238815542516718 ) ) ;
#909 = DIRECTION ( 'NONE',  ( 2.164016633576080887E-32, 1.000000000000000000, -7.509625437129028195E-17 ) ) ;
#910 = EDGE_LOOP ( 'NONE', ( #7480, #6490, #3728, #7328, #6662, #682, #890, #405 ) ) ;
#911 = EDGE_LOOP ( 'NONE', ( #7773, #3583, #1666, #7068 ) ) ;
#912 = ADVANCED_FACE ( 'NONE', ( #4322 ), #7317, .T. ) ;
#913 = AXIS2_PLACEMENT_3D ( 'NONE', #8363, #6382, #8504 ) ;
#914 = ORIENTED_EDGE ( 'NONE', *, *, #1237, .T. ) ;
#915 = FACE_OUTER_BOUND ( 'NONE', #7601, .T. ) ;
#916 = CARTESIAN_POINT ( 'NONE',  ( 23.38337386567773990, 12.40856459690540881, -21.24420880696560943 ) ) ;
#917 = AXIS2_PLACEMENT_3D ( 'NONE', #640, #7266, #8704 ) ;
#918 = DIRECTION ( 'NONE',  ( 1.000000000000000000, -0.000000000000000000, 2.881657216719182496E-16 ) ) ;
#919 = CARTESIAN_POINT ( 'NONE',  ( 23.38337386567839005, -12.40856459690699154, -21.24420880696407465 ) ) ;
#920 = CARTESIAN_POINT ( 'NONE',  ( -24.19624610865415093, -9.384166123673086446, 9.821579276608620290 ) ) ;
#921 = CIRCLE ( 'NONE', #174, 2.000000000000001776 ) ;
#922 = VERTEX_POINT ( 'NONE', #8575 ) ;
#923 = ORIENTED_EDGE ( 'NONE', *, *, #6120, .T. ) ;
#924 = CARTESIAN_POINT ( 'NONE',  ( 24.29232910211738883, 11.39249142548340465, -19.94447314879274558 ) ) ;
#925 = CARTESIAN_POINT ( 'NONE',  ( 23.35028927980756563, -12.41182603749503777, -19.74143566993235410 ) ) ;
#926 = FACE_BOUND ( 'NONE', #4819, .T. ) ;
#927 = DIRECTION ( 'NONE',  ( 1.000000000000000000, -0.000000000000000000, 2.881657216719182496E-16 ) ) ;
#928 = CIRCLE ( 'NONE', #3168, 2.000000000000001776 ) ;
#929 = CARTESIAN_POINT ( 'NONE',  ( -25.40895269097278586, 10.87437425954136749, 0.1830242740759891462 ) ) ;
#930 = B_SPLINE_CURVE_WITH_KNOTS ( 'NONE', 3,
 ( #4134, #7040, #644, #595, #2740, #2042, #3490, #4889 ),
 .UNSPECIFIED., .F., .F.,
 ( 4, 2, 2, 4 ),
 ( 1.058839679280760845E-13, 0.007505034901588729726, 0.01125755235233015170, 0.01501006980307157540 ),
 .UNSPECIFIED. ) ;
#931 = EDGE_CURVE ( 'NONE', #6224, #5454, #4420, .T. ) ;
#932 = CARTESIAN_POINT ( 'NONE',  ( 3.751355417059062614, 14.99166330752147047, -25.02807526407636374 ) ) ;
#933 = VERTEX_POINT ( 'NONE', #7275 ) ;
#934 = CARTESIAN_POINT ( 'NONE',  ( -19.62499999999999645, 28.10000000000000853, -19.99999999999999289 ) ) ;
#935 = ORIENTED_EDGE ( 'NONE', *, *, #3325, .T. ) ;
#936 = ORIENTED_EDGE ( 'NONE', *, *, #1830, .F. ) ;
#937 = AXIS2_PLACEMENT_3D ( 'NONE', #6530, #918, #7220 ) ;
#938 = EDGE_LOOP ( 'NONE', ( #8673, #2820, #3322, #2292 ) ) ;
#939 = DIRECTION ( 'NONE',  ( -0.000000000000000000, -1.000000000000000000, -0.000000000000000000 ) ) ;
#940 = CARTESIAN_POINT ( 'NONE',  ( 12.92474176551372089, 13.53604000285835696, -25.78450240140050909 ) ) ;
#941 = AXIS2_PLACEMENT_3D ( 'NONE', #8136, #1096, #1193 ) ;
#942 = DIRECTION ( 'NONE',  ( 0.000000000000000000, -1.448536854396390644E-16, 1.000000000000000000 ) ) ;
#943 = EDGE_CURVE ( 'NONE', #2453, #9078, #180, .T. ) ;
#944 = CARTESIAN_POINT ( 'NONE',  ( -20.15380024153614258, -11.00000000000000000, 2.602085213965210642E-15 ) ) ;
#945 = EDGE_CURVE ( 'NONE', #3913, #8488, #8665, .T. ) ;
#946 = DIRECTION ( 'NONE',  ( 0.7071067811865431318, -3.693093820828796324E-16, -0.7071067811865520136 ) ) ;
#947 = DIRECTION ( 'NONE',  ( 0.000000000000000000, 0.000000000000000000, -1.000000000000000000 ) ) ;
#948 = CARTESIAN_POINT ( 'NONE',  ( -22.98859993248210998, 1.621647139599746712, 16.81832166743593504 ) ) ;
#949 = CIRCLE ( 'NONE', #4966, 1.049999999999995381 ) ;
#950 = EDGE_CURVE ( 'NONE', #6339, #6467, #7229, .T. ) ;
#951 = VERTEX_POINT ( 'NONE', #8623 ) ;
#952 = ORIENTED_EDGE ( 'NONE', *, *, #1299, .F. ) ;
#953 = DIRECTION ( 'NONE',  ( 2.881657216719182496E-16, 0.000000000000000000, -1.000000000000000000 ) ) ;
#954 = CARTESIAN_POINT ( 'NONE',  ( 7.675000000000007816, -7.100000000000002309, -33.09999999999998010 ) ) ;
#955 = EDGE_CURVE ( 'NONE', #3377, #1611, #4509, .T. ) ;
#956 = EDGE_CURVE ( 'NONE', #1920, #2783, #5175, .T. ) ;
#957 = CARTESIAN_POINT ( 'NONE',  ( 7.129014785873204474, 19.28421494571414030, -25.00000000000000000 ) ) ;
#958 = CARTESIAN_POINT ( 'NONE',  ( 1.171438667347814544, -10.10000000000000853, -32.43787078708658811 ) ) ;
#959 = CARTESIAN_POINT ( 'NONE',  ( -5.575000000000010836, 10.10000000000000497, -12.04999999999998472 ) ) ;
#960 = CARTESIAN_POINT ( 'NONE',  ( 0.7409140745377401638, 15.42797345282370003, -25.00000000000000000 ) ) ;
#961 = CARTESIAN_POINT ( 'NONE',  ( 11.87584907796328082, 12.04151197227765557, 0.6822364339693200996 ) ) ;
#962 = EDGE_LOOP ( 'NONE', ( #6297, #1183, #4090, #8895 ) ) ;
#963 = ORIENTED_EDGE ( 'NONE', *, *, #7114, .T. ) ;
#964 = EDGE_LOOP ( 'NONE', ( #3619, #5995, #3799, #8848, #2035, #1870 ) ) ;
#965 = CARTESIAN_POINT ( 'NONE',  ( -23.69285357381577128, -11.86380899245590115, -0.2189663403288642507 ) ) ;
#966 = CARTESIAN_POINT ( 'NONE',  ( -19.01692035916533285, 14.99999999997368860, -38.29999999705319880 ) ) ;
#967 = DIRECTION ( 'NONE',  ( -0.000000000000000000, 0.000000000000000000, -1.000000000000000000 ) ) ;
#968 = CARTESIAN_POINT ( 'NONE',  ( 24.40428867061069695, -11.37960573135573661, -19.76927952217697992 ) ) ;
#969 = CARTESIAN_POINT ( 'NONE',  ( -5.575000000000010836, -10.10000000000000497, -12.04999999999999893 ) ) ;
#970 = AXIS2_PLACEMENT_3D ( 'NONE', #5837, #4465, #276 ) ;
#971 = ORIENTED_EDGE ( 'NONE', *, *, #6367, .T. ) ;
#972 = VERTEX_POINT ( 'NONE', #1577 ) ;
#973 = DIRECTION ( 'NONE',  ( -2.881657216719182496E-16, 7.509625437129028195E-17, 1.000000000000000000 ) ) ;
#974 = CARTESIAN_POINT ( 'NONE',  ( 7.675000000000007816, 7.099999999999995204, -33.09999999999998010 ) ) ;
#975 = CARTESIAN_POINT ( 'NONE',  ( -26.62500000000001066, 5.250000000000000000, 25.10000000000000853 ) ) ;
#976 = CARTESIAN_POINT ( 'NONE',  ( -5.575000000000010836, 10.10000000000000497, -12.04999999999998472 ) ) ;
#977 = DIRECTION ( 'NONE',  ( -0.6539012242937307651, -5.644976190005420135E-17, -0.7565799289349143253 ) ) ;
#978 = CARTESIAN_POINT ( 'NONE',  ( -0.07098521412679612008, 19.28421494571414030, -15.00000000000000000 ) ) ;
#979 = ORIENTED_EDGE ( 'NONE', *, *, #9181, .F. ) ;
#980 = FACE_OUTER_BOUND ( 'NONE', #1054, .T. ) ;
#981 = EDGE_LOOP ( 'NONE', ( #6123, #394, #3578, #681 ) ) ;
#982 = EDGE_CURVE ( 'NONE', #3257, #9150, #2238, .T. ) ;
#983 = ORIENTED_EDGE ( 'NONE', *, *, #5171, .F. ) ;
#984 = CIRCLE ( 'NONE', #2476, 20.00000000000000711 ) ;
#985 = DIRECTION ( 'NONE',  ( 0.7071067811865474617, -0.7071067811865474617, -0.000000000000000000 ) ) ;
#986 = DIRECTION ( 'NONE',  ( 1.000000000000000000, 0.000000000000000000, 2.881657216719182496E-16 ) ) ;
#987 = CARTESIAN_POINT ( 'NONE',  ( -22.77859916664647599, -11.75824209493545780, 6.505745400281707447 ) ) ;
#988 = EDGE_CURVE ( 'NONE', #8774, #6675, #833, .T. ) ;
#989 = AXIS2_PLACEMENT_3D ( 'NONE', #3809, #4607, #2557 ) ;
#990 = FACE_OUTER_BOUND ( 'NONE', #1386, .T. ) ;
#991 = CARTESIAN_POINT ( 'NONE',  ( 23.98512827848487561, 12.33712229117625014, 0.000000000000000000 ) ) ;
#992 = CARTESIAN_POINT ( 'NONE',  ( 24.57340646212747259, -11.49952854635215260, 0.1593877136066002009 ) ) ;
#993 = CARTESIAN_POINT ( 'NONE',  ( -23.02445639404653832, 2.492526502629615059, 16.55336663013170195 ) ) ;
#994 = ORIENTED_EDGE ( 'NONE', *, *, #6057, .F. ) ;
#995 = CIRCLE ( 'NONE', #7406, 4.000000000000000000 ) ;
#996 = ORIENTED_EDGE ( 'NONE', *, *, #1399, .F. ) ;
#997 = CARTESIAN_POINT ( 'NONE',  ( -26.62500000000001066, -2.624999999999998668, 18.55336663013170195 ) ) ;
#998 = CARTESIAN_POINT ( 'NONE',  ( -24.49373389049654648, -7.999999999999996447, 9.678233104402590214 ) ) ;
#999 = FACE_OUTER_BOUND ( 'NONE', #5457, .T. ) ;
#1000 = CARTESIAN_POINT ( 'NONE',  ( 11.22901478587320234, 19.28421494571414030, -15.00000000000000000 ) ) ;
#1001 = EDGE_CURVE ( 'NONE', #7446, #5516, #5832, .T. ) ;
#1002 = DIRECTION ( 'NONE',  ( 1.079438565345101231E-14, 0.000000000000000000, 1.000000000000000000 ) ) ;
#1003 = DIRECTION ( 'NONE',  ( 0.000000000000000000, 0.000000000000000000, 1.000000000000000000 ) ) ;
#1005 = CIRCLE ( 'NONE', #6230, 1.049999999999995381 ) ;
#1004 = VECTOR ( 'NONE', #310, 1000.000000000000000 ) ;
#1006 = B_SPLINE_CURVE_WITH_KNOTS ( 'NONE', 3,
 ( #2583, #1837, #8186, #6747 ),
 .UNSPECIFIED., .F., .F.,
 ( 4, 4 ),
 ( 1.748639560102172273E-18, 0.001060819726724887037 ),
 .UNSPECIFIED. ) ;
#1007 = VERTEX_POINT ( 'NONE', #2979 ) ;
#1008 = VERTEX_POINT ( 'NONE', #4415 ) ;
#1009 = EDGE_LOOP ( 'NONE', ( #775, #6514, #2102, #202 ) ) ;
#1010 = LINE ( 'NONE', #6713, #6661 ) ;
#1011 = CARTESIAN_POINT ( 'NONE',  ( 3.434845444698498174, 13.28409159263601680, -33.74539703399662471 ) ) ;
#1012 = DIRECTION ( 'NONE',  ( 2.881657216719182496E-16, 0.000000000000000000, -1.000000000000000000 ) ) ;
#1013 = DIRECTION ( 'NONE',  ( -1.000000000000000000, 0.000000000000000000, -3.469446951953614189E-16 ) ) ;
#1014 = CARTESIAN_POINT ( 'NONE',  ( 25.29906244294154405, -11.27605323092913991, -18.13600817114115671 ) ) ;
#1015 = EDGE_CURVE ( 'NONE', #2588, #3684, #3718, .T. ) ;
#1016 = CARTESIAN_POINT ( 'NONE',  ( 4.329014785873202875, 14.46034136971579187, -25.30058981402942919 ) ) ;
#1017 = EDGE_CURVE ( 'NONE', #7435, #6016, #8013, .T. ) ;
#1018 = VERTEX_POINT ( 'NONE', #2601 ) ;
#1019 = B_SPLINE_CURVE_WITH_KNOTS ( 'NONE', 3,
 ( #2959, #860, #19, #958, #3653, #2865 ),
 .UNSPECIFIED., .F., .F.,
 ( 4, 2, 4 ),
 ( -0.06089425283554363716, 0.5000000000000000000, 1.031590230494396243 ),
 .UNSPECIFIED. ) ;
#1020 = ORIENTED_EDGE ( 'NONE', *, *, #6966, .F. ) ;
#1021 = CIRCLE ( 'NONE', #6988, 1.049999999999995381 ) ;
#1022 = CARTESIAN_POINT ( 'NONE',  ( 3.024999999999989697, -1.908195823574487804E-14, -35.99574535177758605 ) ) ;
#1023 = CARTESIAN_POINT ( 'NONE',  ( 22.56627866080043887, -12.50566558229493275, 5.139118297581291017E-14 ) ) ;
#1024 = AXIS2_PLACEMENT_3D ( 'NONE', #1090, #3928, #1921 ) ;
#1025 = CARTESIAN_POINT ( 'NONE',  ( -10.37500000000001066, -14.67484512100641503, -2.706249106042045938 ) ) ;
#1026 = FACE_OUTER_BOUND ( 'NONE', #4038, .T. ) ;
#1027 = CARTESIAN_POINT ( 'NONE',  ( -26.36675168249864498, 9.499115977366399122, -0.1663719924560798091 ) ) ;
#1028 = DIRECTION ( 'NONE',  ( 2.881657216719182496E-16, 0.000000000000000000, -1.000000000000000000 ) ) ;
#1029 = VERTEX_POINT ( 'NONE', #5361 ) ;
#1030 = CARTESIAN_POINT ( 'NONE',  ( -25.16583269131959000, -7.100000000000003197, -36.29999999999999005 ) ) ;
#1031 = ORIENTED_EDGE ( 'NONE', *, *, #3335, .T. ) ;
#1032 = AXIS2_PLACEMENT_3D ( 'NONE', #8275, #1886, #6241 ) ;
#1033 = ORIENTED_EDGE ( 'NONE', *, *, #526, .F. ) ;
#1034 = EDGE_CURVE ( 'NONE', #3705, #1752, #6678, .T. ) ;
#1035 = DIRECTION ( 'NONE',  ( -1.000000000000000000, 1.652117596168389334E-15, 0.000000000000000000 ) ) ;
#1036 = CARTESIAN_POINT ( 'NONE',  ( 0.6843457781378422533, 14.42956196941575620, -15.00000000000480505 ) ) ;
#1037 = CARTESIAN_POINT ( 'NONE',  ( 14.25239222187603616, -8.329815395450223647, -28.86724688830720709 ) ) ;
#1038 = CARTESIAN_POINT ( 'NONE',  ( -11.07500000000001705, 5.250000000000000000, 24.15000000000001279 ) ) ;
#1039 = EDGE_CURVE ( 'NONE', #2923, #2338, #3303, .T. ) ;
#1040 = DIRECTION ( 'NONE',  ( 0.000000000000000000, 0.000000000000000000, -1.000000000000000000 ) ) ;
#1041 = LINE ( 'NONE', #6875, #6172 ) ;
#1042 = CARTESIAN_POINT ( 'NONE',  ( 22.62499999999999645, 12.99999999999999645, 5.204170427930421283E-15 ) ) ;
#1043 = ORIENTED_EDGE ( 'NONE', *, *, #5422, .F. ) ;
#1044 = EDGE_LOOP ( 'NONE', ( #29, #4781, #3034, #5960 ) ) ;
#1045 = ORIENTED_EDGE ( 'NONE', *, *, #2801, .F. ) ;
#1046 = FACE_OUTER_BOUND ( 'NONE', #6651, .T. ) ;
#1047 = CARTESIAN_POINT ( 'NONE',  ( -10.17224623924378513, 14.87568846737826966, -3.999999999999996447 ) ) ;
#1048 = CARTESIAN_POINT ( 'NONE',  ( -19.33384987920313591, 14.99999999999999645, -37.29999965588239519 ) ) ;
#1049 = DIRECTION ( 'NONE',  ( 0.000000000000000000, 0.000000000000000000, -1.000000000000000000 ) ) ;
#1050 = PLANE ( 'NONE',  #6810 ) ;
#1051 = CARTESIAN_POINT ( 'NONE',  ( -26.84991221830399866, -11.99999999999999822, 6.505745400281707447 ) ) ;
#1052 = EDGE_CURVE ( 'NONE', #1338, #1429, #1100, .T. ) ;
#1053 = ORIENTED_EDGE ( 'NONE', *, *, #2118, .T. ) ;
#1054 = EDGE_LOOP ( 'NONE', ( #1654, #1078, #4650, #634, #7543 ) ) ;
#1055 = ORIENTED_EDGE ( 'NONE', *, *, #5219, .F. ) ;
#1056 = LINE ( 'NONE', #4595, #8283 ) ;
#1057 = CARTESIAN_POINT ( 'NONE',  ( -3.269682230477276796, 14.63474184481355245, -35.79253150404355210 ) ) ;
#1058 = DIRECTION ( 'NONE',  ( 8.587739980083203670E-17, 1.000000000000000000, 0.000000000000000000 ) ) ;
#1059 = CARTESIAN_POINT ( 'NONE',  ( -26.62499999999998934, -2.599999999999995648, -37.09999999999998721 ) ) ;
#1060 = CARTESIAN_POINT ( 'NONE',  ( -7.885989357117977328, -13.82148917088871976, -36.88048769960599316 ) ) ;
#1061 = DIRECTION ( 'NONE',  ( 1.000000000000000000, -0.000000000000000000, 2.881657216719182496E-16 ) ) ;
#1062 = VECTOR ( 'NONE', #1633, 1000.000000000000000 ) ;
#1063 = VECTOR ( 'NONE', #3565, 1000.000000000000000 ) ;
#1064 = ORIENTED_EDGE ( 'NONE', *, *, #7731, .F. ) ;
#1065 = ORIENTED_EDGE ( 'NONE', *, *, #1439, .T. ) ;
#1066 = CIRCLE ( 'NONE', #1365, 1.000000000000000000 ) ;
#1067 = CARTESIAN_POINT ( 'NONE',  ( -13.96814575050769847, -7.900000000000000355, -32.72792206135788717 ) ) ;
#1068 = DIRECTION ( 'NONE',  ( 1.000000000000000000, -0.000000000000000000, 2.881657216719182496E-16 ) ) ;
#1069 = EDGE_CURVE ( 'NONE', #303, #5019, #5316, .T. ) ;
#1070 = CARTESIAN_POINT ( 'NONE',  ( 26.62499999999998934, 0.000000000000000000, 23.10000000000001918 ) ) ;
#1071 = VECTOR ( 'NONE', #6080, 1000.000000000000000 ) ;
#1072 = CARTESIAN_POINT ( 'NONE',  ( 20.62499999999998934, 5.250000000000000000, 24.15000000000002345 ) ) ;
#1073 = CARTESIAN_POINT ( 'NONE',  ( -25.63018275453103456, -7.453446780208840217, 6.230126515376956498 ) ) ;
#1074 = DIRECTION ( 'NONE',  ( 1.000000000000000000, -0.000000000000000000, 2.881657216719182496E-16 ) ) ;
#1075 = ORIENTED_EDGE ( 'NONE', *, *, #8529, .F. ) ;
#1076 = CARTESIAN_POINT ( 'NONE',  ( 12.49798334620740725, -11.99999999999999645, 1.000000000000005329 ) ) ;
#1077 = ORIENTED_EDGE ( 'NONE', *, *, #3284, .T. ) ;
#1078 = ORIENTED_EDGE ( 'NONE', *, *, #8762, .T. ) ;
#1079 = DIRECTION ( 'NONE',  ( -0.000000000000000000, -0.000000000000000000, 1.000000000000000000 ) ) ;
#1080 = CARTESIAN_POINT ( 'NONE',  ( -24.62499999999998934, -8.000000000000000000, -36.29999999999999005 ) ) ;
#1081 = CARTESIAN_POINT ( 'NONE',  ( -22.66549305126175895, -1.393989688903275237, 20.15112453613201993 ) ) ;
#1082 = DIRECTION ( 'NONE',  ( 1.000000000000000000, 8.381007514813918854E-33, 1.765621858500567205E-16 ) ) ;
#1083 = LINE ( 'NONE', #3231, #5002 ) ;
#1084 = DIRECTION ( 'NONE',  ( -1.000000000000000000, -0.000000000000000000, -2.881657216719182496E-16 ) ) ;
#1085 = AXIS2_PLACEMENT_3D ( 'NONE', #1744, #7484, #6745 ) ;
#1086 = CARTESIAN_POINT ( 'NONE',  ( -22.70638116758082603, 0.8878022015117436050, 19.55294064928689579 ) ) ;
#1087 = VERTEX_POINT ( 'NONE', #1718 ) ;
#1088 = ORIENTED_EDGE ( 'NONE', *, *, #7153, .F. ) ;
#1089 = FACE_OUTER_BOUND ( 'NONE', #7147, .T. ) ;
#1090 = CARTESIAN_POINT ( 'NONE',  ( -16.57500000000001350, -2.625000000000002220, 27.64663336986831510 ) ) ;
#1091 = FACE_OUTER_BOUND ( 'NONE', #6350, .T. ) ;
#1092 = DIRECTION ( 'NONE',  ( -0.000000000000000000, -0.000000000000000000, 1.000000000000000000 ) ) ;
#1093 = CARTESIAN_POINT ( 'NONE',  ( -12.56490135261886998, 10.93026997420698621, 5.204170427930421283E-15 ) ) ;
#1094 = CIRCLE ( 'NONE', #1976, 8.000000000000001776 ) ;
#1095 = CIRCLE ( 'NONE', #2287, 1.000000000000000444 ) ;
#1096 = DIRECTION ( 'NONE',  ( 1.000000000000000000, 0.000000000000000000, 2.881657216719182496E-16 ) ) ;
#1097 = VERTEX_POINT ( 'NONE', #3165 ) ;
#1098 = ORIENTED_EDGE ( 'NONE', *, *, #7436, .T. ) ;
#1099 = ORIENTED_EDGE ( 'NONE', *, *, #225, .F. ) ;
#1100 = B_SPLINE_CURVE_WITH_KNOTS ( 'NONE', 3,
 ( #2559, #8995, #4743, #273, #2466, #6067, #3997, #8202, #5403, #3119, #8909, #1896, #7504, #6722 ),
 .UNSPECIFIED., .F., .F.,
 ( 4, 2, 2, 2, 2, 2, 4 ),
 ( 0.000000000000000000, 0.001173777073882399311, 0.001760665610823604604, 0.002347554147764809897, 0.002934442684706014756, 0.003521331221647219616, 0.004695108295529628467 ),
 .UNSPECIFIED. ) ;
#1101 = CARTESIAN_POINT ( 'NONE',  ( -25.67769534255661412, -10.59533623681915238, 0.2943831358692884370 ) ) ;
#1102 = CARTESIAN_POINT ( 'NONE',  ( 9.642903682131414911, 13.80956119448032382, -30.19237218016514035 ) ) ;
#1103 = DIRECTION ( 'NONE',  ( -1.765621858500567205E-16, -0.000000000000000000, 1.000000000000000000 ) ) ;
#1104 = CARTESIAN_POINT ( 'NONE',  ( -18.21811974579579285, 13.12500000000000000, -41.79999999999999005 ) ) ;
#1105 = ADVANCED_FACE ( 'NONE', ( #3810 ), #2514, .T. ) ;
#1106 = CARTESIAN_POINT ( 'NONE',  ( -10.35709542524178595, -14.88793001249385384, -36.35166141953895647 ) ) ;
#1107 = DIRECTION ( 'NONE',  ( 1.000000000000000000, -0.000000000000000000, 2.881657216719182496E-16 ) ) ;
#1108 = ORIENTED_EDGE ( 'NONE', *, *, #9148, .F. ) ;
#1109 = VERTEX_POINT ( 'NONE', #3950 ) ;
#1110 = ORIENTED_EDGE ( 'NONE', *, *, #1675, .F. ) ;
#1111 = EDGE_CURVE ( 'NONE', #7403, #6813, #1113, .T. ) ;
#1112 = DIRECTION ( 'NONE',  ( -1.000000000000000000, 0.000000000000000000, -0.000000000000000000 ) ) ;
#1113 = LINE ( 'NONE', #455, #615 ) ;
#1114 = CARTESIAN_POINT ( 'NONE',  ( -17.73932361996342522, -15.00000000000000000, -15.95674419190221194 ) ) ;
#1115 =( NAMED_UNIT ( * ) PLANE_ANGLE_UNIT ( ) SI_UNIT ( $, .RADIAN. ) );
#1116 = DIRECTION ( 'NONE',  ( -1.765621858500567205E-16, 8.587739980083203670E-17, 1.000000000000000000 ) ) ;
#1117 = EDGE_CURVE ( 'NONE', #7033, #5996, #3262, .T. ) ;
#1118 = CIRCLE ( 'NONE', #3794, 2.000000000000001776 ) ;
#1119 = DIRECTION ( 'NONE',  ( 0.000000000000000000, 0.000000000000000000, -1.000000000000000000 ) ) ;
#1120 = ORIENTED_EDGE ( 'NONE', *, *, #5229, .F. ) ;
#1121 = EDGE_CURVE ( 'NONE', #6438, #7021, #4935, .T. ) ;
#1122 = ORIENTED_EDGE ( 'NONE', *, *, #7345, .F. ) ;
#1123 = ADVANCED_FACE ( 'NONE', ( #8244 ), #6117, .F. ) ;
#1124 = VERTEX_POINT ( 'NONE', #6863 ) ;
#1125 = FACE_OUTER_BOUND ( 'NONE', #3605, .T. ) ;
#1126 = CIRCLE ( 'NONE', #819, 1.050000000000002265 ) ;
#1127 = LINE ( 'NONE', #6914, #105 ) ;
#1128 = CARTESIAN_POINT ( 'NONE',  ( -19.62499999999999645, 28.10000000000000853, -19.99999999999999289 ) ) ;
#1129 = DIRECTION ( 'NONE',  ( -0.000000000000000000, -0.000000000000000000, -1.000000000000000000 ) ) ;
#1130 = CARTESIAN_POINT ( 'NONE',  ( 3.649014785873204936, 16.14421494571413263, -15.00000000000000000 ) ) ;
#1131 = EDGE_CURVE ( 'NONE', #8281, #7403, #8103, .T. ) ;
#1132 = LINE ( 'NONE', #6037, #3771 ) ;
#1133 = EDGE_CURVE ( 'NONE', #6827, #972, #8154, .T. ) ;
#1134 = CARTESIAN_POINT ( 'NONE',  ( 8.509014785873199926, 16.14421494571413263, -25.00000000000000000 ) ) ;
#1135 = EDGE_LOOP ( 'NONE', ( #5300, #6619, #7102, #2375 ) ) ;
#1136 = VERTEX_POINT ( 'NONE', #4608 ) ;
#1137 = ORIENTED_EDGE ( 'NONE', *, *, #8593, .F. ) ;
#1138 = B_SPLINE_CURVE_WITH_KNOTS ( 'NONE', 3,
 ( #4009, #2570, #7605, #8214, #557, #5371 ),
 .UNSPECIFIED., .F., .F.,
 ( 4, 2, 4 ),
 ( 0.000000000000000000, 0.002228051803368447277, 0.004456103606736894554 ),
 .UNSPECIFIED. ) ;
#1139 = CIRCLE ( 'NONE', #2328, 0.8499999999999957589 ) ;
#1140 = CARTESIAN_POINT ( 'NONE',  ( -19.62499999999999645, 15.00000000000000000, -4.000000000000010658 ) ) ;
#1141 = LINE ( 'NONE', #6843, #783 ) ;
#1142 = FACE_OUTER_BOUND ( 'NONE', #1928, .T. ) ;
#1143 = AXIS2_PLACEMENT_3D ( 'NONE', #4612, #6727, #8250 ) ;
#1144 = FACE_OUTER_BOUND ( 'NONE', #9031, .T. ) ;
#1145 = CARTESIAN_POINT ( 'NONE',  ( -2.175000000000006040, -4.799999999999940314, -15.45000000000000107 ) ) ;
#1146 = AXIS2_PLACEMENT_3D ( 'NONE', #1331, #579, #2724 ) ;
#1147 = EDGE_LOOP ( 'NONE', ( #27, #5041 ) ) ;
#1148 = VECTOR ( 'NONE', #8727, 1000.000000000000000 ) ;
#1149 = ORIENTED_EDGE ( 'NONE', *, *, #2889, .T. ) ;
#1150 = EDGE_CURVE ( 'NONE', #6224, #3428, #7460, .T. ) ;
#1151 = CARTESIAN_POINT ( 'NONE',  ( 15.12499999999998757, 0.000000000000000000, 23.10000000000001918 ) ) ;
#1152 = DIRECTION ( 'NONE',  ( 0.000000000000000000, -0.000000000000000000, -1.000000000000000000 ) ) ;
#1153 = DIRECTION ( 'NONE',  ( 2.478176394252581634E-16, 0.000000000000000000, -1.000000000000000000 ) ) ;
#1154 = CARTESIAN_POINT ( 'NONE',  ( -18.41664326403306262, -14.99846909350236501, -38.27965181275311579 ) ) ;
#1155 = LINE ( 'NONE', #3298, #6826 ) ;
#1156 = VECTOR ( 'NONE', #1734, 1000.000000000000000 ) ;
#1157 = ADVANCED_FACE ( 'NONE', ( #3903 ), #3755, .F. ) ;
#1158 = ORIENTED_EDGE ( 'NONE', *, *, #6652, .F. ) ;
#1159 = ORIENTED_EDGE ( 'NONE', *, *, #6599, .F. ) ;
#1160 = EDGE_LOOP ( 'NONE', ( #8857, #3658, #7738, #269 ) ) ;
#1161 = VECTOR ( 'NONE', #8059, 1000.000000000000000 ) ;
#1162 = LINE ( 'NONE', #2644, #533 ) ;
#1163 = CARTESIAN_POINT ( 'NONE',  ( 12.22901478587320234, 19.28421494571414030, -15.00000000000000000 ) ) ;
#1164 = CARTESIAN_POINT ( 'NONE',  ( 22.62499999999999645, 7.999999999999996447, 1.000000000000004441 ) ) ;
#1165 = DIRECTION ( 'NONE',  ( 0.000000000000000000, 0.000000000000000000, -1.000000000000000000 ) ) ;
#1166 = DIRECTION ( 'NONE',  ( -1.000000000000000000, 2.164016633576080887E-32, -0.000000000000000000 ) ) ;
#1167 = EDGE_CURVE ( 'NONE', #7088, #7263, #1253, .T. ) ;
#1168 = EDGE_LOOP ( 'NONE', ( #1291, #3844, #2472, #6901 ) ) ;
#1169 =( NAMED_UNIT ( * ) SI_UNIT ( $, .STERADIAN. ) SOLID_ANGLE_UNIT ( ) );
#1170 = VERTEX_POINT ( 'NONE', #6253 ) ;
#1171 = VECTOR ( 'NONE', #5224, 1000.000000000000000 ) ;
#1172 = VECTOR ( 'NONE', #5654, 1000.000000000000000 ) ;
#1173 = EDGE_LOOP ( 'NONE', ( #3875, #3616, #4761, #5067 ) ) ;
#1174 = CARTESIAN_POINT ( 'NONE',  ( -26.62500000000001066, -2.625000000000002220, 26.59663336986831439 ) ) ;
#1175 = DIRECTION ( 'NONE',  ( 1.000000000000000000, -0.000000000000000000, 2.881657216719182496E-16 ) ) ;
#1176 = CARTESIAN_POINT ( 'NONE',  ( -25.16583269131958644, -7.100000000000001421, -30.13015151901649347 ) ) ;
#1177 = DIRECTION ( 'NONE',  ( -1.000000000000000000, 0.000000000000000000, 0.000000000000000000 ) ) ;
#1178 = VECTOR ( 'NONE', #4146, 1000.000000000000000 ) ;
#1179 = DIRECTION ( 'NONE',  ( -1.334402673828310480E-15, -1.000000000000000000, 0.000000000000000000 ) ) ;
#1180 = CARTESIAN_POINT ( 'NONE',  ( 23.97466646679895064, -11.77060918152917246, 0.9105751988788899354 ) ) ;
#1181 = DIRECTION ( 'NONE',  ( 0.6539012242937307651, 3.951483333003794341E-16, 0.7565799289349143253 ) ) ;
#1182 = VECTOR ( 'NONE', #6614, 1000.000000000000000 ) ;
#1183 = ORIENTED_EDGE ( 'NONE', *, *, #6769, .T. ) ;
#1184 = VERTEX_POINT ( 'NONE', #4223 ) ;
#1185 = B_SPLINE_CURVE_WITH_KNOTS ( 'NONE', 3,
 ( #3951, #1114, #1853, #3263 ),
 .UNSPECIFIED., .F., .F.,
 ( 4, 4 ),
 ( 4.906538933386797396E-18, 0.008000123665385643762 ),
 .UNSPECIFIED. ) ;
#1186 = EDGE_CURVE ( 'NONE', #4626, #7759, #1987, .T. ) ;
#1187 = CARTESIAN_POINT ( 'NONE',  ( 20.62499999999998934, 2.624999999999998668, 18.55336663013172327 ) ) ;
#1188 = CARTESIAN_POINT ( 'NONE',  ( 7.675000000000007816, -2.599999999999995648, -37.09999999999998010 ) ) ;
#1189 = EDGE_CURVE ( 'NONE', #2246, #475, #4085, .T. ) ;
#1190 = CIRCLE ( 'NONE', #1923, 2.000000000000001776 ) ;
#1191 = CARTESIAN_POINT ( 'NONE',  ( -24.62499999999998579, 8.000000000000000000, -37.79999999999998295 ) ) ;
#1192 = CARTESIAN_POINT ( 'NONE',  ( -10.62712255461673649, 12.09999999999999254, -35.34359239950281761 ) ) ;
#1193 = DIRECTION ( 'NONE',  ( 2.891205793294679805E-16, 0.000000000000000000, -1.000000000000000000 ) ) ;
#1194 = EDGE_LOOP ( 'NONE', ( #5769, #5217 ) ) ;
#1195 = ORIENTED_EDGE ( 'NONE', *, *, #6723, .F. ) ;
#1196 = CARTESIAN_POINT ( 'NONE',  ( -0.07098521412679599518, 18.28421494571414030, -25.00000000000000000 ) ) ;
#1197 = FACE_OUTER_BOUND ( 'NONE', #6379, .T. ) ;
#1198 = CARTESIAN_POINT ( 'NONE',  ( -13.57500000000000995, -13.46525516647014697, -0.8815774571582968289 ) ) ;
#1199 = CARTESIAN_POINT ( 'NONE',  ( -3.308591250585612986, -13.64675130606132747, -35.80267410557166130 ) ) ;
#1200 = CARTESIAN_POINT ( 'NONE',  ( -22.10245581736227294, -11.75681438083220343, 8.605745400281710644 ) ) ;
#1201 = ADVANCED_FACE ( 'NONE', ( #9083 ), #6300, .F. ) ;
#1202 = ORIENTED_EDGE ( 'NONE', *, *, #1296, .T. ) ;
#1203 = VERTEX_POINT ( 'NONE', #8474 ) ;
#1204 = VERTEX_POINT ( 'NONE', #8376 ) ;
#1205 = PLANE ( 'NONE',  #393 ) ;
#1206 = DIRECTION ( 'NONE',  ( -1.000000000000000000, -9.366785582234730440E-17, 0.000000000000000000 ) ) ;
#1207 = CARTESIAN_POINT ( 'NONE',  ( 20.37076997953811386, 12.76646718819268322, 0.000000000000000000 ) ) ;
#1208 = DIRECTION ( 'NONE',  ( 0.000000000000000000, 0.000000000000000000, -1.000000000000000000 ) ) ;
#1209 = CIRCLE ( 'NONE', #2403, 1.049999999999998934 ) ;
#1210 = CARTESIAN_POINT ( 'NONE',  ( -25.21872556028796097, -11.96275856012861993, -0.9875861867095321323 ) ) ;
#1211 = ORIENTED_EDGE ( 'NONE', *, *, #950, .T. ) ;
#1212 = ORIENTED_EDGE ( 'NONE', *, *, #6785, .F. ) ;
#1213 = AXIS2_PLACEMENT_3D ( 'NONE', #9024, #4774, #5482 ) ;
#1214 = CARTESIAN_POINT ( 'NONE',  ( -26.10512359406909866, -11.27674005832711224, -0.7589133527756961595 ) ) ;
#1215 = CARTESIAN_POINT ( 'NONE',  ( -13.96814575050796670, 14.95551785225861963, -19.72792206135788717 ) ) ;
#1216 = EDGE_CURVE ( 'NONE', #2007, #1, #8509, .T. ) ;
#1217 = FACE_OUTER_BOUND ( 'NONE', #3033, .T. ) ;
#1218 = CARTESIAN_POINT ( 'NONE',  ( 26.62499999999998934, 2.624999999999998668, 16.55336663013171972 ) ) ;
#1219 = CARTESIAN_POINT ( 'NONE',  ( -22.61676944294264402, 5.250000000000000000, 21.10000000000000497 ) ) ;
#1220 = EDGE_CURVE ( 'NONE', #2453, #6771, #3887, .T. ) ;
#1221 = CARTESIAN_POINT ( 'NONE',  ( -13.57500000000001350, -8.103426060940030595, 9.770281504007396478 ) ) ;
#1222 = CYLINDRICAL_SURFACE ( 'NONE', #7580, 1.049999999999998934 ) ;
#1223 = EDGE_LOOP ( 'NONE', ( #2376, #3625, #8280, #5348, #4470 ) ) ;
#1224 = ORIENTED_EDGE ( 'NONE', *, *, #7117, .F. ) ;
#1225 = ORIENTED_EDGE ( 'NONE', *, *, #1515, .T. ) ;
#1226 = CYLINDRICAL_SURFACE ( 'NONE', #4558, 11.99999999999999467 ) ;
#1227 = CARTESIAN_POINT ( 'NONE',  ( -10.37500000000001243, -15.00000000000000000, -10.00000000000000000 ) ) ;
#1228 = EDGE_CURVE ( 'NONE', #3670, #2293, #2645, .T. ) ;
#1229 = EDGE_CURVE ( 'NONE', #9129, #1920, #2691, .T. ) ;
#1230 = CARTESIAN_POINT ( 'NONE',  ( -9.037135919540316920, 12.10000000000000675, -35.10392274404122759 ) ) ;
#1231 = CARTESIAN_POINT ( 'NONE',  ( -11.07500000000001528, 8.572527594031474176E-16, 16.10000000000000853 ) ) ;
#1232 = CARTESIAN_POINT ( 'NONE',  ( -13.57500000000000995, 11.99999999999999645, -0.1406273990108923566 ) ) ;
#1233 = AXIS2_PLACEMENT_3D ( 'NONE', #3142, #2447, #5294 ) ;
#1234 = CARTESIAN_POINT ( 'NONE',  ( -10.37500000000001243, 14.88096929326675166, -10.00000000000000000 ) ) ;
#1235 = EDGE_CURVE ( 'NONE', #2934, #5278, #5585, .T. ) ;
#1236 = ORIENTED_EDGE ( 'NONE', *, *, #2697, .F. ) ;
#1237 = EDGE_CURVE ( 'NONE', #2786, #2131, #6798, .T. ) ;
#1238 = EDGE_CURVE ( 'NONE', #9150, #692, #8424, .T. ) ;
#1239 = EDGE_LOOP ( 'NONE', ( #1315, #9002, #2709, #8672 ) ) ;
#1240 = AXIS2_PLACEMENT_3D ( 'NONE', #2836, #8002, #5165 ) ;
#1241 = DIRECTION ( 'NONE',  ( -1.000000000000000000, 0.000000000000000000, 0.000000000000000000 ) ) ;
#1242 = FACE_OUTER_BOUND ( 'NONE', #2269, .T. ) ;
#1243 = AXIS2_PLACEMENT_3D ( 'NONE', #8697, #3750, #5956 ) ;
#1244 = CARTESIAN_POINT ( 'NONE',  ( 18.55986236122889821, -12.95899549045716803, -24.78275314811232377 ) ) ;
#1245 = CARTESIAN_POINT ( 'NONE',  ( 26.62499999999998934, 0.000000000000000000, 23.10000000000001918 ) ) ;
#1246 = B_SPLINE_CURVE_WITH_KNOTS ( 'NONE', 3,
 ( #8642, #2911, #4301, #6607, #5100, #5149, #6468, #7251, #5712, #7987, #7943, #857, #1554, #3694, #6562, #3001 ),
 .UNSPECIFIED., .F., .F.,
 ( 4, 2, 2, 2, 2, 2, 2, 4 ),
 ( 0.009381318014384640649, 0.009771873844464618389, 0.01016242967454459786, 0.01055298550462457560, 0.01094354133470455334, 0.01133409716478453108, 0.01172465299486450882, 0.01250576465502446430 ),
 .UNSPECIFIED. ) ;
#1247 = VERTEX_POINT ( 'NONE', #7038 ) ;
#1248 = VECTOR ( 'NONE', #199, 1000.000000000000000 ) ;
#1249 = ORIENTED_EDGE ( 'NONE', *, *, #1121, .F. ) ;
#1250 = ORIENTED_EDGE ( 'NONE', *, *, #1017, .T. ) ;
#1251 = EDGE_LOOP ( 'NONE', ( #4136, #1327, #2806, #5910, #3200, #5780, #3396, #6527, #8927, #3888 ) ) ;
#1252 = CARTESIAN_POINT ( 'NONE',  ( -4.575000000000037481, -7.200000000000004619, -13.04999999999999893 ) ) ;
#1253 = LINE ( 'NONE', #2138, #3000 ) ;
#1254 = DIRECTION ( 'NONE',  ( -0.000000000000000000, -0.000000000000000000, -1.000000000000000000 ) ) ;
#1255 = CARTESIAN_POINT ( 'NONE',  ( 20.62499999999998934, 2.624999999999995559, 28.69663336986832292 ) ) ;
#1256 =( BOUNDED_SURFACE ( )  B_SPLINE_SURFACE ( 3, 2, ( 
 ( #2063, #4911, #7756 ),
 ( #1370, #1414, #4956 ),
 ( #7802, #4202, #4248 ),
 ( #2857, #668, #7111 ) ),
 .UNSPECIFIED., .F., .F., .F. ) 
 B_SPLINE_SURFACE_WITH_KNOTS ( ( 4, 4 ),
 ( 3, 3 ),
 ( 0.02014957080572563411, 0.02562091645294004363 ),
 ( 0.000000000000000000, 1.000000000000000000 ),
 .UNSPECIFIED. ) 
 GEOMETRIC_REPRESENTATION_ITEM ( )  RATIONAL_B_SPLINE_SURFACE ( (
 ( 1.000000000000000000, 0.7071067811865482389, 1.000000000000000000),
 ( 1.000000000000000000, 0.7071067811865482389, 1.000000000000000000),
 ( 1.000000000000000000, 0.7071067811865475727, 1.000000000000000000),
 ( 1.000000000000000000, 0.7071067811865475727, 1.000000000000000000) ) ) 
 REPRESENTATION_ITEM ( '' )  SURFACE ( )  );
#1257 = DIRECTION ( 'NONE',  ( 0.000000000000000000, 0.000000000000000000, -1.000000000000000000 ) ) ;
#1258 = VERTEX_POINT ( 'NONE', #4884 ) ;
#1259 = ORIENTED_EDGE ( 'NONE', *, *, #8817, .F. ) ;
#1260 = CARTESIAN_POINT ( 'NONE',  ( -25.81809971959248173, -10.44535047934325434, -0.4817834931139634569 ) ) ;
#1261 = DIRECTION ( 'NONE',  ( 3.637153004071018598E-30, 1.000000000000000000, -2.059984127722470731E-14 ) ) ;
#1262 = LINE ( 'NONE', #3403, #1071 ) ;
#1263 = AXIS2_PLACEMENT_3D ( 'NONE', #457, #6209, #1165 ) ;
#1264 = CARTESIAN_POINT ( 'NONE',  ( -26.62500000000001066, -5.250000000000000000, 22.05000000000001492 ) ) ;
#1265 = CARTESIAN_POINT ( 'NONE',  ( 20.62499999999998934, -2.624999999999998668, 18.55336663013171972 ) ) ;
#1266 = CARTESIAN_POINT ( 'NONE',  ( 7.892821782178217838, 12.10000000000000142, -29.80631172782874216 ) ) ;
#1267 = EDGE_CURVE ( 'NONE', #577, #6479, #1344, .T. ) ;
#1268 = CARTESIAN_POINT ( 'NONE',  ( -11.07500000000001705, 0.000000000000000000, 23.10000000000001208 ) ) ;
#1269 = ORIENTED_EDGE ( 'NONE', *, *, #8976, .F. ) ;
#1270 = ORIENTED_EDGE ( 'NONE', *, *, #6882, .F. ) ;
#1271 = ORIENTED_EDGE ( 'NONE', *, *, #8473, .T. ) ;
#1272 = EDGE_CURVE ( 'NONE', #1919, #5113, #8657, .T. ) ;
#1273 = DIRECTION ( 'NONE',  ( -0.000000000000000000, -0.000000000000000000, -1.000000000000000000 ) ) ;
#1274 = CARTESIAN_POINT ( 'NONE',  ( -13.31229052912825139, 7.405506453681539369, -37.79633372974993932 ) ) ;
#1275 = CARTESIAN_POINT ( 'NONE',  ( 10.81812077693266971, 14.70904383322612929, -25.00000000000000000 ) ) ;
#1276 = LINE ( 'NONE', #5520, #3020 ) ;
#1277 = DIRECTION ( 'NONE',  ( 2.881657216719182496E-16, 0.000000000000000000, -1.000000000000000000 ) ) ;
#1278 = CARTESIAN_POINT ( 'NONE',  ( 17.62499999999999289, 0.000000000000000000, 16.10000000000001918 ) ) ;
#1279 = DIRECTION ( 'NONE',  ( -1.765621858500567205E-16, -8.587739980083203670E-17, 1.000000000000000000 ) ) ;
#1280 = ORIENTED_EDGE ( 'NONE', *, *, #6757, .F. ) ;
#1281 = ORIENTED_EDGE ( 'NONE', *, *, #4737, .T. ) ;
#1282 = CIRCLE ( 'NONE', #1727, 2.000000000000001776 ) ;
#1283 = EDGE_CURVE ( 'NONE', #7701, #2387, #5385, .T. ) ;
#1284 = DIRECTION ( 'NONE',  ( -2.152597620521748705E-16, 0.6648241617864406594, 0.7469998888252639135 ) ) ;
#1285 = DIRECTION ( 'NONE',  ( 0.000000000000000000, 0.000000000000000000, -1.000000000000000000 ) ) ;
#1286 = CARTESIAN_POINT ( 'NONE',  ( 26.62500000000001066, -11.12083833849424330, -12.18909485313484709 ) ) ;
#1287 = FACE_OUTER_BOUND ( 'NONE', #2224, .T. ) ;
#1288 = AXIS2_PLACEMENT_3D ( 'NONE', #454, #8329, #8423 ) ;
#1289 = CARTESIAN_POINT ( 'NONE',  ( -27.14411235225713170, 9.824785313660798991, -0.2749284378869241152 ) ) ;
#1290 = DIRECTION ( 'NONE',  ( -0.7071067811865520136, 0.000000000000000000, -0.7071067811865431318 ) ) ;
#1291 = ORIENTED_EDGE ( 'NONE', *, *, #7365, .T. ) ;
#1292 = ORIENTED_EDGE ( 'NONE', *, *, #5830, .F. ) ;
#1293 = ORIENTED_EDGE ( 'NONE', *, *, #7758, .T. ) ;
#1294 = VERTEX_POINT ( 'NONE', #2880 ) ;
#1295 = CARTESIAN_POINT ( 'NONE',  ( 3.024999999999990585, -7.200000000000004619, -10.00000000000000000 ) ) ;
#1296 = EDGE_CURVE ( 'NONE', #7325, #5650, #169, .T. ) ;
#1297 = DIRECTION ( 'NONE',  ( 0.000000000000000000, 0.000000000000000000, -1.000000000000000000 ) ) ;
#1298 = LINE ( 'NONE', #6949, #8531 ) ;
#1299 = EDGE_CURVE ( 'NONE', #6155, #1590, #5915, .T. ) ;
#1300 = FACE_BOUND ( 'NONE', #5252, .T. ) ;
#1301 = CARTESIAN_POINT ( 'NONE',  ( -18.57500000000001705, -11.99999999999999467, 23.10000000000000853 ) ) ;
#1302 = ORIENTED_EDGE ( 'NONE', *, *, #9160, .T. ) ;
#1303 = VECTOR ( 'NONE', #8778, 999.9999999999998863 ) ;
#1304 = ORIENTED_EDGE ( 'NONE', *, *, #5314, .T. ) ;
#1305 = CARTESIAN_POINT ( 'NONE',  ( -25.40895269097286047, -10.87437425954129111, 0.1830242740760215092 ) ) ;
#1306 = DIRECTION ( 'NONE',  ( 0.000000000000000000, 0.000000000000000000, -1.000000000000000000 ) ) ;
#1307 = LINE ( 'NONE', #2530, #3890 ) ;
#1308 = CARTESIAN_POINT ( 'NONE',  ( -1.070985214126796370, 15.52145826415290308, -15.00000000000000000 ) ) ;
#1309 = DIRECTION ( 'NONE',  ( 0.000000000000000000, 0.000000000000000000, 1.000000000000000000 ) ) ;
#1310 = FACE_OUTER_BOUND ( 'NONE', #2888, .T. ) ;
#1311 = LINE ( 'NONE', #3320, #1178 ) ;
#1312 = EDGE_CURVE ( 'NONE', #7932, #3936, #1436, .T. ) ;
#1313 = ORIENTED_EDGE ( 'NONE', *, *, #323, .F. ) ;
#1314 = ORIENTED_EDGE ( 'NONE', *, *, #2782, .F. ) ;
#1315 = ORIENTED_EDGE ( 'NONE', *, *, #7555, .F. ) ;
#1316 = LINE ( 'NONE', #4241, #4407 ) ;
#1317 = LINE ( 'NONE', #754, #8310 ) ;
#1318 = ADVANCED_FACE ( 'NONE', ( #6440 ), #2097, .T. ) ;
#1319 = CARTESIAN_POINT ( 'NONE',  ( 4.329014785873201987, 14.19919496893260025, -13.99999999999999822 ) ) ;
#1320 = VECTOR ( 'NONE', #9051, 1000.000000000000000 ) ;
#1321 = DIRECTION ( 'NONE',  ( -1.000000000000000000, 0.000000000000000000, 0.000000000000000000 ) ) ;
#1322 = DIRECTION ( 'NONE',  ( 1.000000000000000000, 0.000000000000000000, 0.000000000000000000 ) ) ;
#1323 = ADVANCED_BREP_SHAPE_REPRESENTATION ( 'Wrist_Roll_Pitc', ( #2558, #8345 ), #3143 ) ;
#1324 = CARTESIAN_POINT ( 'NONE',  ( 22.62499999999999645, -11.99999999999999645, 0.8672861625754182402 ) ) ;
#1325 = VECTOR ( 'NONE', #2775, 1000.000000000000000 ) ;
#1326 = CARTESIAN_POINT ( 'NONE',  ( -14.66233354857220839, 14.28172997607813777, -1.760576658692705188 ) ) ;
#1327 = ORIENTED_EDGE ( 'NONE', *, *, #8247, .T. ) ;
#1328 = ORIENTED_EDGE ( 'NONE', *, *, #4514, .F. ) ;
#1329 = CARTESIAN_POINT ( 'NONE',  ( -22.95865502733948205, -1.300959690801751112, 17.04874072163217136 ) ) ;
#1330 = CIRCLE ( 'NONE', #7589, 2.000000000000001776 ) ;
#1331 = CARTESIAN_POINT ( 'NONE',  ( 26.62499999999998934, 2.624999999999998668, 18.55336663013172327 ) ) ;
#1332 = LINE ( 'NONE', #721, #7620 ) ;
#1333 = LINE ( 'NONE', #6288, #6256 ) ;
#1334 = CARTESIAN_POINT ( 'NONE',  ( -26.62500000000001066, 2.624999999999998668, 19.60336663013170266 ) ) ;
#1335 = EDGE_CURVE ( 'NONE', #1638, #5444, #651, .T. ) ;
#1336 = CARTESIAN_POINT ( 'NONE',  ( -25.52719282255227640, -7.399999999999996803, 6.536002708450570964 ) ) ;
#1337 = CARTESIAN_POINT ( 'NONE',  ( -26.62500000000001066, -2.624999999999998668, 18.55336663013170551 ) ) ;
#1338 = VERTEX_POINT ( 'NONE', #4292 ) ;
#1339 = ORIENTED_EDGE ( 'NONE', *, *, #2973, .F. ) ;
#1340 = VERTEX_POINT ( 'NONE', #9154 ) ;
#1341 = ORIENTED_EDGE ( 'NONE', *, *, #1915, .F. ) ;
#1342 = B_SPLINE_CURVE_WITH_KNOTS ( 'NONE', 3,
 ( #8832, #993, #4530, #6086, #1690, #3136, #948, #4578, #7296, #5994, #901, #3093, #8878, #2534, #4624, #2441, #5195, #7476, #1086, #336, #6739, #3187, #5333, #200, #3042, #3828, #5375, #3923, #3786, #5287 ),
 .UNSPECIFIED., .F., .F.,
 ( 4, 2, 2, 2, 2, 2, 2, 2, 2, 2, 2, 2, 2, 2, 4 ),
 ( 0.000000000000000000, 0.0003917532020802315103, 0.0007835064041604630205, 0.001175259606240694477, 0.001567012808320926041, 0.002350519212481395892, 0.003134025616641865960, 0.003525778818722100777, 0.003917532020802335160, 0.004309285222882571278, 0.004701038424962805662, 0.005092791627043040913, 0.005484544829123275296, 0.005876298031203511414, 0.006268051233283745798 ),
 .UNSPECIFIED. ) ;
#1343 = DIRECTION ( 'NONE',  ( -1.000000000000000000, 0.000000000000000000, -2.881657216719182989E-16 ) ) ;
#1344 = LINE ( 'NONE', #5679, #4777 ) ;
#1345 = FACE_OUTER_BOUND ( 'NONE', #6548, .T. ) ;
#1346 = ADVANCED_FACE ( 'NONE', ( #2855 ), #1458, .F. ) ;
#1347 = CARTESIAN_POINT ( 'NONE',  ( 5.297386856978961056, -2.602085213965210642E-15, -37.09999999999998010 ) ) ;
#1348 = CARTESIAN_POINT ( 'NONE',  ( 12.67500000000000604, 10.10000000000000142, -9.849999999999983658 ) ) ;
#1349 = ORIENTED_EDGE ( 'NONE', *, *, #5982, .F. ) ;
#1350 = EDGE_LOOP ( 'NONE', ( #6317, #807, #6248, #8881 ) ) ;
#1351 = EDGE_CURVE ( 'NONE', #117, #3960, #1066, .T. ) ;
#1352 = CARTESIAN_POINT ( 'NONE',  ( -26.63704962331287973, -7.664555726090367394, 0.4451480913032209719 ) ) ;
#1353 = CARTESIAN_POINT ( 'NONE',  ( -22.57500000000001705, -3.249999999999996447, 22.96814482484050046 ) ) ;
#1354 = CARTESIAN_POINT ( 'NONE',  ( 8.679014785873199855, 15.63421494571413639, -15.00000000000000000 ) ) ;
#1355 = DIRECTION ( 'NONE',  ( 1.000000000000000000, -0.000000000000000000, 2.881657216719182496E-16 ) ) ;
#1356 = DIRECTION ( 'NONE',  ( 0.000000000000000000, 0.000000000000000000, -1.000000000000000000 ) ) ;
#1357 = CARTESIAN_POINT ( 'NONE',  ( -5.575000000000010836, 8.200000000000020606, -12.04999999999998472 ) ) ;
#1358 = LINE ( 'NONE', #8486, #8805 ) ;
#1359 = VERTEX_POINT ( 'NONE', #2059 ) ;
#1360 = EDGE_LOOP ( 'NONE', ( #4948, #7590, #6053, #4071, #177, #855 ) ) ;
#1361 = AXIS2_PLACEMENT_3D ( 'NONE', #6426, #8551, #7898 ) ;
#1362 = ORIENTED_EDGE ( 'NONE', *, *, #24, .T. ) ;
#1363 = CARTESIAN_POINT ( 'NONE',  ( -22.57500000000001705, 7.250000000000000888, 23.10000000000000853 ) ) ;
#1364 = CARTESIAN_POINT ( 'NONE',  ( 8.624999999999992895, 0.000000000000000000, 8.000000000000005329 ) ) ;
#1365 = AXIS2_PLACEMENT_3D ( 'NONE', #5702, #6, #1410 ) ;
#1366 = LINE ( 'NONE', #2903, #4326 ) ;
#1367 = CARTESIAN_POINT ( 'NONE',  ( -19.62499999999986144, 15.00000000000000000, -6.999999999999993783 ) ) ;
#1368 = DIRECTION ( 'NONE',  ( -0.000000000000000000, -1.000000000000000000, -0.000000000000000000 ) ) ;
#1369 = AXIS2_PLACEMENT_3D ( 'NONE', #8602, #5813, #2219 ) ;
#1370 = CARTESIAN_POINT ( 'NONE',  ( 11.35875368983009359, 13.66278967854007931, -13.99999999999999822 ) ) ;
#1371 = CARTESIAN_POINT ( 'NONE',  ( 12.22901478587320234, 18.28421494571414030, -25.00000000000000000 ) ) ;
#1372 = ORIENTED_EDGE ( 'NONE', *, *, #2374, .T. ) ;
#1373 = ORIENTED_EDGE ( 'NONE', *, *, #1598, .T. ) ;
#1374 = LINE ( 'NONE', #7070, #4933 ) ;
#1375 = CARTESIAN_POINT ( 'NONE',  ( 24.25173984835972973, 12.30151636704639451, -18.23712764916202644 ) ) ;
#1376 = AXIS2_PLACEMENT_3D ( 'NONE', #132, #5611, #835 ) ;
#1377 = CARTESIAN_POINT ( 'NONE',  ( -24.62499999999998579, 8.000000000000000000, -39.29999999999999005 ) ) ;
#1378 = FACE_OUTER_BOUND ( 'NONE', #8937, .T. ) ;
#1379 = CARTESIAN_POINT ( 'NONE',  ( -19.62499999999999645, -15.00000000000000000, -37.52379999999998716 ) ) ;
#1380 = CARTESIAN_POINT ( 'NONE',  ( -27.58799846505769082, 7.958666454552006719, 0.3471111818160080298 ) ) ;
#1381 = CARTESIAN_POINT ( 'NONE',  ( 3.110228396461027778, 15.28111667608945190, -25.00000000000000000 ) ) ;
#1382 = ORIENTED_EDGE ( 'NONE', *, *, #6188, .T. ) ;
#1383 = VECTOR ( 'NONE', #1254, 1000.000000000000000 ) ;
#1384 = ORIENTED_EDGE ( 'NONE', *, *, #6539, .F. ) ;
#1385 = EDGE_LOOP ( 'NONE', ( #6944, #7614, #2553, #6620 ) ) ;
#1386 = EDGE_LOOP ( 'NONE', ( #1541, #7523, #2420, #8514, #258, #5301, #7796, #8652 ) ) ;
#1387 = VECTOR ( 'NONE', #23, 1000.000000000000000 ) ;
#1388 = CARTESIAN_POINT ( 'NONE',  ( -10.37500000000000888, 12.17341685255760986, -0.2059241181914372443 ) ) ;
#1389 = EDGE_CURVE ( 'NONE', #2587, #3682, #8351, .T. ) ;
#1390 = DIRECTION ( 'NONE',  ( 0.000000000000000000, 0.000000000000000000, 1.000000000000000000 ) ) ;
#1391 = CARTESIAN_POINT ( 'NONE',  ( -24.08416730868038869, -7.100000000000002309, -33.09999999999998721 ) ) ;
#1392 = PLANE ( 'NONE',  #670 ) ;
#1393 = AXIS2_PLACEMENT_3D ( 'NONE', #2396, #8033, #947 ) ;
#1394 = ORIENTED_EDGE ( 'NONE', *, *, #8907, .T. ) ;
#1395 = ADVANCED_FACE ( 'NONE', ( #7106, #6460 ), #4383, .F. ) ;
#1396 = ORIENTED_EDGE ( 'NONE', *, *, #2088, .T. ) ;
#1397 = CYLINDRICAL_SURFACE ( 'NONE', #6065, 1.049999999999995381 ) ;
#1398 = DIRECTION ( 'NONE',  ( -0.000000000000000000, 1.000000000000000000, -0.000000000000000000 ) ) ;
#1399 = EDGE_CURVE ( 'NONE', #2081, #1340, #3507, .T. ) ;
#1400 = CARTESIAN_POINT ( 'NONE',  ( 26.62499999999999645, 8.475934210616760112, 0.7620076873164054465 ) ) ;
#1401 = LINE ( 'NONE', #7744, #2512 ) ;
#1402 = CARTESIAN_POINT ( 'NONE',  ( -13.57500000000000995, 10.94854271258595624, -7.381296623649907229E-15 ) ) ;
#1403 = EDGE_CURVE ( 'NONE', #4545, #9076, #1366, .T. ) ;
#1404 = CARTESIAN_POINT ( 'NONE',  ( -19.62499999999999645, -13.99999999999999822, -38.29999999999999005 ) ) ;
#1405 = ORIENTED_EDGE ( 'NONE', *, *, #7941, .T. ) ;
#1406 = ORIENTED_EDGE ( 'NONE', *, *, #7695, .T. ) ;
#1407 = ORIENTED_EDGE ( 'NONE', *, *, #3734, .T. ) ;
#1408 = CARTESIAN_POINT ( 'NONE',  ( 12.67500000000000604, 10.10000000000000142, -29.70912988879060279 ) ) ;
#1409 = FACE_OUTER_BOUND ( 'NONE', #7971, .T. ) ;
#1410 = DIRECTION ( 'NONE',  ( -0.06755233331522461637, 1.734723475976807094E-15, -0.9977157321921253930 ) ) ;
#1411 = FACE_BOUND ( 'NONE', #4934, .T. ) ;
#1412 = EDGE_CURVE ( 'NONE', #2576, #2543, #7753, .T. ) ;
#1413 = DIRECTION ( 'NONE',  ( -1.000000000000000000, 0.000000000000000000, 0.000000000000000000 ) ) ;
#1415 = EDGE_CURVE ( 'NONE', #1294, #6665, #886, .T. ) ;
#1414 = CARTESIAN_POINT ( 'NONE',  ( 11.35875368983044709, 13.66278967854121085, -15.00000000000316369 ) ) ;
#1416 = CARTESIAN_POINT ( 'NONE',  ( -19.31083502193769874, 13.99987239901617997, -38.29817666897892536 ) ) ;
#1417 = AXIS2_PLACEMENT_3D ( 'NONE', #1347, #4932, #4177 ) ;
#1418 = CARTESIAN_POINT ( 'NONE',  ( -13.57500000000000995, -11.99999999999999645, -0.9999999999999892308 ) ) ;
#1419 = ORIENTED_EDGE ( 'NONE', *, *, #1499, .T. ) ;
#1420 = EDGE_LOOP ( 'NONE', ( #5514, #4017, #2318, #6030, #5266, #1033 ) ) ;
#1421 = CARTESIAN_POINT ( 'NONE',  ( -16.56062007662913160, -15.00000000000000000, -23.06437992337090037 ) ) ;
#1422 = CARTESIAN_POINT ( 'NONE',  ( 24.51442457326121271, 12.26890397608078054, -17.71503478239933926 ) ) ;
#1423 = DIRECTION ( 'NONE',  ( 0.9157875096611443055, -0.4016630891040890439, 0.000000000000000000 ) ) ;
#1424 = CARTESIAN_POINT ( 'NONE',  ( 25.75626592697308581, -11.22267645548342330, -17.04130096174364084 ) ) ;
#1425 = DIRECTION ( 'NONE',  ( -1.000000000000000000, 0.000000000000000000, 0.000000000000000000 ) ) ;
#1426 = DIRECTION ( 'NONE',  ( -0.000000000000000000, -0.000000000000000000, -1.000000000000000000 ) ) ;
#1427 = DIRECTION ( 'NONE',  ( 1.000000000000000000, -0.000000000000000000, 2.881657216719182496E-16 ) ) ;
#1428 = EDGE_LOOP ( 'NONE', ( #4669, #575, #7782, #6320 ) ) ;
#1429 = VERTEX_POINT ( 'NONE', #9201 ) ;
#1430 = AXIS2_PLACEMENT_3D ( 'NONE', #8987, #9029, #3944 ) ;
#1431 = ORIENTED_EDGE ( 'NONE', *, *, #7959, .F. ) ;
#1432 = ADVANCED_FACE ( 'NONE', ( #5655, #5750, #8493, #8589, #4953, #2109, #2206 ), #6323, .F. ) ;
#1433 = B_SPLINE_CURVE_WITH_KNOTS ( 'NONE', 3,
 ( #6690, #3037, #3687, #145, #7382, #987, #2436, #2992, #5892, #6644 ),
 .UNSPECIFIED., .F., .F.,
 ( 4, 2, 2, 2, 4 ),
 ( 0.02527698251670738513, 0.02617473953883838259, 0.02707249656096937657, 0.02797025358310037402, 0.02886801060523137147 ),
 .UNSPECIFIED. ) ;
#1434 = ORIENTED_EDGE ( 'NONE', *, *, #945, .T. ) ;
#1435 = DIRECTION ( 'NONE',  ( -0.000000000000000000, -0.000000000000000000, -1.000000000000000000 ) ) ;
#1436 = LINE ( 'NONE', #3016, #315 ) ;
#1437 = AXIS2_PLACEMENT_3D ( 'NONE', #2970, #3846, #5256 ) ;
#1438 = CARTESIAN_POINT ( 'NONE',  ( 25.75185937550027759, 12.11275902115912295, -37.52379999999998716 ) ) ;
#1439 = EDGE_CURVE ( 'NONE', #4100, #5031, #2556, .T. ) ;
#1440 = FACE_OUTER_BOUND ( 'NONE', #4062, .T. ) ;
#1441 = AXIS2_PLACEMENT_3D ( 'NONE', #4002, #5409, #5977 ) ;
#1443 = VERTEX_POINT ( 'NONE', #4153 ) ;
#1442 = AXIS2_PLACEMENT_3D ( 'NONE', #9070, #4030, #7627 ) ;
#1444 = VERTEX_POINT ( 'NONE', #7015 ) ;
#1445 = CARTESIAN_POINT ( 'NONE',  ( 3.909204155015368887, 13.24873192947918099, -33.55186012354429437 ) ) ;
#1446 = CARTESIAN_POINT ( 'NONE',  ( -22.61676944294263336, -4.985878423299276996, 21.10000000000000142 ) ) ;
#1447 = DIRECTION ( 'NONE',  ( 0.000000000000000000, 0.7469998888252570302, 0.6648241617864483199 ) ) ;
#1448 = DIRECTION ( 'NONE',  ( -1.000000000000000000, 0.000000000000000000, 1.079438565345101231E-14 ) ) ;
#1449 = EDGE_CURVE ( 'NONE', #3973, #8541, #3542, .T. ) ;
#1450 = CARTESIAN_POINT ( 'NONE',  ( 4.015561432629672467, 14.82903797792183198, -25.07702227939042317 ) ) ;
#1451 = AXIS2_PLACEMENT_3D ( 'NONE', #7745, #4361, #512 ) ;
#1452 = CARTESIAN_POINT ( 'NONE',  ( -10.37500000000001599, 10.10000000000000142, -33.09999999999998010 ) ) ;
#1453 = ORIENTED_EDGE ( 'NONE', *, *, #7047, .F. ) ;
#1454 = ORIENTED_EDGE ( 'NONE', *, *, #8524, .T. ) ;
#1455 = ORIENTED_EDGE ( 'NONE', *, *, #6422, .T. ) ;
#1456 = CARTESIAN_POINT ( 'NONE',  ( -10.43261184457520763, 28.10000000000000853, -16.19238815542516718 ) ) ;
#1457 = DIRECTION ( 'NONE',  ( 0.000000000000000000, 0.000000000000000000, -1.000000000000000000 ) ) ;
#1458 = CYLINDRICAL_SURFACE ( 'NONE', #3441, 0.9999999999999991118 ) ;
#1459 = DIRECTION ( 'NONE',  ( 0.000000000000000000, 0.000000000000000000, 1.000000000000000000 ) ) ;
#1460 = FACE_OUTER_BOUND ( 'NONE', #5181, .T. ) ;
#1461 = CYLINDRICAL_SURFACE ( 'NONE', #6017, 1.049999999999998934 ) ;
#1462 = DIRECTION ( 'NONE',  ( 0.000000000000000000, 0.000000000000000000, -1.000000000000000000 ) ) ;
#1463 = ORIENTED_EDGE ( 'NONE', *, *, #8760, .F. ) ;
#1464 = AXIS2_PLACEMENT_3D ( 'NONE', #2049, #3544, #2240 ) ;
#1465 = EDGE_CURVE ( 'NONE', #5650, #5727, #8211, .T. ) ;
#1466 = CARTESIAN_POINT ( 'NONE',  ( -22.84327970294966192, -0.6887920115425930634, 18.03570117757276847 ) ) ;
#1467 = AXIS2_PLACEMENT_3D ( 'NONE', #4857, #4152, #7014 ) ;
#1468 = EDGE_CURVE ( 'NONE', #6401, #3593, #2393, .T. ) ;
#1469 = CARTESIAN_POINT ( 'NONE',  ( 9.675000000000004263, 10.09999999999999609, -31.19659787680117802 ) ) ;
#1470 = CARTESIAN_POINT ( 'NONE',  ( 12.67500000000000604, 10.10000000000000142, 13.64553149005147326 ) ) ;
#1471 = CARTESIAN_POINT ( 'NONE',  ( -14.52690616231086551, -2.700600398324509932, -37.95212370011672931 ) ) ;
#1472 = CYLINDRICAL_SURFACE ( 'NONE', #2908, 1.049999999999998934 ) ;
#1473 = CARTESIAN_POINT ( 'NONE',  ( 7.829014785873203763, 14.33759317804182665, -25.17400727359815704 ) ) ;
#1474 = DIRECTION ( 'NONE',  ( 0.7071067811865274777, 0.000000000000000000, -0.7071067811865675568 ) ) ;
#1475 = AXIS2_PLACEMENT_3D ( 'NONE', #6038, #8175, #2486 ) ;
#1476 = ORIENTED_EDGE ( 'NONE', *, *, #3839, .F. ) ;
#1477 = AXIS2_PLACEMENT_3D ( 'NONE', #629, #7716, #5623 ) ;
#1478 = VERTEX_POINT ( 'NONE', #5987 ) ;
#1479 = VERTEX_POINT ( 'NONE', #8118 ) ;
#1480 = VERTEX_POINT ( 'NONE', #3823 ) ;
#1481 = DIRECTION ( 'NONE',  ( 0.6652809670318275970, -0.7465930852246064342, 0.000000000000000000 ) ) ;
#1482 = CARTESIAN_POINT ( 'NONE',  ( 26.00349391983355574, 11.19388992144395090, -16.37470872419227419 ) ) ;
#1483 = CARTESIAN_POINT ( 'NONE',  ( 21.09021370720327937, 11.99999999999999645, 0.2345862877073652264 ) ) ;
#1484 = CARTESIAN_POINT ( 'NONE',  ( 26.62499999999998934, -2.625000000000001776, 29.64663336986832931 ) ) ;
#1485 = B_SPLINE_CURVE_WITH_KNOTS ( 'NONE', 3,
 ( #1614, #4454, #3938, #8940, #5210, #3153, #5162, #2455, #1101, #7360, #8798, #3892, #8000, #8049, #965, #2414, #3756, #7404 ),
 .UNSPECIFIED., .F., .F.,
 ( 4, 2, 2, 2, 2, 2, 2, 2, 4 ),
 ( 3.634908046050479256E-18, 0.0008137829341643776707, 0.001627565868328751655, 0.002441348802493125206, 0.003255131736657499407, 0.004068914670821873608, 0.004882697604986246942, 0.005696480539150621143, 0.006510263473314995344 ),
 .UNSPECIFIED. ) ;
#1486 = ORIENTED_EDGE ( 'NONE', *, *, #495, .F. ) ;
#1487 = ORIENTED_EDGE ( 'NONE', *, *, #158, .F. ) ;
#1488 = CARTESIAN_POINT ( 'NONE',  ( -12.56490135261841168, -10.93026997420697732, 5.204170427930421283E-15 ) ) ;
#1489 = CARTESIAN_POINT ( 'NONE',  ( 25.75185937549459680, -12.11275902115984948, -12.03976285529073920 ) ) ;
#1490 = CARTESIAN_POINT ( 'NONE',  ( 26.62499999999999645, 7.999999999999994671, 1.000000000000004441 ) ) ;
#1491 = CARTESIAN_POINT ( 'NONE',  ( -13.57500000000001705, 0.000000000000000000, 23.10000000000001208 ) ) ;
#1492 = CYLINDRICAL_SURFACE ( 'NONE', #6664, 1.049999999999995381 ) ;
#1493 = CARTESIAN_POINT ( 'NONE',  ( 8.954774932223640960, -12.88340747047582724, 0.005109525275226599501 ) ) ;
#1494 = VERTEX_POINT ( 'NONE', #7291 ) ;
#1495 = VERTEX_POINT ( 'NONE', #7978 ) ;
#1496 = ORIENTED_EDGE ( 'NONE', *, *, #955, .F. ) ;
#1497 = CIRCLE ( 'NONE', #5078, 20.00000000000000000 ) ;
#1498 = DIRECTION ( 'NONE',  ( -1.000000000000000000, -0.000000000000000000, -1.765621858500567205E-16 ) ) ;
#1499 = EDGE_CURVE ( 'NONE', #9161, #6016, #4571, .T. ) ;
#1500 = CARTESIAN_POINT ( 'NONE',  ( 12.45578095777205263, 13.84965445763293523, -25.28837694568725070 ) ) ;
#1501 = CARTESIAN_POINT ( 'NONE',  ( 26.62500000000000355, 14.16787163341026634, -14.20101887020065234 ) ) ;
#1502 = ADVANCED_FACE ( 'NONE', ( #5141 ), #1686, .T. ) ;
#1503 = CARTESIAN_POINT ( 'NONE',  ( -0.08093976648544656816, 15.30742071538437443, -15.00000000000000000 ) ) ;
#1504 = CARTESIAN_POINT ( 'NONE',  ( 7.675000000000007816, 0.000000000000000000, 6.056082974656944751E-15 ) ) ;
#1505 = LINE ( 'NONE', #853, #345 ) ;
#1506 = CARTESIAN_POINT ( 'NONE',  ( -26.62500000000001066, -2.625000000000002220, 28.69663336986831226 ) ) ;
#1507 = EDGE_LOOP ( 'NONE', ( #9172, #5389, #2921, #7591 ) ) ;
#1508 = VECTOR ( 'NONE', #8567, 1000.000000000000000 ) ;
#1509 = EDGE_CURVE ( 'NONE', #8326, #463, #1433, .T. ) ;
#1510 = DIRECTION ( 'NONE',  ( 1.000000000000000000, 0.000000000000000000, 2.881657216719182496E-16 ) ) ;
#1511 = DIRECTION ( 'NONE',  ( -1.000000000000000000, 0.000000000000000000, -2.881657216719182496E-16 ) ) ;
#1512 = CARTESIAN_POINT ( 'NONE',  ( -18.72528734895523428, 12.49154786668333017, -38.28938914232102064 ) ) ;
#1513 = CARTESIAN_POINT ( 'NONE',  ( 5.297386856978961056, -2.602085213965210642E-15, -29.29999999999998650 ) ) ;
#1514 = DIRECTION ( 'NONE',  ( 0.9157875096611443055, -0.4016630891040890439, 0.000000000000000000 ) ) ;
#1515 = EDGE_CURVE ( 'NONE', #4580, #9101, #354, .T. ) ;
#1516 = CARTESIAN_POINT ( 'NONE',  ( -0.2944331577962674973, -0.6713044231705223019, -41.79999999999999005 ) ) ;
#1517 = CARTESIAN_POINT ( 'NONE',  ( 7.829014785873205540, 13.94727521435340911, -26.00000000000000355 ) ) ;
#1518 = CARTESIAN_POINT ( 'NONE',  ( 12.49798334620740725, 11.99999999999999645, 1.000000000000005329 ) ) ;
#1519 = EDGE_CURVE ( 'NONE', #5913, #3107, #166, .T. ) ;
#1520 = EDGE_CURVE ( 'NONE', #3128, #3751, #5850, .T. ) ;
#1521 = ORIENTED_EDGE ( 'NONE', *, *, #5617, .F. ) ;
#1522 = ORIENTED_EDGE ( 'NONE', *, *, #3488, .T. ) ;
#1523 = ORIENTED_EDGE ( 'NONE', *, *, #4126, .T. ) ;
#1524 = VERTEX_POINT ( 'NONE', #8029 ) ;
#1525 = CARTESIAN_POINT ( 'NONE',  ( 4.329014785873203763, 14.78421494571413852, -14.90923280789884053 ) ) ;
#1526 = CARTESIAN_POINT ( 'NONE',  ( 19.07834413630579462, 11.96470903640163286, -25.56339594561484319 ) ) ;
#1527 = CARTESIAN_POINT ( 'NONE',  ( 18.17312819460623530, 13.00000000560882008, 6.938893903907228378E-15 ) ) ;
#1528 = CARTESIAN_POINT ( 'NONE',  ( -10.62712255461673649, 12.09999999999999254, -29.29999999999998650 ) ) ;
#1529 = EDGE_CURVE ( 'NONE', #6899, #3973, #895, .T. ) ;
#1530 = CARTESIAN_POINT ( 'NONE',  ( 12.22901478587320234, 14.49486514259852399, -14.99592521518853161 ) ) ;
#1531 = ORIENTED_EDGE ( 'NONE', *, *, #4516, .F. ) ;
#1532 = ORIENTED_EDGE ( 'NONE', *, *, #816, .T. ) ;
#1533 = CARTESIAN_POINT ( 'NONE',  ( -14.56034940945658640, 13.96780247100718242, -37.96827828124672521 ) ) ;
#1534 = CARTESIAN_POINT ( 'NONE',  ( -16.57500000000001350, -2.624999999999998668, 18.55336663013170906 ) ) ;
#1535 = FILL_AREA_STYLE ('',( #5318 ) ) ;
#1536 = AXIS2_PLACEMENT_3D ( 'NONE', #7396, #4392, #1003 ) ;
#1537 = CARTESIAN_POINT ( 'NONE',  ( -4.574999999999995737, 10.10000000000000497, -13.04999999999999893 ) ) ;
#1538 = CARTESIAN_POINT ( 'NONE',  ( -19.62499999999998934, 15.00000000000000000, -27.07106781186552524 ) ) ;
#1539 = CARTESIAN_POINT ( 'NONE',  ( -24.54683014059672885, -10.57782963992368330, 6.483575040205394657 ) ) ;
#1540 = EDGE_LOOP ( 'NONE', ( #750, #7225, #2876, #4615, #797, #2410, #4627, #1970 ) ) ;
#1541 = ORIENTED_EDGE ( 'NONE', *, *, #6973, .F. ) ;
#1542 = EDGE_LOOP ( 'NONE', ( #5696, #528, #5377, #3787, #1496, #9079, #5232, #8408, #1434, #7128 ) ) ;
#1543 = ADVANCED_FACE ( 'NONE', ( #4475, #5091, #7334 ), #7935, .F. ) ;
#1544 = CARTESIAN_POINT ( 'NONE',  ( -26.62499999999998934, -10.10000000000000853, -33.09999999999998721 ) ) ;
#1545 = DIRECTION ( 'NONE',  ( -1.000000000000000000, 0.000000000000000000, 0.000000000000000000 ) ) ;
#1546 = CARTESIAN_POINT ( 'NONE',  ( -70.47777777777830011, -36.63153466595210972, 23.10000000000000497 ) ) ;
#1547 = CARTESIAN_POINT ( 'NONE',  ( 25.62499999999999645, -11.12083830918277094, 5.204170427930421283E-15 ) ) ;
#1548 = EDGE_CURVE ( 'NONE', #2338, #2923, #6141, .T. ) ;
#1549 = CARTESIAN_POINT ( 'NONE',  ( -13.49649023082928068, 14.96088833646642158, -13.12850976917092538 ) ) ;
#1550 = DIRECTION ( 'NONE',  ( 0.000000000000000000, 0.000000000000000000, -1.000000000000000000 ) ) ;
#1551 = CARTESIAN_POINT ( 'NONE',  ( -10.43261184457493940, -14.88244887111394377, -29.19238815542516718 ) ) ;
#1552 = EDGE_CURVE ( 'NONE', #8795, #8835, #5817, .T. ) ;
#1553 = VERTEX_POINT ( 'NONE', #8600 ) ;
#1554 = CARTESIAN_POINT ( 'NONE',  ( -22.60869829938352282, 6.137187704730510340, 21.30282317340819986 ) ) ;
#1555 = CARTESIAN_POINT ( 'NONE',  ( -21.85674754639268258, 15.00000000000000000, 4.336808689942017736E-15 ) ) ;
#1556 = CARTESIAN_POINT ( 'NONE',  ( 22.29518670343324160, 12.53797156956859027, -21.15400705387451552 ) ) ;
#1557 = LINE ( 'NONE', #159, #8512 ) ;
#1558 = CARTESIAN_POINT ( 'NONE',  ( -0.8051859165233279381, -13.52669232981044445, -35.10962907404736200 ) ) ;
#1559 = DIRECTION ( 'NONE',  ( -2.518897925470365557E-49, -7.509625437129028195E-17, 1.000000000000000000 ) ) ;
#1560 = LINE ( 'NONE', #5816, #7133 ) ;
#1561 = CARTESIAN_POINT ( 'NONE',  ( -25.59450679630783299, -9.475357003913027043, 5.381102404194733957 ) ) ;
#1562 = ORIENTED_EDGE ( 'NONE', *, *, #4734, .F. ) ;
#1563 = ORIENTED_EDGE ( 'NONE', *, *, #7568, .F. ) ;
#1564 = EDGE_CURVE ( 'NONE', #5996, #9067, #8409, .T. ) ;
#1565 = CIRCLE ( 'NONE', #6497, 1.834999999999999742 ) ;
#1566 = VERTEX_POINT ( 'NONE', #4868 ) ;
#1567 = DIRECTION ( 'NONE',  ( 0.000000000000000000, -0.000000000000000000, 1.000000000000000000 ) ) ;
#1568 = CARTESIAN_POINT ( 'NONE',  ( 20.90426216776635826, 11.77159014294986150, -24.00277199231122083 ) ) ;
#1569 = DIRECTION ( 'NONE',  ( -0.000000000000000000, -1.000000000000000000, -0.000000000000000000 ) ) ;
#1570 = CARTESIAN_POINT ( 'NONE',  ( 22.66889749290140443, -12.49362954258160130, -20.68585260268106651 ) ) ;
#1571 = CARTESIAN_POINT ( 'NONE',  ( 9.675000000000006040, 10.10000000000000142, -9.849999999999983658 ) ) ;
#1572 = ORIENTED_EDGE ( 'NONE', *, *, #210, .F. ) ;
#1573 = VERTEX_POINT ( 'NONE', #2723 ) ;
#1574 = EDGE_CURVE ( 'NONE', #3282, #8150, #2104, .T. ) ;
#1575 = EDGE_CURVE ( 'NONE', #358, #8372, #5241, .T. ) ;
#1576 = CARTESIAN_POINT ( 'NONE',  ( 23.59623346300044844, 11.88533122549183219, 0.8669372277132036952 ) ) ;
#1577 = CARTESIAN_POINT ( 'NONE',  ( -13.57500000000001172, -7.399999999999995914, 8.471193762254689119 ) ) ;
#1578 = AXIS2_PLACEMENT_3D ( 'NONE', #3837, #7578, #2541 ) ;
#1579 = DIRECTION ( 'NONE',  ( -4.785727636935519874E-32, 1.000000000000000000, 2.710505431213760099E-16 ) ) ;
#1580 = VECTOR ( 'NONE', #8913, 1000.000000000000000 ) ;
#1581 = LINE ( 'NONE', #4417, #6041 ) ;
#1582 = CARTESIAN_POINT ( 'NONE',  ( -25.11183918117176006, 11.13567917473040225, 0.07829923352453142804 ) ) ;
#1583 = CIRCLE ( 'NONE', #4856, 2.000000000000001776 ) ;
#1584 = CARTESIAN_POINT ( 'NONE',  ( 9.675000000000004263, 10.09999999999999609, -31.19659787680117802 ) ) ;
#1585 = ORIENTED_EDGE ( 'NONE', *, *, #2919, .F. ) ;
#1586 = CARTESIAN_POINT ( 'NONE',  ( 4.329014785873201987, 14.19919496893260025, -13.99999999999999822 ) ) ;
#1587 = ORIENTED_EDGE ( 'NONE', *, *, #2083, .F. ) ;
#1588 = AXIS2_PLACEMENT_3D ( 'NONE', #3459, #5653, #2669 ) ;
#1589 = ORIENTED_EDGE ( 'NONE', *, *, #8302, .T. ) ;
#1590 = VERTEX_POINT ( 'NONE', #6469 ) ;
#1591 = PLANE ( 'NONE',  #2031 ) ;
#1592 = CARTESIAN_POINT ( 'NONE',  ( -22.62256308275782857, 11.99999999999999645, -0.2792407799438630933 ) ) ;
#1593 = CARTESIAN_POINT ( 'NONE',  ( 20.62499999999998934, 2.624999999999995559, 25.64663336986832576 ) ) ;
#1594 = CARTESIAN_POINT ( 'NONE',  ( -21.17556862445148624, -14.99999999999999645, 4.336808689942017736E-15 ) ) ;
#1595 = VECTOR ( 'NONE', #1427, 1000.000000000000000 ) ;
#1596 = CARTESIAN_POINT ( 'NONE',  ( 9.675000000000004263, -10.09999999999999609, -29.29999999999998650 ) ) ;
#1597 = DIRECTION ( 'NONE',  ( 0.000000000000000000, 1.000000000000000000, 0.000000000000000000 ) ) ;
#1598 = EDGE_CURVE ( 'NONE', #7021, #6438, #17, .T. ) ;
#1599 = DIRECTION ( 'NONE',  ( 0.000000000000000000, 1.000000000000000000, 0.000000000000000000 ) ) ;
#1600 = ORIENTED_EDGE ( 'NONE', *, *, #6092, .T. ) ;
#1601 = CIRCLE ( 'NONE', #3678, 2.000000000000001776 ) ;
#1602 = CARTESIAN_POINT ( 'NONE',  ( 7.818037896800961839, 15.00000000000000000, -32.01754607130297359 ) ) ;
#1603 = LINE ( 'NONE', #2401, #5192 ) ;
#1604 = CARTESIAN_POINT ( 'NONE',  ( -13.57500000000000995, -10.94854271258595801, -7.381296623649907229E-15 ) ) ;
#1605 = CARTESIAN_POINT ( 'NONE',  ( -24.79607565954190207, -7.399999999999962164, 8.681027457216893950 ) ) ;
#1606 = DIRECTION ( 'NONE',  ( 1.000000000000000000, -0.000000000000000000, 2.881657216719182496E-16 ) ) ;
#1607 = CARTESIAN_POINT ( 'NONE',  ( 2.585426337019290255, 15.31849315584446991, -25.00000000000000000 ) ) ;
#1608 = CARTESIAN_POINT ( 'NONE',  ( 9.936012851293490655, 12.54586858894511536, 0.1013057092088743560 ) ) ;
#1609 = AXIS2_PLACEMENT_3D ( 'NONE', #1491, #2747, #6312 ) ;
#1610 = AXIS2_PLACEMENT_3D ( 'NONE', #7437, #2491, #5245 ) ;
#1611 = VERTEX_POINT ( 'NONE', #5008 ) ;
#1612 = EDGE_LOOP ( 'NONE', ( #4221, #5555 ) ) ;
#1613 = ORIENTED_EDGE ( 'NONE', *, *, #155, .F. ) ;
#1614 = CARTESIAN_POINT ( 'NONE',  ( -26.58130259014061281, -7.999999999999996447, 1.321357987355051389 ) ) ;
#1615 = EDGE_CURVE ( 'NONE', #1752, #6993, #4344, .T. ) ;
#1616 = CARTESIAN_POINT ( 'NONE',  ( 22.66889749290448464, 12.49362954258122649, -20.68585260268310577 ) ) ;
#1617 = FACE_BOUND ( 'NONE', #1985, .T. ) ;
#1618 = TOROIDAL_SURFACE ( 'NONE', #7281, 5.000000000000000000, 1.000000000000000000 ) ;
#1619 = CARTESIAN_POINT ( 'NONE',  ( 25.17560767170445857, -12.18601519517455500, -16.06807950492974157 ) ) ;
#1620 = CARTESIAN_POINT ( 'NONE',  ( -18.57500000000001705, -7.999999999999994671, 23.10000000000000853 ) ) ;
#1621 = ORIENTED_EDGE ( 'NONE', *, *, #2629, .F. ) ;
#1622 = VERTEX_POINT ( 'NONE', #7022 ) ;
#1623 = EDGE_CURVE ( 'NONE', #2792, #9078, #464, .T. ) ;
#1624 = EDGE_CURVE ( 'NONE', #577, #5086, #3737, .T. ) ;
#1625 = CARTESIAN_POINT ( 'NONE',  ( 24.84746962085978694, 11.32575236365477345, 1.000000000000007772 ) ) ;
#1626 = DIRECTION ( 'NONE',  ( -1.000000000000000000, 0.000000000000000000, 0.000000000000000000 ) ) ;
#1627 = VECTOR ( 'NONE', #3087, 1000.000000000000000 ) ;
#1628 = CYLINDRICAL_SURFACE ( 'NONE', #1376, 1.049999999999995381 ) ;
#1629 = DIRECTION ( 'NONE',  ( 2.881657216719182496E-16, 0.000000000000000000, -1.000000000000000000 ) ) ;
#1630 = CARTESIAN_POINT ( 'NONE',  ( -26.10512359406909511, 11.27674005832725435, -0.7589133527757433439 ) ) ;
#1631 = CARTESIAN_POINT ( 'NONE',  ( -26.62499999999998934, 15.00000000000000000, -39.29999999999999005 ) ) ;
#1632 = ORIENTED_EDGE ( 'NONE', *, *, #8300, .F. ) ;
#1633 = DIRECTION ( 'NONE',  ( 1.000000000000000000, -0.000000000000000000, 2.881657216719182496E-16 ) ) ;
#1634 = EDGE_CURVE ( 'NONE', #2607, #4016, #6282, .T. ) ;
#1635 = EDGE_LOOP ( 'NONE', ( #8090, #4275, #5663, #5936 ) ) ;
#1636 = EDGE_CURVE ( 'NONE', #7919, #1478, #2552, .T. ) ;
#1637 = ORIENTED_EDGE ( 'NONE', *, *, #261, .F. ) ;
#1638 = VERTEX_POINT ( 'NONE', #5713 ) ;
#1639 = CARTESIAN_POINT ( 'NONE',  ( 26.62499999999999645, -9.952762886727123615, 0.1564200031841926630 ) ) ;
#1640 = CARTESIAN_POINT ( 'NONE',  ( 20.62499999999998934, 5.250000000000000000, 23.10000000000002274 ) ) ;
#1641 = DIRECTION ( 'NONE',  ( -1.000000000000000000, 0.000000000000000000, 0.000000000000000000 ) ) ;
#1642 = CYLINDRICAL_SURFACE ( 'NONE', #7294, 1.000000000000000000 ) ;
#1643 = DIRECTION ( 'NONE',  ( -0.000000000000000000, -0.000000000000000000, -1.000000000000000000 ) ) ;
#1644 = CARTESIAN_POINT ( 'NONE',  ( -16.57500000000001350, -2.624999999999998668, 18.55336663013170551 ) ) ;
#1645 = CARTESIAN_POINT ( 'NONE',  ( -13.57500000000000995, 12.68377223398315756, -1.227924077994376528 ) ) ;
#1646 = EDGE_LOOP ( 'NONE', ( #3389, #3724, #659, #7749 ) ) ;
#1647 = CARTESIAN_POINT ( 'NONE',  ( -11.07500000000001883, -2.625000000000002220, 26.59663336986831794 ) ) ;
#1648 = CARTESIAN_POINT ( 'NONE',  ( -23.90028431222810568, 15.00000000000000000, -3.999999999999996447 ) ) ;
#1649 = CARTESIAN_POINT ( 'NONE',  ( 7.829014785873203763, 13.96787652160098681, -14.23360323954045725 ) ) ;
#1650 = CARTESIAN_POINT ( 'NONE',  ( 13.13744632142985935, 13.49906635955071899, -26.00000000000000355 ) ) ;
#1651 = DIRECTION ( 'NONE',  ( -1.000000000000000000, -0.000000000000000000, -1.765621858500567205E-16 ) ) ;
#1652 = CARTESIAN_POINT ( 'NONE',  ( 0.6842373904402435647, 14.42956755287313619, -26.00000000000000355 ) ) ;
#1653 = CARTESIAN_POINT ( 'NONE',  ( -25.71649228189409797, -9.279582412098111632, 5.218974036389101734 ) ) ;
#1654 = ORIENTED_EDGE ( 'NONE', *, *, #4700, .T. ) ;
#1655 = ORIENTED_EDGE ( 'NONE', *, *, #1902, .F. ) ;
#1656 = CIRCLE ( 'NONE', #3151, 51.90277777777828305 ) ;
#1657 = ORIENTED_EDGE ( 'NONE', *, *, #3102, .F. ) ;
#1658 = DIRECTION ( 'NONE',  ( 2.881657216719182496E-16, 0.000000000000000000, -1.000000000000000000 ) ) ;
#1659 = CARTESIAN_POINT ( 'NONE',  ( 17.63442374610674435, 13.05713723642473312, -25.49511219634142378 ) ) ;
#1660 = DIRECTION ( 'NONE',  ( 1.000000000000000000, 0.000000000000000000, 2.881657216719182496E-16 ) ) ;
#1661 = CARTESIAN_POINT ( 'NONE',  ( 25.40308702607473279, 12.15719045456846636, 0.000000000000000000 ) ) ;
#1662 = CARTESIAN_POINT ( 'NONE',  ( -24.36247776283718025, -8.544513764437317249, 10.02966795603363437 ) ) ;
#1663 = AXIS2_PLACEMENT_3D ( 'NONE', #4942, #7093, #1447 ) ;
#1664 = EDGE_LOOP ( 'NONE', ( #7423, #5487, #1759, #6788 ) ) ;
#1665 = B_SPLINE_CURVE_WITH_KNOTS ( 'NONE', 3,
 ( #7925, #602, #88, #5787 ),
 .UNSPECIFIED., .F., .F.,
 ( 4, 4 ),
 ( 1.269001344909717229E-12, 0.002792665829996359133 ),
 .UNSPECIFIED. ) ;
#1666 = ORIENTED_EDGE ( 'NONE', *, *, #6692, .F. ) ;
#1667 = EDGE_CURVE ( 'NONE', #4993, #9045, #9211, .T. ) ;
#1668 = LINE ( 'NONE', #7369, #5157 ) ;
#1669 = CARTESIAN_POINT ( 'NONE',  ( -10.62712255461673649, -12.09999999999999964, -29.29999999999998650 ) ) ;
#1670 = DIRECTION ( 'NONE',  ( 0.000000000000000000, 0.000000000000000000, -1.000000000000000000 ) ) ;
#1671 = CARTESIAN_POINT ( 'NONE',  ( -19.62499999999999645, -15.00000000000000000, -37.29999999999998295 ) ) ;
#1672 = AXIS2_PLACEMENT_3D ( 'NONE', #7528, #1835, #1874 ) ;
#1673 = CARTESIAN_POINT ( 'NONE',  ( -23.95111556109343454, 11.78292209836017790, -0.1851011795679426697 ) ) ;
#1674 = LINE ( 'NONE', #978, #8427 ) ;
#1675 = EDGE_CURVE ( 'NONE', #7378, #8264, #1374, .T. ) ;
#1676 = ORIENTED_EDGE ( 'NONE', *, *, #1465, .T. ) ;
#1677 = FACE_OUTER_BOUND ( 'NONE', #7502, .T. ) ;
#1678 = ORIENTED_EDGE ( 'NONE', *, *, #3185, .F. ) ;
#1679 = VERTEX_POINT ( 'NONE', #3517 ) ;
#1680 = VECTOR ( 'NONE', #2459, 1000.000000000000000 ) ;
#1681 = ORIENTED_EDGE ( 'NONE', *, *, #2937, .T. ) ;
#1682 = EDGE_CURVE ( 'NONE', #6561, #7377, #2016, .T. ) ;
#1683 = LINE ( 'NONE', #1174, #9186 ) ;
#1684 = LINE ( 'NONE', #5140, #4876 ) ;
#1685 = CIRCLE ( 'NONE', #4355, 4.000000000000000000 ) ;
#1686 = CYLINDRICAL_SURFACE ( 'NONE', #8653, 1.000000000000000000 ) ;
#1687 = CARTESIAN_POINT ( 'NONE',  ( 20.62499999999998934, 2.624999999999995559, 26.59663336986833215 ) ) ;
#1688 = CARTESIAN_POINT ( 'NONE',  ( -22.71520164260857655, -4.424631784006693103, 19.43568475463428413 ) ) ;
#1689 = CYLINDRICAL_SURFACE ( 'NONE', #1393, 1.049999999999998934 ) ;
#1690 = CARTESIAN_POINT ( 'NONE',  ( -23.01037353810831476, 1.978872216723414734, 16.65607003419438925 ) ) ;
#1691 = CIRCLE ( 'NONE', #6915, 11.99999999999999289 ) ;
#1692 = ORIENTED_EDGE ( 'NONE', *, *, #3447, .T. ) ;
#1693 = ORIENTED_EDGE ( 'NONE', *, *, #77, .F. ) ;
#1694 = DIRECTION ( 'NONE',  ( 0.000000000000000000, 0.000000000000000000, -1.000000000000000000 ) ) ;
#1695 = EDGE_CURVE ( 'NONE', #7137, #732, #718, .T. ) ;
#1696 = CARTESIAN_POINT ( 'NONE',  ( -21.17556862445030319, 15.00000000000000000, -3.999999999999996447 ) ) ;
#1697 = CARTESIAN_POINT ( 'NONE',  ( -13.57500000000000995, -11.30529788976686234, 3.683855225101524763E-15 ) ) ;
#1698 = ADVANCED_FACE ( 'NONE', ( #16, #2862 ), #2166, .F. ) ;
#1699 = DIRECTION ( 'NONE',  ( -1.000000000000000000, 0.000000000000000000, -2.881657216719182496E-16 ) ) ;
#1700 = DIRECTION ( 'NONE',  ( 0.000000000000000000, 0.000000000000000000, 1.000000000000000000 ) ) ;
#1701 = FACE_OUTER_BOUND ( 'NONE', #2213, .T. ) ;
#1702 = ORIENTED_EDGE ( 'NONE', *, *, #6888, .T. ) ;
#1703 = ORIENTED_EDGE ( 'NONE', *, *, #7383, .T. ) ;
#1704 = ORIENTED_EDGE ( 'NONE', *, *, #7062, .T. ) ;
#1705 = PLANE ( 'NONE',  #5462 ) ;
#1706 = VECTOR ( 'NONE', #2048, 999.9999999999998863 ) ;
#1707 = CARTESIAN_POINT ( 'NONE',  ( 12.15700299688714558, 13.59409415115479014, -30.04542848129619870 ) ) ;
#1708 = CARTESIAN_POINT ( 'NONE',  ( -13.96814575050770024, -14.95551785225861252, -32.72792206135788717 ) ) ;
#1709 = CARTESIAN_POINT ( 'NONE',  ( -1.824999999999995071, -4.150795011477496669E-15, -39.29999999999999005 ) ) ;
#1710 = CARTESIAN_POINT ( 'NONE',  ( -26.62499999999999645, -9.936528246703327127, -0.2288505315842933041 ) ) ;
#1711 = DIRECTION ( 'NONE',  ( 0.000000000000000000, -1.734723475976807094E-15, -1.000000000000000000 ) ) ;
#1712 = EDGE_CURVE ( 'NONE', #463, #5591, #1656, .T. ) ;
#1713 = CIRCLE ( 'NONE', #5739, 51.90277777777828305 ) ;
#1714 = EDGE_LOOP ( 'NONE', ( #6305, #4267, #7190, #6225 ) ) ;
#1715 = ORIENTED_EDGE ( 'NONE', *, *, #5629, .F. ) ;
#1716 = EDGE_CURVE ( 'NONE', #4171, #7761, #6854, .T. ) ;
#1717 = CARTESIAN_POINT ( 'NONE',  ( -25.89720774447073026, -8.103426060940032372, 5.341209296556018060 ) ) ;
#1718 = CARTESIAN_POINT ( 'NONE',  ( 26.62499999999999645, -10.99999999999999645, 5.204170427930421283E-15 ) ) ;
#1719 = CARTESIAN_POINT ( 'NONE',  ( 7.829014785873203763, 14.78421494571413852, -25.01379349597922186 ) ) ;
#1720 = DIRECTION ( 'NONE',  ( 0.000000000000000000, 0.000000000000000000, -1.000000000000000000 ) ) ;
#1721 = CARTESIAN_POINT ( 'NONE',  ( -24.67645333411196162, 11.44422839585189955, -0.04619482448608387692 ) ) ;
#1722 = DIRECTION ( 'NONE',  ( 0.000000000000000000, 0.000000000000000000, -1.000000000000000000 ) ) ;
#1723 = ORIENTED_EDGE ( 'NONE', *, *, #8300, .T. ) ;
#1724 = DIRECTION ( 'NONE',  ( 0.000000000000000000, -0.000000000000000000, 1.000000000000000000 ) ) ;
#1725 = EDGE_LOOP ( 'NONE', ( #3820, #259, #2004, #8776, #5358 ) ) ;
#1726 = ORIENTED_EDGE ( 'NONE', *, *, #6137, .T. ) ;
#1727 = AXIS2_PLACEMENT_3D ( 'NONE', #8312, #198, #803 ) ;
#1728 = CARTESIAN_POINT ( 'NONE',  ( -22.91199948483013671, -11.99914153647506332, -0.9997138454918156336 ) ) ;
#1729 = CARTESIAN_POINT ( 'NONE',  ( 0.9290147858732040742, 19.28421494571414030, -25.00000000000000000 ) ) ;
#1730 = CARTESIAN_POINT ( 'NONE',  ( 18.06454013449943119, -4.051738293506196520, -26.35188650242551134 ) ) ;
#1731 = EDGE_CURVE ( 'NONE', #1444, #415, #6805, .T. ) ;
#1732 = AXIS2_PLACEMENT_3D ( 'NONE', #4976, #2179, #119 ) ;
#1733 = DIRECTION ( 'NONE',  ( 2.881657216719182989E-16, 0.000000000000000000, -1.000000000000000000 ) ) ;
#1734 = DIRECTION ( 'NONE',  ( -0.000000000000000000, 1.000000000000000000, -0.000000000000000000 ) ) ;
#1735 = CARTESIAN_POINT ( 'NONE',  ( 24.51110374053984131, -11.53282638720864561, 0.9821760184317264164 ) ) ;
#1736 = CIRCLE ( 'NONE', #7253, 16.00000000000000711 ) ;
#1737 = CARTESIAN_POINT ( 'NONE',  ( 7.675000000000007816, 10.10000000000000142, -33.09999999999998010 ) ) ;
#1738 = ORIENTED_EDGE ( 'NONE', *, *, #1189, .F. ) ;
#1739 = ORIENTED_EDGE ( 'NONE', *, *, #4209, .T. ) ;
#1740 = VECTOR ( 'NONE', #8094, 1000.000000000000000 ) ;
#1741 = ORIENTED_EDGE ( 'NONE', *, *, #3765, .T. ) ;
#1742 = LINE ( 'NONE', #4628, #3145 ) ;
#1743 = CARTESIAN_POINT ( 'NONE',  ( -19.81532436575400524, 15.00011440415868691, -3.999999999997633005 ) ) ;
#1744 = CARTESIAN_POINT ( 'NONE',  ( -10.43261184457493940, -7.900000000000000355, -29.19238815542516718 ) ) ;
#1745 = CARTESIAN_POINT ( 'NONE',  ( -11.49822648916994083, 10.90755432578442097, 5.204170427930421283E-15 ) ) ;
#1746 = CARTESIAN_POINT ( 'NONE',  ( -10.62712255461673649, -12.09999999999999964, -35.34377173803619598 ) ) ;
#1748 = VECTOR ( 'NONE', #3131, 1000.000000000000000 ) ;
#1747 = VECTOR ( 'NONE', #6532, 1000.000000000000000 ) ;
#1749 = ORIENTED_EDGE ( 'NONE', *, *, #2493, .T. ) ;
#1750 = EDGE_CURVE ( 'NONE', #6591, #6480, #6715, .T. ) ;
#1751 = ORIENTED_EDGE ( 'NONE', *, *, #1111, .T. ) ;
#1752 = VERTEX_POINT ( 'NONE', #8193 ) ;
#1753 = CARTESIAN_POINT ( 'NONE',  ( -26.84991221830399866, -9.475357003913030596, 5.381102404194733957 ) ) ;
#1754 = CARTESIAN_POINT ( 'NONE',  ( 11.72693373569511444, 13.63166252398513834, -29.18520808325915894 ) ) ;
#1755 = FACE_OUTER_BOUND ( 'NONE', #3635, .T. ) ;
#1756 = DIRECTION ( 'NONE',  ( 0.8000000000000011546, -0.5999999999999986455, 0.000000000000000000 ) ) ;
#1757 = CARTESIAN_POINT ( 'NONE',  ( -8.057959053668795946, -14.82099012769895907, -35.90121948100445337 ) ) ;
#1758 = CARTESIAN_POINT ( 'NONE',  ( -22.59371942267130962, 11.99999999999999645, -0.2792407799438630378 ) ) ;
#1759 = ORIENTED_EDGE ( 'NONE', *, *, #3325, .F. ) ;
#1760 = ORIENTED_EDGE ( 'NONE', *, *, #1001, .F. ) ;
#1761 = VECTOR ( 'NONE', #977, 1000.000000000000000 ) ;
#1762 = CARTESIAN_POINT ( 'NONE',  ( -24.96666719465675044, -10.24410969504192082, 6.149855095323631282 ) ) ;
#1763 = DIRECTION ( 'NONE',  ( -0.000000000000000000, -0.000000000000000000, 1.000000000000000000 ) ) ;
#1764 = CIRCLE ( 'NONE', #2804, 1.000000000000000000 ) ;
#1765 = DIRECTION ( 'NONE',  ( -1.000000000000000000, 0.000000000000000000, 0.000000000000000000 ) ) ;
#1766 = CARTESIAN_POINT ( 'NONE',  ( 24.51645092973654272, 11.54695914771903276, 1.000000000000003553 ) ) ;
#1767 = CARTESIAN_POINT ( 'NONE',  ( -25.75200287424874901, -7.623650046717388662, 5.845155569298983167 ) ) ;
#1768 = CARTESIAN_POINT ( 'NONE',  ( 8.624999999999992895, -12.99999999999999822, 5.204170427930421283E-15 ) ) ;
#1769 = ORIENTED_EDGE ( 'NONE', *, *, #8871, .F. ) ;
#1770 = CARTESIAN_POINT ( 'NONE',  ( 0.6954014708849909354, 14.42882284292796946, -13.99999999999999822 ) ) ;
#1771 = ORIENTED_EDGE ( 'NONE', *, *, #4818, .T. ) ;
#1772 = VECTOR ( 'NONE', #9072, 1000.000000000000000 ) ;
#1773 = ORIENTED_EDGE ( 'NONE', *, *, #1216, .T. ) ;
#1774 = CARTESIAN_POINT ( 'NONE',  ( -24.44370003326558205, -11.57254781956280354, -0.09848024568920860089 ) ) ;
#1775 = CARTESIAN_POINT ( 'NONE',  ( 17.62499999999999289, -8.500000000000000000, 15.00000000000000178 ) ) ;
#1776 = CARTESIAN_POINT ( 'NONE',  ( -22.65675944951894039, -1.617452168881447161, 20.30064926684836024 ) ) ;
#1777 = FACE_OUTER_BOUND ( 'NONE', #3843, .T. ) ;
#1778 = CARTESIAN_POINT ( 'NONE',  ( -22.67155507737708220, -3.948515286232425314, 20.05861896387327903 ) ) ;
#1779 = LINE ( 'NONE', #3827, #7795 ) ;
#1780 = LINE ( 'NONE', #8785, #2060 ) ;
#1781 = ORIENTED_EDGE ( 'NONE', *, *, #2524, .F. ) ;
#1782 = ORIENTED_EDGE ( 'NONE', *, *, #6152, .F. ) ;
#1783 = VERTEX_POINT ( 'NONE', #3205 ) ;
#1784 = ADVANCED_FACE ( 'NONE', ( #6108 ), #307, .F. ) ;
#1785 = CARTESIAN_POINT ( 'NONE',  ( -26.84991221830399866, -11.99999999999999645, 8.605745400281708868 ) ) ;
#1786 = FACE_OUTER_BOUND ( 'NONE', #550, .T. ) ;
#1787 = DIRECTION ( 'NONE',  ( 9.269937723657783899E-31, 1.000000000000000000, 8.587739980083204902E-17 ) ) ;
#1788 = DIRECTION ( 'NONE',  ( -2.881657216719182496E-16, 0.000000000000000000, 1.000000000000000000 ) ) ;
#1789 = LINE ( 'NONE', #3196, #7393 ) ;
#1790 = CARTESIAN_POINT ( 'NONE',  ( -23.02445639404653122, 2.624999999999998668, 16.55336663013170195 ) ) ;
#1791 = EDGE_CURVE ( 'NONE', #2766, #9184, #3156, .T. ) ;
#1792 = ORIENTED_EDGE ( 'NONE', *, *, #3770, .F. ) ;
#1793 = ORIENTED_EDGE ( 'NONE', *, *, #296, .T. ) ;
#1794 = ORIENTED_EDGE ( 'NONE', *, *, #9082, .T. ) ;
#1795 = ADVANCED_FACE ( 'NONE', ( #5305 ), #4031, .F. ) ;
#1796 = CARTESIAN_POINT ( 'NONE',  ( -19.62499999999999645, 15.00000000000000000, -4.000000000000010658 ) ) ;
#1797 = CARTESIAN_POINT ( 'NONE',  ( 9.502498614289683232, 14.81843322196125534, -25.00000000000000000 ) ) ;
#1798 = DIRECTION ( 'NONE',  ( 0.000000000000000000, 0.000000000000000000, 1.000000000000000000 ) ) ;
#1799 = DIRECTION ( 'NONE',  ( 2.881657216719182496E-16, 0.000000000000000000, -1.000000000000000000 ) ) ;
#1800 = CARTESIAN_POINT ( 'NONE',  ( 19.07834413630594028, -11.96470903640062033, -25.56339594561472950 ) ) ;
#1801 = EDGE_CURVE ( 'NONE', #95, #2177, #611, .T. ) ;
#1802 = DIRECTION ( 'NONE',  ( 0.000000000000000000, 0.000000000000000000, -1.000000000000000000 ) ) ;
#1803 = EDGE_CURVE ( 'NONE', #4427, #4173, #5250, .T. ) ;
#1804 = AXIS2_PLACEMENT_3D ( 'NONE', #4991, #7838, #3680 ) ;
#1805 = AXIS2_PLACEMENT_3D ( 'NONE', #7537, #7450, #1058 ) ;
#1806 = VERTEX_POINT ( 'NONE', #447 ) ;
#1807 = VERTEX_POINT ( 'NONE', #2506 ) ;
#1808 = VECTOR ( 'NONE', #8714, 1000.000000000000000 ) ;
#1809 = CARTESIAN_POINT ( 'NONE',  ( 26.62500000000000000, -7.999999999999996447, -12.03976285529074453 ) ) ;
#1810 = ADVANCED_FACE ( 'NONE', ( #6755 ), #1843, .F. ) ;
#1811 = DIRECTION ( 'NONE',  ( -1.000000000000000000, 0.000000000000000000, 0.000000000000000000 ) ) ;
#1812 = DIRECTION ( 'NONE',  ( -0.7071067811865675568, 0.000000000000000000, -0.7071067811865274777 ) ) ;
#1813 = AXIS2_PLACEMENT_3D ( 'NONE', #1128, #3964, #6128 ) ;
#1814 = ADVANCED_FACE ( 'NONE', ( #2546 ), #7495, .T. ) ;
#1815 = CARTESIAN_POINT ( 'NONE',  ( -5.575000000000010836, -10.09999999999999609, -10.00000000000000178 ) ) ;
#1816 = CARTESIAN_POINT ( 'NONE',  ( -25.80377865455442077, -7.748658222674367657, 5.672965000811699632 ) ) ;
#1817 = B_SPLINE_CURVE_WITH_KNOTS ( 'NONE', 3,
 ( #2964, #5818, #2360, #1653, #7950, #1561 ),
 .UNSPECIFIED., .F., .F.,
 ( 4, 2, 4 ),
 ( 0.0007283314798247154725, 0.001147081005859032542, 0.001565830531893349720 ),
 .UNSPECIFIED. ) ;
#1818 = CARTESIAN_POINT ( 'NONE',  ( 3.539466094066457735, -10.10000000000001030, -37.23553390593330192 ) ) ;
#1819 = VERTEX_POINT ( 'NONE', #5392 ) ;
#1820 = ORIENTED_EDGE ( 'NONE', *, *, #6950, .F. ) ;
#1821 = ORIENTED_EDGE ( 'NONE', *, *, #478, .T. ) ;
#1822 = CARTESIAN_POINT ( 'NONE',  ( -24.28285785194983504, -12.41242485622012204, -1.137474952073366685 ) ) ;
#1823 = DIRECTION ( 'NONE',  ( 0.7071067811865675568, -0.000000000000000000, 0.7071067811865274777 ) ) ;
#1824 = CARTESIAN_POINT ( 'NONE',  ( 22.62500000000000000, 12.99999999999999645, 0.8672861625754189063 ) ) ;
#1825 = CARTESIAN_POINT ( 'NONE',  ( -10.27752471476109619, -10.87707415206943651, 2.602085213965210642E-15 ) ) ;
#1826 = CARTESIAN_POINT ( 'NONE',  ( -22.74475071173537444, -4.561853554905914265, 19.06877458875764475 ) ) ;
#1827 = DIRECTION ( 'NONE',  ( -0.000000000000000000, -0.000000000000000000, 1.000000000000000000 ) ) ;
#1828 = VECTOR ( 'NONE', #6324, 999.9999999999998863 ) ;
#1829 = DIRECTION ( 'NONE',  ( 0.000000000000000000, 0.000000000000000000, -1.000000000000000000 ) ) ;
#1830 = EDGE_CURVE ( 'NONE', #4625, #2956, #2458, .T. ) ;
#1831 = ORIENTED_EDGE ( 'NONE', *, *, #2203, .T. ) ;
#1832 = ORIENTED_EDGE ( 'NONE', *, *, #988, .T. ) ;
#1833 = CARTESIAN_POINT ( 'NONE',  ( -10.95609741835668771, 11.66704435423096875, -37.43202469673042998 ) ) ;
#1834 = ADVANCED_FACE ( 'NONE', ( #1755 ), #353, .T. ) ;
#1835 = DIRECTION ( 'NONE',  ( 0.000000000000000000, 0.000000000000000000, -1.000000000000000000 ) ) ;
#1836 = CARTESIAN_POINT ( 'NONE',  ( -24.62499999999998934, -8.000000000000000000, -39.29999999999999005 ) ) ;
#1837 = CARTESIAN_POINT ( 'NONE',  ( -13.57500000000000995, 11.30529788976686234, 5.147263975624272985E-15 ) ) ;
#1838 = VECTOR ( 'NONE', #669, 1000.000000000000000 ) ;
#1839 = PLANE ( 'NONE',  #7353 ) ;
#1840 = VERTEX_POINT ( 'NONE', #3986 ) ;
#1841 = ORIENTED_EDGE ( 'NONE', *, *, #323, .T. ) ;
#1842 = LINE ( 'NONE', #4073, #5164 ) ;
#1843 = PLANE ( 'NONE',  #8502 ) ;
#1844 = DIRECTION ( 'NONE',  ( 0.000000000000000000, 0.000000000000000000, 1.000000000000000000 ) ) ;
#1845 = CARTESIAN_POINT ( 'NONE',  ( -13.68554732784726546, -14.95288936794313273, -37.85571456527100054 ) ) ;
#1846 = EDGE_CURVE ( 'NONE', #828, #7262, #3894, .T. ) ;
#1847 = CARTESIAN_POINT ( 'NONE',  ( 7.675000000000004263, -7.200000000000004619, -9.849999999999983658 ) ) ;
#1848 = EDGE_LOOP ( 'NONE', ( #7554, #994, #3247, #4425 ) ) ;
#1849 = ORIENTED_EDGE ( 'NONE', *, *, #327, .F. ) ;
#1850 = ORIENTED_EDGE ( 'NONE', *, *, #4479, .F. ) ;
#1851 = CYLINDRICAL_SURFACE ( 'NONE', #3956, 4.000000000000000000 ) ;
#1852 = CARTESIAN_POINT ( 'NONE',  ( 26.62500000000000000, 11.12083830918277094, -12.03976285529074630 ) ) ;
#1853 = CARTESIAN_POINT ( 'NONE',  ( -15.85370546864773367, -14.98518995130042697, -17.84236234321801362 ) ) ;
#1854 = DIRECTION ( 'NONE',  ( 0.6652809670318275970, 0.7465930852246063232, 0.000000000000000000 ) ) ;
#1855 = AXIS2_PLACEMENT_3D ( 'NONE', #9189, #2146, #1629 ) ;
#1856 = FACE_BOUND ( 'NONE', #5673, .T. ) ;
#1857 = ADVANCED_FACE ( 'NONE', ( #1197 ), #6895, .T. ) ;
#1858 = ORIENTED_EDGE ( 'NONE', *, *, #8354, .F. ) ;
#1859 = ORIENTED_EDGE ( 'NONE', *, *, #4132, .T. ) ;
#1860 = EDGE_CURVE ( 'NONE', #922, #6827, #6585, .T. ) ;
#1861 = EDGE_LOOP ( 'NONE', ( #2735, #540, #4047, #7282 ) ) ;
#1862 = CARTESIAN_POINT ( 'NONE',  ( 7.892821782178217838, -12.10000000000000142, -31.98578938135895200 ) ) ;
#1863 = DIRECTION ( 'NONE',  ( 0.000000000000000000, 0.000000000000000000, -1.000000000000000000 ) ) ;
#1864 = PLANE ( 'NONE',  #6146 ) ;
#1865 = FACE_OUTER_BOUND ( 'NONE', #8914, .T. ) ;
#1866 = DIRECTION ( 'NONE',  ( 0.5999999999999986455, 0.8000000000000011546, -0.000000000000000000 ) ) ;
#1867 = CARTESIAN_POINT ( 'NONE',  ( 23.05218785358593081, -12.44769176130646038, 1.361128779476097222E-12 ) ) ;
#1868 = CARTESIAN_POINT ( 'NONE',  ( -26.62500000000001066, -2.624999999999998224, 20.55336663013170551 ) ) ;
#1869 = ORIENTED_EDGE ( 'NONE', *, *, #1519, .T. ) ;
#1870 = ORIENTED_EDGE ( 'NONE', *, *, #6304, .T. ) ;
#1871 = ORIENTED_EDGE ( 'NONE', *, *, #7483, .T. ) ;
#1872 = VECTOR ( 'NONE', #8655, 1000.000000000000000 ) ;
#1873 = CARTESIAN_POINT ( 'NONE',  ( -12.92707508024641250, 14.94821963888473526, -3.999999999999996447 ) ) ;
#1874 = DIRECTION ( 'NONE',  ( -1.000000000000000000, 0.000000000000000000, 0.000000000000000000 ) ) ;
#1875 = CARTESIAN_POINT ( 'NONE',  ( -16.57500000000001350, -2.625000000000002220, 28.69663336986831581 ) ) ;
#1876 = EDGE_CURVE ( 'NONE', #1590, #3177, #5666, .T. ) ;
#1877 = VECTOR ( 'NONE', #4837, 1000.000000000000000 ) ;
#1878 = LINE ( 'NONE', #9018, #2176 ) ;
#1879 = FACE_OUTER_BOUND ( 'NONE', #7624, .T. ) ;
#1880 = AXIS2_PLACEMENT_3D ( 'NONE', #7208, #4345, #2261 ) ;
#1881 = EDGE_LOOP ( 'NONE', ( #7159, #2084, #518, #4422 ) ) ;
#1882 = AXIS2_PLACEMENT_3D ( 'NONE', #6869, #5985, #3130 ) ;
#1883 = ORIENTED_EDGE ( 'NONE', *, *, #2697, .T. ) ;
#1884 = CARTESIAN_POINT ( 'NONE',  ( 26.62499999999998934, -2.625000000000002220, 25.64663336986832576 ) ) ;
#1885 = CARTESIAN_POINT ( 'NONE',  ( 5.029014785873203053, 19.28421494571414030, -15.00000000000000000 ) ) ;
#1886 = DIRECTION ( 'NONE',  ( 1.734723475976769426E-15, 2.218583946892636101E-16, 1.000000000000000000 ) ) ;
#1887 = CARTESIAN_POINT ( 'NONE',  ( 3.486771986968443038, -14.26187129166053502, -33.72724101193557544 ) ) ;
#1888 = CARTESIAN_POINT ( 'NONE',  ( 4.329014785873203763, 14.78421494571413852, -25.09076719210116124 ) ) ;
#1889 = VECTOR ( 'NONE', #6672, 1000.000000000000000 ) ;
#1890 = VERTEX_POINT ( 'NONE', #4074 ) ;
#1891 = ORIENTED_EDGE ( 'NONE', *, *, #1846, .F. ) ;
#1892 = EDGE_LOOP ( 'NONE', ( #8080, #1407, #2577, #3842 ) ) ;
#1893 = ADVANCED_FACE ( 'NONE', ( #3423 ), #9214, .T. ) ;
#1894 = B_SPLINE_CURVE_WITH_KNOTS ( 'NONE', 3,
 ( #3266, #6290, #9074, #4168, #5625, #365, #6986, #5364, #631, #2683, #3477, #3218, #4921, #8205 ),
 .UNSPECIFIED., .F., .F.,
 ( 4, 2, 2, 2, 2, 2, 4 ),
 ( 0.000000000000000000, 0.0003909383806293261973, 0.0007818767612586523946, 0.001172815141887978592, 0.001563753522517304789, 0.002345630283775949811, 0.003127507045034594833 ),
 .UNSPECIFIED. ) ;
#1895 = DIRECTION ( 'NONE',  ( -1.000000000000000000, 0.000000000000000000, 0.000000000000000000 ) ) ;
#1896 = CARTESIAN_POINT ( 'NONE',  ( -23.40528135717109492, 12.63751492087476436, -1.212504973624913385 ) ) ;
#1897 = PLANE ( 'NONE',  #41 ) ;
#1898 = CARTESIAN_POINT ( 'NONE',  ( 9.675000000000004263, -10.09999999999999609, -29.29999999999998650 ) ) ;
#1899 = CARTESIAN_POINT ( 'NONE',  ( 7.892821782178217838, 12.10000000000000142, -29.80631172782874216 ) ) ;
#1900 = EDGE_LOOP ( 'NONE', ( #4036, #1782 ) ) ;
#1901 = ADVANCED_FACE ( 'NONE', ( #4164 ), #6287, .F. ) ;
#1902 = EDGE_CURVE ( 'NONE', #5376, #4677, #628, .T. ) ;
#1903 = ORIENTED_EDGE ( 'NONE', *, *, #6486, .F. ) ;
#1904 = VECTOR ( 'NONE', #791, 1000.000000000000000 ) ;
#1905 = VECTOR ( 'NONE', #8083, 1000.000000000000000 ) ;
#1906 = CARTESIAN_POINT ( 'NONE',  ( -27.46053271364779746, -8.908646761485460530, 0.03045107950485641604 ) ) ;
#1907 = CARTESIAN_POINT ( 'NONE',  ( 4.361707950657412347, 14.19700180411541091, -13.99999999999999822 ) ) ;
#1908 = EDGE_CURVE ( 'NONE', #8161, #2792, #1332, .T. ) ;
#1909 = CARTESIAN_POINT ( 'NONE',  ( 25.40308702607473279, -12.15719045456846992, 0.000000000000000000 ) ) ;
#1910 = DIRECTION ( 'NONE',  ( 1.000000000000000000, 0.000000000000000000, 2.881657216719182496E-16 ) ) ;
#1911 = VECTOR ( 'NONE', #2752, 1000.000000000000000 ) ;
#1912 = CARTESIAN_POINT ( 'NONE',  ( -22.58495608105610941, 3.501808364928328476, 22.09414957784359146 ) ) ;
#1913 = ADVANCED_FACE ( 'NONE', ( #4258 ), #3594, .T. ) ;
#1914 = DIRECTION ( 'NONE',  ( -0.000000000000000000, -1.000000000000000000, -0.000000000000000000 ) ) ;
#1915 = EDGE_CURVE ( 'NONE', #3080, #2742, #7673, .T. ) ;
#1916 = CARTESIAN_POINT ( 'NONE',  ( 16.62499999999998934, 0.000000000000000000, 8.000000000000007105 ) ) ;
#1917 = CIRCLE ( 'NONE', #3265, 1.834999999999999742 ) ;
#1918 = ORIENTED_EDGE ( 'NONE', *, *, #1499, .F. ) ;
#1919 = VERTEX_POINT ( 'NONE', #4917 ) ;
#1920 = VERTEX_POINT ( 'NONE', #1975 ) ;
#1921 = DIRECTION ( 'NONE',  ( 0.000000000000000000, 0.000000000000000000, -1.000000000000000000 ) ) ;
#1922 = CARTESIAN_POINT ( 'NONE',  ( 5.469611402389618071, -12.10000000000000675, -30.94698572586898422 ) ) ;
#1923 = AXIS2_PLACEMENT_3D ( 'NONE', #8400, #3978, #6976 ) ;
#1924 = LINE ( 'NONE', #4767, #4752 ) ;
#1925 = CARTESIAN_POINT ( 'NONE',  ( 5.029014785873203053, 17.98421494571413604, -25.00000000000000000 ) ) ;
#1926 = DIRECTION ( 'NONE',  ( -0.7071067811865435759, 0.000000000000000000, 0.7071067811865514585 ) ) ;
#1927 = EDGE_LOOP ( 'NONE', ( #2677, #5366, #1937, #3067 ) ) ;
#1928 = EDGE_LOOP ( 'NONE', ( #1212, #565, #4671, #5686, #6076 ) ) ;
#1929 = CARTESIAN_POINT ( 'NONE',  ( -21.67069441603601021, 7.999999999999996447, 5.443076293720569225 ) ) ;
#1930 = CARTESIAN_POINT ( 'NONE',  ( 7.675000000000005151, 10.10000000000000320, -9.849999999999983658 ) ) ;
#1931 = CARTESIAN_POINT ( 'NONE',  ( 18.17312819401016100, -13.00000000567216141, 0.000000000000000000 ) ) ;
#1932 = DIRECTION ( 'NONE',  ( 0.000000000000000000, 0.000000000000000000, -1.000000000000000000 ) ) ;
#1933 = CARTESIAN_POINT ( 'NONE',  ( 22.56627866080126310, -12.50566558229481195, 0.000000000000000000 ) ) ;
#1934 = ORIENTED_EDGE ( 'NONE', *, *, #2838, .T. ) ;
#1935 = ORIENTED_EDGE ( 'NONE', *, *, #7740, .T. ) ;
#1936 = ORIENTED_EDGE ( 'NONE', *, *, #8318, .F. ) ;
#1937 = ORIENTED_EDGE ( 'NONE', *, *, #7837, .T. ) ;
#1938 = DIRECTION ( 'NONE',  ( 0.000000000000000000, 0.000000000000000000, 1.000000000000000000 ) ) ;
#1939 = CARTESIAN_POINT ( 'NONE',  ( 18.17312819401016100, -11.99999999999999645, 1.000000000000006883 ) ) ;
#1940 = CARTESIAN_POINT ( 'NONE',  ( 22.62499999999998934, 7.999999999999994671, 23.10000000000001918 ) ) ;
#1941 = EDGE_CURVE ( 'NONE', #7885, #6436, #7072, .T. ) ;
#1942 = DIRECTION ( 'NONE',  ( 1.000000000000000000, 0.000000000000000000, 2.881657216719182496E-16 ) ) ;
#1943 = VECTOR ( 'NONE', #3634, 1000.000000000000000 ) ;
#1944 = CARTESIAN_POINT ( 'NONE',  ( -22.62256308275782857, -12.68377223398315934, -1.227924077994378527 ) ) ;
#1945 = EDGE_CURVE ( 'NONE', #5086, #577, #8357, .T. ) ;
#1946 = VERTEX_POINT ( 'NONE', #4821 ) ;
#1947 = VECTOR ( 'NONE', #7730, 1000.000000000000000 ) ;
#1948 = VERTEX_POINT ( 'NONE', #6333 ) ;
#1949 = VECTOR ( 'NONE', #2249, 1000.000000000000000 ) ;
#1950 = CARTESIAN_POINT ( 'NONE',  ( -25.54112211021336520, -10.75381358589509517, -0.5846045286319119239 ) ) ;
#1951 = DIRECTION ( 'NONE',  ( 2.478176394252581634E-16, 0.000000000000000000, -1.000000000000000000 ) ) ;
#1952 = CARTESIAN_POINT ( 'NONE',  ( -26.84991221830399866, -8.899999999999996803, 6.640297038308731636 ) ) ;
#1953 = LINE ( 'NONE', #7518, #6543 ) ;
#1954 = DIRECTION ( 'NONE',  ( -0.000000000000000000, -0.000000000000000000, 1.000000000000000000 ) ) ;
#1955 = CARTESIAN_POINT ( 'NONE',  ( -6.624999999999988454, -36.63153466595210972, 1.269929114769841026E-15 ) ) ;
#1956 = DIRECTION ( 'NONE',  ( -0.7071067811865474617, 5.275848315469676283E-17, 0.7071067811865474617 ) ) ;
#1957 = ADVANCED_FACE ( 'NONE', ( #7715, #2633 ), #2024, .T. ) ;
#1958 = ORIENTED_EDGE ( 'NONE', *, *, #1941, .F. ) ;
#1959 = ORIENTED_EDGE ( 'NONE', *, *, #7791, .F. ) ;
#1960 = ORIENTED_EDGE ( 'NONE', *, *, #4166, .F. ) ;
#1961 = CARTESIAN_POINT ( 'NONE',  ( 7.675000000000007816, 7.099999999999995204, -33.09999999999998010 ) ) ;
#1962 = DIRECTION ( 'NONE',  ( -1.079438565345101546E-14, 0.000000000000000000, -1.000000000000000000 ) ) ;
#1963 = CARTESIAN_POINT ( 'NONE',  ( 14.73756271126366002, 13.34972422427428285, -27.45180002890119653 ) ) ;
#1964 = FACE_OUTER_BOUND ( 'NONE', #2385, .T. ) ;
#1965 = DIRECTION ( 'NONE',  ( -1.000000000000000000, 0.000000000000000000, 0.000000000000000000 ) ) ;
#1966 = CARTESIAN_POINT ( 'NONE',  ( -22.57500000000001705, 11.99999999999999467, 23.10000000000000853 ) ) ;
#1967 = VECTOR ( 'NONE', #3768, 1000.000000000000000 ) ;
#1968 = DIRECTION ( 'NONE',  ( 1.000000000000000000, -0.000000000000000000, 2.881657216719182496E-16 ) ) ;
#1969 = ADVANCED_FACE ( 'NONE', ( #1242 ), #6938, .F. ) ;
#1970 = ORIENTED_EDGE ( 'NONE', *, *, #547, .T. ) ;
#1971 = EDGE_CURVE ( 'NONE', #8834, #6414, #7025, .T. ) ;
#1972 = ORIENTED_EDGE ( 'NONE', *, *, #4446, .F. ) ;
#1973 = AXIS2_PLACEMENT_3D ( 'NONE', #1940, #4086, #1988 ) ;
#1974 = CARTESIAN_POINT ( 'NONE',  ( 25.57747993853968183, -12.13506087069691119, 0.000000000000000000 ) ) ;
#1975 = CARTESIAN_POINT ( 'NONE',  ( -26.62499999999998934, -7.100000000000003197, -36.29999999999999005 ) ) ;
#1976 = AXIS2_PLACEMENT_3D ( 'NONE', #8043, #909, #5864 ) ;
#1977 = PLANE ( 'NONE',  #429 ) ;
#1978 = CARTESIAN_POINT ( 'NONE',  ( 11.35875368983061939, 13.66278967854120019, -24.99999999999367617 ) ) ;
#1979 = DIRECTION ( 'NONE',  ( -1.000000000000000000, 0.000000000000000000, -0.000000000000000000 ) ) ;
#1980 = PLANE ( 'NONE',  #5265 ) ;
#1981 = EDGE_LOOP ( 'NONE', ( #914, #4605, #6595, #4592, #2617, #7401, #4850, #4801, #7457, #2741, #935, #4311, #1841, #5979, #5170, #6879, #4972, #7962, #3455 ) ) ;
#1982 = AXIS2_PLACEMENT_3D ( 'NONE', #3091, #5051, #5853 ) ;
#1983 = VERTEX_POINT ( 'NONE', #9071 ) ;
#1984 = ORIENTED_EDGE ( 'NONE', *, *, #6168, .T. ) ;
#1985 = EDGE_LOOP ( 'NONE', ( #7375, #461 ) ) ;
#1986 = DIRECTION ( 'NONE',  ( -1.000000000000000000, 0.000000000000000000, 0.000000000000000000 ) ) ;
#1987 = LINE ( 'NONE', #3486, #5989 ) ;
#1988 = DIRECTION ( 'NONE',  ( -1.000000000000000000, 0.000000000000000000, 0.000000000000000000 ) ) ;
#1989 = CARTESIAN_POINT ( 'NONE',  ( -24.51908135469476591, -7.902763757320330207, 9.591693595492579050 ) ) ;
#1990 = EDGE_CURVE ( 'NONE', #6281, #358, #800, .T. ) ;
#1991 = UNCERTAINTY_MEASURE_WITH_UNIT (LENGTH_MEASURE( 1.000000000000000082E-05 ), #8951, 'distance_accuracy_value', 'NONE');
#1992 = DIRECTION ( 'NONE',  ( -0.000000000000000000, -0.000000000000000000, -1.000000000000000000 ) ) ;
#1993 = ORIENTED_EDGE ( 'NONE', *, *, #4527, .F. ) ;
#1994 = ORIENTED_EDGE ( 'NONE', *, *, #1034, .F. ) ;
#1995 = EDGE_CURVE ( 'NONE', #8929, #6437, #4489, .T. ) ;
#1996 = CARTESIAN_POINT ( 'NONE',  ( 22.62499999999999645, 11.99999999999999645, 0.8672861625756932424 ) ) ;
#1997 = DIRECTION ( 'NONE',  ( 0.000000000000000000, 0.000000000000000000, -1.000000000000000000 ) ) ;
#1998 = CARTESIAN_POINT ( 'NONE',  ( 20.62499999999998934, -2.625000000000002220, 27.64663336986832576 ) ) ;
#1999 = AXIS2_PLACEMENT_3D ( 'NONE', #4887, #8378, #3489 ) ;
#2000 = DIRECTION ( 'NONE',  ( -0.000000000000000000, -0.000000000000000000, -1.000000000000000000 ) ) ;
#2001 = CARTESIAN_POINT ( 'NONE',  ( 12.72494895627640688, 13.62432200239849323, -14.42277836808472458 ) ) ;
#2002 = CARTESIAN_POINT ( 'NONE',  ( -26.62499999999999645, -15.00000000000000000, -3.999999999999996447 ) ) ;
#2003 = DIRECTION ( 'NONE',  ( 1.000000000000000000, -0.000000000000000000, 2.881657216719182496E-16 ) ) ;
#2004 = ORIENTED_EDGE ( 'NONE', *, *, #5506, .T. ) ;
#2005 = EDGE_LOOP ( 'NONE', ( #5631, #6157, #1935, #2819 ) ) ;
#2006 = AXIS2_PLACEMENT_3D ( 'NONE', #4390, #7993, #7257 ) ;
#2007 = VERTEX_POINT ( 'NONE', #2357 ) ;
#2008 = DIRECTION ( 'NONE',  ( 1.000000000000000000, -0.000000000000000000, 1.765621858500567205E-16 ) ) ;
#2009 = EDGE_CURVE ( 'NONE', #8372, #7659, #810, .T. ) ;
#2010 = PLANE ( 'NONE',  #1467 ) ;
#2011 = CARTESIAN_POINT ( 'NONE',  ( 4.329014785873203763, 14.78421494571413852, -14.90923280789884053 ) ) ;
#2012 = DIRECTION ( 'NONE',  ( 1.765621858500567205E-16, 0.000000000000000000, -1.000000000000000000 ) ) ;
#2013 = CARTESIAN_POINT ( 'NONE',  ( -15.74963971830671561, -14.29898140941982732, -1.766327136473267334 ) ) ;
#2014 = CARTESIAN_POINT ( 'NONE',  ( 22.82320212450870756, -11.99999999999999645, 0.8505115749516718449 ) ) ;
#2015 = LINE ( 'NONE', #6420, #4506 ) ;
#2016 = B_SPLINE_CURVE_WITH_KNOTS ( 'NONE', 3,
 ( #5664, #8501, #1421, #4255 ),
 .UNSPECIFIED., .F., .F.,
 ( 4, 4 ),
 ( 3.878959614448864246E-18, 0.01300053146097890008 ),
 .UNSPECIFIED. ) ;
#2017 = ORIENTED_EDGE ( 'NONE', *, *, #1001, .T. ) ;
#2018 = EDGE_CURVE ( 'NONE', #5302, #5347, #2914, .T. ) ;
#2019 = EDGE_LOOP ( 'NONE', ( #5488, #5651, #8928, #4123, #7911, #8611 ) ) ;
#2020 = CARTESIAN_POINT ( 'NONE',  ( -22.99677103506713038, -1.735990148627264418, 16.75707690473761247 ) ) ;
#2021 = VECTOR ( 'NONE', #5383, 1000.000000000000000 ) ;
#2022 = AXIS2_PLACEMENT_3D ( 'NONE', #6964, #7008, #8439 ) ;
#2023 = DIRECTION ( 'NONE',  ( 1.000000000000000000, -0.000000000000000000, 2.881657216719182496E-16 ) ) ;
#2024 = PLANE ( 'NONE',  #4640 ) ;
#2025 = DIRECTION ( 'NONE',  ( 1.000000000000000000, -0.000000000000000000, 2.881657216719182496E-16 ) ) ;
#2026 = PLANE ( 'NONE',  #4836 ) ;
#2027 = AXIS2_PLACEMENT_3D ( 'NONE', #1022, #1112, #2513 ) ;
#2028 = CARTESIAN_POINT ( 'NONE',  ( -22.69070634268369702, 4.217190946033253951, 19.77075941592330111 ) ) ;
#2029 = CARTESIAN_POINT ( 'NONE',  ( -10.43261184457493940, 28.10000000000000853, -29.19238815542516718 ) ) ;
#2030 = EDGE_CURVE ( 'NONE', #3080, #7445, #7031, .T. ) ;
#2031 = AXIS2_PLACEMENT_3D ( 'NONE', #4428, #143, #2990 ) ;
#2032 = ORIENTED_EDGE ( 'NONE', *, *, #4600, .T. ) ;
#2033 = ORIENTED_EDGE ( 'NONE', *, *, #8407, .T. ) ;
#2034 = ORIENTED_EDGE ( 'NONE', *, *, #7204, .F. ) ;
#2035 = ORIENTED_EDGE ( 'NONE', *, *, #8529, .T. ) ;
#2036 = ORIENTED_EDGE ( 'NONE', *, *, #3908, .F. ) ;
#2037 = CARTESIAN_POINT ( 'NONE',  ( 16.62499999999998934, -11.99999999999999645, 15.00000000000000178 ) ) ;
#2038 = DIRECTION ( 'NONE',  ( -1.000000000000000000, -0.000000000000000000, -0.000000000000000000 ) ) ;
#2039 = CARTESIAN_POINT ( 'NONE',  ( 22.56627866080042821, 12.50566558229491321, 0.000000000000000000 ) ) ;
#2040 = AXIS2_PLACEMENT_3D ( 'NONE', #2276, #6718, #1711 ) ;
#2041 = CARTESIAN_POINT ( 'NONE',  ( -25.92821614857676948, -8.299226805798488371, 5.196649814942736256 ) ) ;
#2042 = CARTESIAN_POINT ( 'NONE',  ( 20.26593226741430342, 1.581287122123964606, -24.57408744189643102 ) ) ;
#2043 = VERTEX_POINT ( 'NONE', #8692 ) ;
#2044 = AXIS2_PLACEMENT_3D ( 'NONE', #5221, #5127, #5076 ) ;
#2045 = VERTEX_POINT ( 'NONE', #2168 ) ;
#2046 = CARTESIAN_POINT ( 'NONE',  ( 23.53655509980409022, 12.38914736421508422, -6.821707017936006128E-13 ) ) ;
#2047 = CARTESIAN_POINT ( 'NONE',  ( -22.59859219938850927, -3.927582075995341704, 21.59393609681121262 ) ) ;
#2048 = DIRECTION ( 'NONE',  ( 0.5999999999999983125, -0.8000000000000012657, 0.000000000000000000 ) ) ;
#2049 = CARTESIAN_POINT ( 'NONE',  ( 16.62499999999999289, 0.000000000000000000, 3.788434446873577683E-15 ) ) ;
#2050 = CARTESIAN_POINT ( 'NONE',  ( -1.070985214126796370, 15.52145826415290308, -20.00000000000000355 ) ) ;
#2051 = FACE_OUTER_BOUND ( 'NONE', #3818, .T. ) ;
#2052 = CIRCLE ( 'NONE', #5190, 1.000000000000000888 ) ;
#2053 = CARTESIAN_POINT ( 'NONE',  ( -26.62500000000001066, 5.250000000000000000, 21.10000000000000497 ) ) ;
#2054 = VERTEX_POINT ( 'NONE', #7164 ) ;
#2055 = ORIENTED_EDGE ( 'NONE', *, *, #6769, .F. ) ;
#2056 = ORIENTED_EDGE ( 'NONE', *, *, #6609, .T. ) ;
#2057 = CARTESIAN_POINT ( 'NONE',  ( -10.37500000000001066, -10.87962713085240196, 0.000000000000000000 ) ) ;
#2058 = DIRECTION ( 'NONE',  ( -3.003850174851611278E-16, -7.509625437129028195E-17, 1.000000000000000000 ) ) ;
#2059 = CARTESIAN_POINT ( 'NONE',  ( -14.70261314302103983, -2.602085213965210642E-15, -37.09999999999998721 ) ) ;
#2060 = VECTOR ( 'NONE', #291, 1000.000000000000000 ) ;
#2061 = DIRECTION ( 'NONE',  ( 1.000000000000000000, -0.000000000000000000, 2.881657216719182496E-16 ) ) ;
#2062 = CARTESIAN_POINT ( 'NONE',  ( 7.829014785873203763, 14.78421494571413852, -25.01379349597922186 ) ) ;
#2063 = CARTESIAN_POINT ( 'NONE',  ( 13.16965708596492490, 13.49610295378894342, -13.99999999999999822 ) ) ;
#2064 = VECTOR ( 'NONE', #1092, 1000.000000000000000 ) ;
#2065 = LINE ( 'NONE', #3468, #8379 ) ;
#2066 = B_SPLINE_CURVE_WITH_KNOTS ( 'NONE', 3,
 ( #2402, #8885, #1697, #1604 ),
 .UNSPECIFIED., .F., .F.,
 ( 4, 4 ),
 ( 0.000000000000000000, 0.001060819726724881182 ),
 .UNSPECIFIED. ) ;
#2067 = EDGE_CURVE ( 'NONE', #4313, #83, #8039, .T. ) ;
#2068 = ORIENTED_EDGE ( 'NONE', *, *, #2151, .F. ) ;
#2069 = ORIENTED_EDGE ( 'NONE', *, *, #3065, .T. ) ;
#2070 = DIRECTION ( 'NONE',  ( 1.000000000000000000, 0.000000000000000000, 2.881657216719182496E-16 ) ) ;
#2071 = VECTOR ( 'NONE', #3642, 1000.000000000000000 ) ;
#2072 = CARTESIAN_POINT ( 'NONE',  ( 5.357665458732056685, 14.13519631870072324, -32.00368008169630230 ) ) ;
#2073 = CARTESIAN_POINT ( 'NONE',  ( -24.73101599334250622, -7.444134142919812014, 8.889080597485831348 ) ) ;
#2074 = CYLINDRICAL_SURFACE ( 'NONE', #6549, 2.000000000000001776 ) ;
#2075 = DIRECTION ( 'NONE',  ( 1.000000000000000000, -0.000000000000000000, 2.881657216719182496E-16 ) ) ;
#2076 = LINE ( 'NONE', #7507, #6397 ) ;
#2077 = CARTESIAN_POINT ( 'NONE',  ( 2.650276260622777436, 15.30999064362725726, -25.00000000000000000 ) ) ;
#2078 = ADVANCED_FACE ( 'NONE', ( #109 ), #7209, .T. ) ;
#2079 = APPLICATION_PROTOCOL_DEFINITION ( 'draft international standard', 'automotive_design', 1998, #2748 ) ;
#2080 = ORIENTED_EDGE ( 'NONE', *, *, #4130, .F. ) ;
#2081 = VERTEX_POINT ( 'NONE', #7255 ) ;
#2082 = ORIENTED_EDGE ( 'NONE', *, *, #5830, .T. ) ;
#2083 = EDGE_CURVE ( 'NONE', #7646, #8687, #4388, .T. ) ;
#2084 = ORIENTED_EDGE ( 'NONE', *, *, #7226, .F. ) ;
#2085 = DIRECTION ( 'NONE',  ( 0.000000000000000000, 1.000000000000000000, 0.000000000000000000 ) ) ;
#2086 = CARTESIAN_POINT ( 'NONE',  ( 25.75185937550014614, 12.11275902115914072, 0.000000000000000000 ) ) ;
#2087 = DIRECTION ( 'NONE',  ( 0.000000000000000000, 0.000000000000000000, 1.000000000000000000 ) ) ;
#2088 = EDGE_CURVE ( 'NONE', #7088, #6942, #1019, .T. ) ;
#2089 = CARTESIAN_POINT ( 'NONE',  ( -25.92682808415826656, -8.527152866112164276, 5.110081820833507038 ) ) ;
#2090 = ORIENTED_EDGE ( 'NONE', *, *, #6293, .F. ) ;
#2091 = ORIENTED_EDGE ( 'NONE', *, *, #3400, .T. ) ;
#2092 = ADVANCED_FACE ( 'NONE', ( #3697 ), #5011, .F. ) ;
#2093 = B_SPLINE_CURVE_WITH_KNOTS ( 'NONE', 3,
 ( #3501, #6359, #8582, #9240 ),
 .UNSPECIFIED., .F., .F.,
 ( 4, 4 ),
 ( 0.4167315759136446807, 0.4688187778488709379 ),
 .UNSPECIFIED. ) ;
#2094 = EDGE_CURVE ( 'NONE', #1258, #7919, #921, .T. ) ;
#2095 = DIRECTION ( 'NONE',  ( 1.000000000000000000, 0.000000000000000000, 2.881657216719182496E-16 ) ) ;
#2096 = CARTESIAN_POINT ( 'NONE',  ( -3.520104645743586502, -14.64584987378073677, -34.83571115427992027 ) ) ;
#2097 =( BOUNDED_SURFACE ( )  B_SPLINE_SURFACE ( 3, 2, ( 
 ( #2180, #3060, #5023 ),
 ( #5773, #2927, #735 ),
 ( #5823, #7871, #4270 ),
 ( #3580, #31, #5730 ),
 ( #5871, #6529, #8753 ),
 ( #1482, #8656, #7822 ),
 ( #2230, #2367, #7131 ),
 ( #6623, #5163, #120 ),
 ( #8613, #2273, #2971 ),
 ( #5117, #3709, #4401 ),
 ( #2320, #5069, #8001 ),
 ( #4316, #916, #1616 ),
 ( #4455, #7309, #3757 ),
 ( #7177, #6484, #7956 ),
 ( #1568, #216, #779 ),
 ( #3621, #78, #7913 ),
 ( #1526, #4357, #4106 ),
 ( #6107, #8095, #1659 ),
 ( #3155, #399, #6274 ),
 ( #3109, #7405, #3249 ),
 ( #6714, #6667, #1963 ),
 ( #6974, #1707, #1754 ),
 ( #4500, #4808, #1102 ),
 ( #5304, #5212, #3940 ),
 ( #1011, #306, #6011 ),
 ( #3847, #6804, #3415 ),
 ( #7449, #1057, #7494 ),
 ( #3893, #9060, #2671 ),
 ( #5519, #568, #8851 ),
 ( #8352, #2457, #7361 ),
 ( #5257, #5351, #2505 ),
 ( #5963, #8050, #8144 ),
 ( #3801, #263, #4547 ),
 ( #6754, #9108, #8800 ),
 ( #3204, #966, #2415 ),
 ( #4596, #352, #6056 ) ),
 .UNSPECIFIED., .F., .F., .F. ) 
 B_SPLINE_SURFACE_WITH_KNOTS ( ( 4, 2, 2, 2, 2, 2, 2, 2, 2, 2, 2, 2, 2, 2, 2, 2, 2, 4 ),
 ( 3, 3 ),
 ( 0.000000000000000000, 0.001743881902064813114, 0.003487763804129626229, 0.005231645706194439777, 0.006975527608259252457, 0.008719409510324065138, 0.01046329141238887955, 0.01395105521651850491, 0.01569493711858331586, 0.01743881902064813028, 0.02092658282477775911, 0.02790211043303700983, 0.03487763804129626055, 0.04185316564955551821, 0.04882869325781476894, 0.05231645706194439083, 0.05406033896400920524, 0.05580422086607401966 ),
 ( 0.000000000000000000, 1.000000000000000000 ),
 .UNSPECIFIED. ) 
 GEOMETRIC_REPRESENTATION_ITEM ( )  RATIONAL_B_SPLINE_SURFACE ( (
 ( 1.000000000000000000, 0.7506195359483405216, 1.000000000000000000),
 ( 1.000000000000000000, 0.7506194665509514641, 1.000000000000000000),
 ( 1.000000000000000000, 0.7505208385042925201, 1.000000000000000000),
 ( 1.000000000000000000, 0.7499561805688239602, 1.000000000000000000),
 ( 1.000000000000000000, 0.7494778683210745474, 1.000000000000000000),
 ( 1.000000000000000000, 0.7481229984391739585, 1.000000000000000000),
 ( 1.000000000000000000, 0.7472557252709498554, 1.000000000000000000),
 ( 1.000000000000000000, 0.7455088390799361475, 1.000000000000000000),
 ( 1.000000000000000000, 0.7445558520411551529, 1.000000000000000000),
 ( 1.000000000000000000, 0.7425815427391494472, 1.000000000000000000),
 ( 1.000000000000000000, 0.7415602749507593794, 1.000000000000000000),
 ( 1.000000000000000000, 0.7395128639598288478, 1.000000000000000000),
 ( 1.000000000000000000, 0.7384983927979792417, 1.000000000000000000),
 ( 1.000000000000000000, 0.7355454585561921332, 1.000000000000000000),
 ( 1.000000000000000000, 0.7336942484328756731, 1.000000000000000000),
 ( 1.000000000000000000, 0.7311356594231613881, 1.000000000000000000),
 ( 1.000000000000000000, 0.7303178536050962677, 1.000000000000000000),
 ( 1.000000000000000000, 0.7287498020026523804, 1.000000000000000000),
 ( 1.000000000000000000, 0.7279988520236299054, 1.000000000000000000),
 ( 1.000000000000000000, 0.7258595379014283200, 1.000000000000000000),
 ( 1.000000000000000000, 0.7245759940844708202, 1.000000000000000000),
 ( 1.000000000000000000, 0.7210547829173306056, 1.000000000000000000),
 ( 1.000000000000000000, 0.7191396324655617844, 1.000000000000000000),
 ( 1.000000000000000000, 0.7158388813031305586, 1.000000000000000000),
 ( 1.000000000000000000, 0.7144544713286795634, 1.000000000000000000),
 ( 1.000000000000000000, 0.7120749638959771310, 1.000000000000000000),
 ( 1.000000000000000000, 0.7110765876416290654, 1.000000000000000000),
 ( 1.000000000000000000, 0.7093736361622605679, 1.000000000000000000),
 ( 1.000000000000000000, 0.7086663828108916707, 1.000000000000000000),
 ( 1.000000000000000000, 0.7078415938971186483, 1.000000000000000000),
 ( 1.000000000000000000, 0.7076057436343435869, 1.000000000000000000),
 ( 1.000000000000000000, 0.7073341366007975806, 1.000000000000000000),
 ( 1.000000000000000000, 0.7072574364270434177, 1.000000000000000000),
 ( 1.000000000000000000, 0.7071443148921705557, 1.000000000000000000),
 ( 1.000000000000000000, 0.7071075185246040729, 1.000000000000000000),
 ( 1.000000000000000000, 0.7071067811865475727, 1.000000000000000000) ) ) 
 REPRESENTATION_ITEM ( '' )  SURFACE ( )  );
#2098 = CARTESIAN_POINT ( 'NONE',  ( -5.575000000000010836, -8.199999999999992184, -10.00000000000000000 ) ) ;
#2099 = CARTESIAN_POINT ( 'NONE',  ( 20.62499999999998934, -5.250000000000000000, 23.10000000000002274 ) ) ;
#2100 = LINE ( 'NONE', #1221, #2885 ) ;
#2101 = DIRECTION ( 'NONE',  ( 1.000000000000000000, -0.000000000000000000, 2.881657216719182496E-16 ) ) ;
#2102 = ORIENTED_EDGE ( 'NONE', *, *, #6723, .T. ) ;
#2103 = ORIENTED_EDGE ( 'NONE', *, *, #8802, .F. ) ;
#2104 = CIRCLE ( 'NONE', #5533, 6.999999999999999112 ) ;
#2105 = ORIENTED_EDGE ( 'NONE', *, *, #6554, .T. ) ;
#2106 = CARTESIAN_POINT ( 'NONE',  ( -16.57500000000001350, -2.624999999999998668, 19.60336663013170977 ) ) ;
#2107 = CARTESIAN_POINT ( 'NONE',  ( 17.62499999999999289, -11.99999999999999467, 15.00000000000000178 ) ) ;
#2108 = VECTOR ( 'NONE', #6995, 1000.000000000000000 ) ;
#2109 = FACE_BOUND ( 'NONE', #5725, .T. ) ;
#2110 = FACE_OUTER_BOUND ( 'NONE', #1385, .T. ) ;
#2111 = PLANE ( 'NONE',  #5649 ) ;
#2112 = VECTOR ( 'NONE', #2774, 1000.000000000000000 ) ;
#2113 = DIRECTION ( 'NONE',  ( 1.000000000000000000, -0.000000000000000000, 2.881657216719182496E-16 ) ) ;
#2114 = CARTESIAN_POINT ( 'NONE',  ( -26.62500000000001066, 5.250000000000000000, 23.10000000000000853 ) ) ;
#2115 = ADVANCED_FACE ( 'NONE', ( #3048 ), #6471, .F. ) ;
#2116 = DIRECTION ( 'NONE',  ( 1.000000000000000000, -0.000000000000000000, 2.881657216719182496E-16 ) ) ;
#2117 = ORIENTED_EDGE ( 'NONE', *, *, #3671, .T. ) ;
#2118 = EDGE_CURVE ( 'NONE', #5169, #3913, #4127, .T. ) ;
#2119 = VERTEX_POINT ( 'NONE', #8743 ) ;
#2120 = CARTESIAN_POINT ( 'NONE',  ( -22.96930713483035902, -1.401365362485197830, 16.96593295962178871 ) ) ;
#2121 = CARTESIAN_POINT ( 'NONE',  ( 20.31893889567964706, 12.76651966740843136, -23.28439015211585783 ) ) ;
#2122 = EDGE_CURVE ( 'NONE', #2245, #5085, #7991, .T. ) ;
#2123 = AXIS2_PLACEMENT_3D ( 'NONE', #2424, #3859, #411 ) ;
#2124 = CARTESIAN_POINT ( 'NONE',  ( -22.57500000000001705, -36.63153466595210972, 23.10000000000000497 ) ) ;
#2125 = CARTESIAN_POINT ( 'NONE',  ( -19.62499999999999645, -13.99999999999999822, -38.29999999999999005 ) ) ;
#2126 = LINE ( 'NONE', #9216, #517 ) ;
#2127 = CARTESIAN_POINT ( 'NONE',  ( -10.43261184457493940, -7.900000000000000355, -29.19238815542516718 ) ) ;
#2128 = CARTESIAN_POINT ( 'NONE',  ( -22.57500000000001705, 2.624999999999995559, 27.64663336986831155 ) ) ;
#2129 = ORIENTED_EDGE ( 'NONE', *, *, #7315, .F. ) ;
#2130 = AXIS2_PLACEMENT_3D ( 'NONE', #121, #873, #3710 ) ;
#2131 = VERTEX_POINT ( 'NONE', #7946 ) ;
#2132 = ORIENTED_EDGE ( 'NONE', *, *, #5681, .F. ) ;
#2133 = ORIENTED_EDGE ( 'NONE', *, *, #1716, .T. ) ;
#2134 = AXIS2_PLACEMENT_3D ( 'NONE', #2128, #7865, #8558 ) ;
#2135 = EDGE_CURVE ( 'NONE', #26, #485, #1557, .T. ) ;
#2136 = CARTESIAN_POINT ( 'NONE',  ( -24.62499999999998579, 8.000000000000000000, -37.79999999999998295 ) ) ;
#2137 = EDGE_CURVE ( 'NONE', #5922, #8700, #5152, .T. ) ;
#2138 = CARTESIAN_POINT ( 'NONE',  ( -11.96499999999999986, -10.10000000000000497, -29.29999999999997939 ) ) ;
#2139 = CARTESIAN_POINT ( 'NONE',  ( 3.176357042976835743, 14.99999999999999822, -2.775557561562891351E-14 ) ) ;
#2140 = CARTESIAN_POINT ( 'NONE',  ( -70.47777777777830011, -11.99999999999999467, 23.10000000000000853 ) ) ;
#2141 = AXIS2_PLACEMENT_3D ( 'NONE', #2996, #2907, #1550 ) ;
#2142 = VERTEX_POINT ( 'NONE', #4053 ) ;
#2143 = ORIENTED_EDGE ( 'NONE', *, *, #1415, .F. ) ;
#2144 = CARTESIAN_POINT ( 'NONE',  ( -10.93659505196350779, -10.89425855592814507, 5.147263975624272985E-15 ) ) ;
#2145 = CYLINDRICAL_SURFACE ( 'NONE', #7704, 1.049999999999998934 ) ;
#2146 = DIRECTION ( 'NONE',  ( 1.000000000000000000, 0.000000000000000000, 2.881657216719182496E-16 ) ) ;
#2147 = DIRECTION ( 'NONE',  ( 0.000000000000000000, 0.000000000000000000, -1.000000000000000000 ) ) ;
#2148 = CARTESIAN_POINT ( 'NONE',  ( 7.675000000000007816, -7.100000000000003197, -36.29999999999998295 ) ) ;
#2149 = ADVANCED_FACE ( 'NONE', ( #9093 ), #3228, .F. ) ;
#2150 = LINE ( 'NONE', #1452, #4029 ) ;
#2151 = EDGE_CURVE ( 'NONE', #3778, #6482, #5846, .T. ) ;
#2152 = ORIENTED_EDGE ( 'NONE', *, *, #7345, .T. ) ;
#2153 = ORIENTED_EDGE ( 'NONE', *, *, #1034, .T. ) ;
#2154 = EDGE_LOOP ( 'NONE', ( #2352, #2475 ) ) ;
#2155 = B_SPLINE_CURVE_WITH_KNOTS ( 'NONE', 3,
 ( #3907, #6121, #278, #3125 ),
 .UNSPECIFIED., .F., .F.,
 ( 4, 4 ),
 ( 0.000000000000000000, 9.063217213256979010E-05 ),
 .UNSPECIFIED. ) ;
#2156 = FACE_OUTER_BOUND ( 'NONE', #2019, .T. ) ;
#2157 = CYLINDRICAL_SURFACE ( 'NONE', #274, 8.000000000000000000 ) ;
#2158 = DIRECTION ( 'NONE',  ( 0.000000000000000000, 0.000000000000000000, -1.000000000000000000 ) ) ;
#2159 = DIRECTION ( 'NONE',  ( -1.000000000000000000, -0.000000000000000000, -2.881657216719182496E-16 ) ) ;
#2160 = CYLINDRICAL_SURFACE ( 'NONE', #2771, 1.834999999999999742 ) ;
#2161 = DIRECTION ( 'NONE',  ( 0.000000000000000000, -0.000000000000000000, 1.000000000000000000 ) ) ;
#2162 = AXIS2_PLACEMENT_3D ( 'NONE', #3448, #6496, #43 ) ;
#2163 = LINE ( 'NONE', #8498, #6246 ) ;
#2164 = VERTEX_POINT ( 'NONE', #422 ) ;
#2165 = CARTESIAN_POINT ( 'NONE',  ( 7.829014785873205540, 13.94727521435340911, -13.99999999999999822 ) ) ;
#2166 = PLANE ( 'NONE',  #5683 ) ;
#2167 = CARTESIAN_POINT ( 'NONE',  ( 17.14803243916650288, 13.10776374322132654, -25.84897041416300567 ) ) ;
#2168 = CARTESIAN_POINT ( 'NONE',  ( -18.21811974579579285, 13.12500000000000000, -38.26673052524024854 ) ) ;
#2169 = LINE ( 'NONE', #5861, #2815 ) ;
#2170 = CARTESIAN_POINT ( 'NONE',  ( 2.512659147718470543, 14.32095831927337848, -25.99999999999999645 ) ) ;
#2171 = CARTESIAN_POINT ( 'NONE',  ( 8.282295850159680839, 14.91516259938647693, -15.00000000000000000 ) ) ;
#2172 = CARTESIAN_POINT ( 'NONE',  ( -13.96814575050796670, 10.10000000000000142, -19.72792206135788717 ) ) ;
#2173 = B_SPLINE_CURVE_WITH_KNOTS ( 'NONE', 3,
 ( #7674, #1286, #6983, #581, #9120, #677, #8603, #769, #4348, #7073, #3568, #5012, #1424, #7210, #3521, #6473, #6383, #2866, #5814, #2308, #4389, #4213, #5668, #3654, #8647, #7947, #2263, #6519, #2961, #9215, #2825, #3610, #8693, #1558, #4259, #66, #8505, #6429, #5763, #5719, #811, #7992, #4967, #2125 ),
 .UNSPECIFIED., .F., .F.,
 ( 4, 2, 2, 2, 2, 2, 2, 2, 2, 2, 2, 2, 2, 2, 2, 2, 2, 2, 2, 2, 2, 4 ),
 ( -6.000000000145849273E-08, 0.0004479359935317301939, 0.0008959319870634617662, 0.001791923974126920357, 0.003583907948253838623, 0.004479899935317299166, 0.005375891922380759275, 0.007167875896507679492, 0.008959859870634599710, 0.01075184384476151993, 0.01433581179301536904, 0.01612779576714228405, 0.01791977974126920253, 0.02150374768952304991, 0.02867168358603073425, 0.03225565153428457815, 0.03583961948253842206, 0.04300755537904612374, 0.05017549127555382543, 0.05375945922380767628, 0.05555144319793459823, 0.05734342717206152018 ),
 .UNSPECIFIED. ) ;
#2174 = ORIENTED_EDGE ( 'NONE', *, *, #8931, .T. ) ;
#2175 = ORIENTED_EDGE ( 'NONE', *, *, #2389, .T. ) ;
#2176 = VECTOR ( 'NONE', #5477, 1000.000000000000000 ) ;
#2177 = VERTEX_POINT ( 'NONE', #3275 ) ;
#2178 = EDGE_LOOP ( 'NONE', ( #4342, #971, #4239, #6636, #8749, #2897, #1850, #5579 ) ) ;
#2179 = DIRECTION ( 'NONE',  ( -0.000000000000000000, -0.000000000000000000, -1.000000000000000000 ) ) ;
#2180 = CARTESIAN_POINT ( 'NONE',  ( 26.62499999999999645, 11.12083830918277094, -12.03976285529074097 ) ) ;
#2181 = CIRCLE ( 'NONE', #5907, 2.000000000000001776 ) ;
#2182 = CARTESIAN_POINT ( 'NONE',  ( 25.75185937550027759, 12.11275902115912295, -2.775557561562891351E-14 ) ) ;
#2183 = CARTESIAN_POINT ( 'NONE',  ( 7.892821782178217838, -12.10000000000000142, -29.29999999999998650 ) ) ;
#2184 = AXIS2_PLACEMENT_3D ( 'NONE', #5883, #4990, #840 ) ;
#2185 = EDGE_CURVE ( 'NONE', #2977, #5886, #1262, .T. ) ;
#2187 = ORIENTED_EDGE ( 'NONE', *, *, #713, .F. ) ;
#2186 = AXIS2_PLACEMENT_3D ( 'NONE', #3800, #6753, #3248 ) ;
#2188 = ORIENTED_EDGE ( 'NONE', *, *, #7727, .F. ) ;
#2189 = B_SPLINE_CURVE_WITH_KNOTS ( 'NONE', 2,
 ( #4885, #1207, #2039 ),
 .UNSPECIFIED., .F., .F.,
 ( 3, 3 ),
 ( 0.8164965797828295235, 0.9118359533938629191 ),
 .UNSPECIFIED. ) ;
#2190 = EDGE_CURVE ( 'NONE', #4313, #6213, #1307, .T. ) ;
#2191 = CARTESIAN_POINT ( 'NONE',  ( 23.25144546481934071, 11.51109399266495714, -21.41278818918967630 ) ) ;
#2192 = DIRECTION ( 'NONE',  ( 9.112600240694079673E-17, 0.9486832980505135460, -0.3162277660168386073 ) ) ;
#2193 = FACE_OUTER_BOUND ( 'NONE', #1507, .T. ) ;
#2194 = CARTESIAN_POINT ( 'NONE',  ( -10.37500000000001243, -15.00000000000000000, -10.00000000000000000 ) ) ;
#2195 = DIRECTION ( 'NONE',  ( 0.000000000000000000, 0.000000000000000000, -1.000000000000000000 ) ) ;
#2196 = EDGE_CURVE ( 'NONE', #6189, #9129, #8340, .T. ) ;
#2198 = AXIS2_PLACEMENT_3D ( 'NONE', #8728, #5090, #1545 ) ;
#2197 = AXIS2_PLACEMENT_3D ( 'NONE', #3019, #4406, #5874 ) ;
#2199 = CARTESIAN_POINT ( 'NONE',  ( 8.624999999999992895, -12.99999999999999822, 5.147263975624272985E-15 ) ) ;
#2200 = VERTEX_POINT ( 'NONE', #8959 ) ;
#2201 = ORIENTED_EDGE ( 'NONE', *, *, #9128, .T. ) ;
#2202 = ORIENTED_EDGE ( 'NONE', *, *, #4461, .T. ) ;
#2203 = EDGE_CURVE ( 'NONE', #2303, #6018, #1138, .T. ) ;
#2204 = DIRECTION ( 'NONE',  ( -0.6250000000000000000, -0.7806247497997997886, 0.000000000000000000 ) ) ;
#2205 = CARTESIAN_POINT ( 'NONE',  ( -24.62499999999998934, -8.000000000000000000, -37.79999999999998295 ) ) ;
#2206 = FACE_OUTER_BOUND ( 'NONE', #5757, .T. ) ;
#2207 = EDGE_CURVE ( 'NONE', #3900, #2303, #3744, .T. ) ;
#2208 = CARTESIAN_POINT ( 'NONE',  ( -13.57500000000000995, -10.94854271258595801, -7.381296623649907229E-15 ) ) ;
#2209 = ADVANCED_FACE ( 'NONE', ( #5507 ), #7517, .T. ) ;
#2210 = CARTESIAN_POINT ( 'NONE',  ( 16.62499999999998934, -8.500000000000000000, 15.00000000000000178 ) ) ;
#2211 = PLANE ( 'NONE',  #1982 ) ;
#2212 = CARTESIAN_POINT ( 'NONE',  ( -11.07500000000001705, 5.250000000000000000, 23.10000000000001208 ) ) ;
#2213 = EDGE_LOOP ( 'NONE', ( #2153, #7820, #2732, #6077, #7173 ) ) ;
#2214 = VECTOR ( 'NONE', #5854, 1000.000000000000000 ) ;
#2215 = DIRECTION ( 'NONE',  ( 0.000000000000000000, 1.000000000000000000, 0.000000000000000000 ) ) ;
#2216 = DIRECTION ( 'NONE',  ( 4.956352788505163268E-16, 0.000000000000000000, -1.000000000000000000 ) ) ;
#2217 = AXIS2_PLACEMENT_3D ( 'NONE', #858, #3141, #3002 ) ;
#2218 = CARTESIAN_POINT ( 'NONE',  ( -25.88991377037424613, -8.768250222708367403, 5.088209185381280086 ) ) ;
#2219 = DIRECTION ( 'NONE',  ( 0.000000000000000000, -0.000000000000000000, -1.000000000000000000 ) ) ;
#2220 = CARTESIAN_POINT ( 'NONE',  ( -14.59326778167288019, -2.157601653930570240, -37.95997105138133776 ) ) ;
#2221 = DIRECTION ( 'NONE',  ( 2.891205793294679805E-16, 0.000000000000000000, -1.000000000000000000 ) ) ;
#2222 = DIRECTION ( 'NONE',  ( 1.000000000000000000, -0.000000000000000000, 2.881657216719182496E-16 ) ) ;
#2223 = DIRECTION ( 'NONE',  ( 1.000000000000000000, 0.000000000000000000, 2.881657216719182496E-16 ) ) ;
#2224 = EDGE_LOOP ( 'NONE', ( #3889, #8490 ) ) ;
#2225 = CIRCLE ( 'NONE', #8025, 2.000000000000001776 ) ;
#2226 = ORIENTED_EDGE ( 'NONE', *, *, #6087, .F. ) ;
#2227 = EDGE_LOOP ( 'NONE', ( #4789, #6200, #2464, #5244, #372, #6088, #1159, #1292 ) ) ;
#2228 = ORIENTED_EDGE ( 'NONE', *, *, #8138, .T. ) ;
#2229 = CARTESIAN_POINT ( 'NONE',  ( 4.329014785873203763, 15.63421494571413639, -25.00000000000000000 ) ) ;
#2230 = CARTESIAN_POINT ( 'NONE',  ( 25.78988814968856502, 11.21875440017579706, -16.98112353484086157 ) ) ;
#2231 = LINE ( 'NONE', #7310, #7641 ) ;
#2232 = CARTESIAN_POINT ( 'NONE',  ( -26.62499999999999645, -10.28922221495734846, -0.4297407383191041430 ) ) ;
#2233 = CARTESIAN_POINT ( 'NONE',  ( 12.92474176551372622, 13.53604000285835340, -14.21549759859948381 ) ) ;
#2234 = ORIENTED_EDGE ( 'NONE', *, *, #3853, .T. ) ;
#2235 = VERTEX_POINT ( 'NONE', #1909 ) ;
#2236 = ADVANCED_FACE ( 'NONE', ( #6779, #7652 ), #376, .T. ) ;
#2237 = CARTESIAN_POINT ( 'NONE',  ( 24.95714645860083891, 12.21356952179338862, -4.981332720538425770E-12 ) ) ;
#2238 = LINE ( 'NONE', #4366, #7914 ) ;
#2239 = CARTESIAN_POINT ( 'NONE',  ( -70.47777777777830011, -7.999999999999996447, 23.10000000000000853 ) ) ;
#2240 = DIRECTION ( 'NONE',  ( -2.312964634635742957E-16, 0.000000000000000000, 1.000000000000000000 ) ) ;
#2241 = ADVANCED_FACE ( 'NONE', ( #1217 ), #1864, .T. ) ;
#2242 = CYLINDRICAL_SURFACE ( 'NONE', #836, 1.049999999999995381 ) ;
#2243 = CARTESIAN_POINT ( 'NONE',  ( 17.62499999999999645, -11.99999999999999645, 1.609473892513943501E-15 ) ) ;
#2244 = ORIENTED_EDGE ( 'NONE', *, *, #1552, .T. ) ;
#2245 = VERTEX_POINT ( 'NONE', #4707 ) ;
#2246 = VERTEX_POINT ( 'NONE', #468 ) ;
#2247 = FACE_OUTER_BOUND ( 'NONE', #8251, .T. ) ;
#2248 = DIRECTION ( 'NONE',  ( 0.000000000000000000, -1.000000000000000000, 0.000000000000000000 ) ) ;
#2249 = DIRECTION ( 'NONE',  ( 0.000000000000000000, 0.000000000000000000, 1.000000000000000000 ) ) ;
#2250 = DIRECTION ( 'NONE',  ( 1.000000000000000000, 0.000000000000000000, 0.000000000000000000 ) ) ;
#2251 = DIRECTION ( 'NONE',  ( 2.037639358997287858E-16, -0.7071067811865473507, -0.7071067811865477948 ) ) ;
#2252 = DIRECTION ( 'NONE',  ( -0.000000000000000000, 0.000000000000000000, -1.000000000000000000 ) ) ;
#2253 = EDGE_CURVE ( 'NONE', #1807, #117, #8249, .T. ) ;
#2254 = AXIS2_PLACEMENT_3D ( 'NONE', #5188, #3132, #1641 ) ;
#2255 = CYLINDRICAL_SURFACE ( 'NONE', #5047, 1.500000000000000444 ) ;
#2256 = VERTEX_POINT ( 'NONE', #6960 ) ;
#2257 = VECTOR ( 'NONE', #7594, 1000.000000000000000 ) ;
#2258 = DIRECTION ( 'NONE',  ( 1.000000000000000000, 0.000000000000000000, 2.881657216719182496E-16 ) ) ;
#2259 = CARTESIAN_POINT ( 'NONE',  ( -18.79144685045000429, 10.99918730756521512, -7.806255641895631925E-15 ) ) ;
#2260 = AXIS2_PLACEMENT_3D ( 'NONE', #1952, #6831, #7562 ) ;
#2261 = DIRECTION ( 'NONE',  ( 2.478176394252581634E-16, 0.000000000000000000, -1.000000000000000000 ) ) ;
#2262 = CARTESIAN_POINT ( 'NONE',  ( -10.62712255461673649, -12.09999999999999964, -35.34377173803619598 ) ) ;
#2263 = CARTESIAN_POINT ( 'NONE',  ( 15.56058043180645178, -12.31662493076327713, -28.05995810916125421 ) ) ;
#2264 = CARTESIAN_POINT ( 'NONE',  ( -23.02445639404653122, 2.624999999999998668, 16.55336663013170195 ) ) ;
#2265 = CARTESIAN_POINT ( 'NONE',  ( -26.62499999999998934, 15.00000000000000000, -39.29999999999999005 ) ) ;
#2266 = EDGE_CURVE ( 'NONE', #6813, #6534, #5574, .T. ) ;
#2267 = EDGE_CURVE ( 'NONE', #3705, #1524, #4324, .T. ) ;
#2268 = ORIENTED_EDGE ( 'NONE', *, *, #3174, .T. ) ;
#2269 = EDGE_LOOP ( 'NONE', ( #2667, #8165, #1280 ) ) ;
#2270 = VERTEX_POINT ( 'NONE', #790 ) ;
#2271 = B_SPLINE_CURVE_WITH_KNOTS ( 'NONE', 3,
 ( #6499, #792, #3633, #185 ),
 .UNSPECIFIED., .F., .F.,
 ( 4, 4 ),
 ( 0.000000000000000000, 0.005327370713955696321 ),
 .UNSPECIFIED. ) ;
#2272 = CARTESIAN_POINT ( 'NONE',  ( -23.16053390593271644, -7.900000000000000355, -19.99999999999999289 ) ) ;
#2273 = CARTESIAN_POINT ( 'NONE',  ( 25.04341137542374085, 12.20366458404575205, -18.64783098928073102 ) ) ;
#2274 = FACE_OUTER_BOUND ( 'NONE', #1981, .T. ) ;
#2275 = CARTESIAN_POINT ( 'NONE',  ( 23.35689038437745424, -12.41102643363990587, -19.73160167710976864 ) ) ;
#2276 = CARTESIAN_POINT ( 'NONE',  ( -13.57500000000000995, -12.99999999999999822, -0.2792407799438633709 ) ) ;
#2277 = AXIS2_PLACEMENT_3D ( 'NONE', #2672, #8353, #8932 ) ;
#2278 = ORIENTED_EDGE ( 'NONE', *, *, #1876, .F. ) ;
#2279 = EDGE_LOOP ( 'NONE', ( #5734, #6280, #1064, #2226 ) ) ;
#2280 = CARTESIAN_POINT ( 'NONE',  ( 24.57340646212881907, 11.49952854635212951, 0.1593877136045691034 ) ) ;
#2281 = CARTESIAN_POINT ( 'NONE',  ( 18.54824500633279527, -12.96024285749884619, -24.79202795516031799 ) ) ;
#2282 = LINE ( 'NONE', #7277, #1967 ) ;
#2283 = EDGE_CURVE ( 'NONE', #1204, #1495, #5688, .T. ) ;
#2284 = CYLINDRICAL_SURFACE ( 'NONE', #8865, 6.999999999999999112 ) ;
#2285 = AXIS2_PLACEMENT_3D ( 'NONE', #5671, #3613, #8510 ) ;
#2286 = CARTESIAN_POINT ( 'NONE',  ( -22.89548157963175257, 11.99999999999999289, -0.2780502700011966977 ) ) ;
#2287 = AXIS2_PLACEMENT_3D ( 'NONE', #8689, #5758, #8599 ) ;
#2288 = FACE_OUTER_BOUND ( 'NONE', #2875, .T. ) ;
#2289 = ADVANCED_FACE ( 'NONE', ( #2193 ), #4142, .T. ) ;
#2290 = ORIENTED_EDGE ( 'NONE', *, *, #6374, .F. ) ;
#2291 = LINE ( 'NONE', #5133, #3587 ) ;
#2292 = ORIENTED_EDGE ( 'NONE', *, *, #1131, .F. ) ;
#2293 = VERTEX_POINT ( 'NONE', #2098 ) ;
#2294 = VERTEX_POINT ( 'NONE', #4279 ) ;
#2295 = CARTESIAN_POINT ( 'NONE',  ( 26.62499999999999645, -8.951630535518212639, 0.5232056019407145264 ) ) ;
#2296 = DIRECTION ( 'NONE',  ( 0.000000000000000000, 1.000000000000000000, 0.000000000000000000 ) ) ;
#2297 = CARTESIAN_POINT ( 'NONE',  ( 20.98080744145477539, -0.7790383157007459980, -23.92232152378872456 ) ) ;
#2298 = CARTESIAN_POINT ( 'NONE',  ( 16.62499999999998934, 8.500000000000000000, 15.00000000000000178 ) ) ;
#2299 = CARTESIAN_POINT ( 'NONE',  ( -22.81641120363769204, -4.624572033742309962, 18.28973360767383483 ) ) ;
#2300 = CARTESIAN_POINT ( 'NONE',  ( -0.07239137861977101851, 15.46844551391894385, -15.00000000000000000 ) ) ;
#2301 = CARTESIAN_POINT ( 'NONE',  ( -11.61106307130676107, -14.91261882974662711, -30.37083938215697643 ) ) ;
#2302 = EDGE_CURVE ( 'NONE', #4122, #2007, #7880, .T. ) ;
#2303 = VERTEX_POINT ( 'NONE', #9236 ) ;
#2304 = PLANE ( 'NONE',  #7501 ) ;
#2305 = CARTESIAN_POINT ( 'NONE',  ( -23.90028431222810568, 11.00000000000000000, 2.602085213965210642E-15 ) ) ;
#2306 = LINE ( 'NONE', #8742, #7633 ) ;
#2307 = CARTESIAN_POINT ( 'NONE',  ( 16.62499999999998934, -8.500000000000000000, 15.00000000000000178 ) ) ;
#2308 = CARTESIAN_POINT ( 'NONE',  ( 22.06797779389305347, -11.64388727880405305, -22.83848850494871741 ) ) ;
#2309 = CARTESIAN_POINT ( 'NONE',  ( 20.62499999999998934, -2.624999999999998668, 18.55336663013171972 ) ) ;
#2310 = VECTOR ( 'NONE', #7186, 1000.000000000000000 ) ;
#2311 = CARTESIAN_POINT ( 'NONE',  ( -22.81687486294720202, 4.611907998305157186, 18.29054444383398703 ) ) ;
#2312 = DIRECTION ( 'NONE',  ( 0.000000000000000000, -1.000000000000000000, 0.000000000000000000 ) ) ;
#2313 = B_SPLINE_CURVE_WITH_KNOTS ( 'NONE', 3,
 ( #3036, #7889, #8826, #8677, #1500, #7290, #3085, #940, #5187, #6643 ),
 .UNSPECIFIED., .F., .F.,
 ( 4, 2, 2, 2, 4 ),
 ( 0.000000000000000000, 0.0004526161646366665277, 0.0009052323292733330555, 0.001357848493909999529, 0.001810464658546666111 ),
 .UNSPECIFIED. ) ;
#2314 = ADVANCED_FACE ( 'NONE', ( #2844 ), #5645, .F. ) ;
#2315 = ORIENTED_EDGE ( 'NONE', *, *, #2207, .F. ) ;
#2316 = ORIENTED_EDGE ( 'NONE', *, *, #8138, .F. ) ;
#2317 = AXIS2_PLACEMENT_3D ( 'NONE', #8087, #5249, #5204 ) ;
#2318 = ORIENTED_EDGE ( 'NONE', *, *, #5390, .T. ) ;
#2319 = CARTESIAN_POINT ( 'NONE',  ( -10.37500000000001243, 14.67663878639436348, -2.711179455925987192 ) ) ;
#2320 = CARTESIAN_POINT ( 'NONE',  ( 24.06754393069536846, 11.41827254162189753, -20.28907860351668191 ) ) ;
#2321 = DIRECTION ( 'NONE',  ( -0.000000000000000000, -0.000000000000000000, 1.000000000000000000 ) ) ;
#2322 = CARTESIAN_POINT ( 'NONE',  ( -23.78733200473765663, 9.632647337826876210, -39.29999999999999005 ) ) ;
#2323 = EDGE_CURVE ( 'NONE', #3269, #785, #8710, .T. ) ;
#2324 = CARTESIAN_POINT ( 'NONE',  ( -13.57500000000000995, 12.99999999999999645, -0.2792407799438614280 ) ) ;
#2325 = EDGE_CURVE ( 'NONE', #774, #7465, #2745, .T. ) ;
#2326 = VERTEX_POINT ( 'NONE', #697 ) ;
#2327 = EDGE_LOOP ( 'NONE', ( #1693, #7680 ) ) ;
#2328 = AXIS2_PLACEMENT_3D ( 'NONE', #6204, #9036, #4927 ) ;
#2329 = CARTESIAN_POINT ( 'NONE',  ( 26.14089903780527990, 11.17785934484908594, -15.87263088471907402 ) ) ;
#2330 = CARTESIAN_POINT ( 'NONE',  ( 24.51442457439410560, -12.26890397593977688, -17.71503477999989329 ) ) ;
#2331 = DIRECTION ( 'NONE',  ( 0.5999999999999983125, -0.8000000000000012657, 0.000000000000000000 ) ) ;
#2332 = VECTOR ( 'NONE', #1166, 1000.000000000000000 ) ;
#2333 = DIRECTION ( 'NONE',  ( -0.000000000000000000, -1.000000000000000000, -0.000000000000000000 ) ) ;
#2334 = B_SPLINE_CURVE_WITH_KNOTS ( 'NONE', 3,
 ( #3804, #3113, #5261, #1016, #4685, #1888 ),
 .UNSPECIFIED., .F., .F.,
 ( 4, 2, 4 ),
 ( 0.000000000000000000, 0.0005679078388265748059, 0.001135815677653149612 ),
 .UNSPECIFIED. ) ;
#2335 = CARTESIAN_POINT ( 'NONE',  ( -25.81809971959245686, 10.44535047934268590, -0.4817834931137498500 ) ) ;
#2336 = AXIS2_PLACEMENT_3D ( 'NONE', #6853, #4163, #6191 ) ;
#2337 = DIRECTION ( 'NONE',  ( -0.000000000000000000, -0.000000000000000000, -1.000000000000000000 ) ) ;
#2338 = VERTEX_POINT ( 'NONE', #3543 ) ;
#2339 = LINE ( 'NONE', #5182, #1062 ) ;
#2340 = ORIENTED_EDGE ( 'NONE', *, *, #8302, .F. ) ;
#2341 = AXIS2_PLACEMENT_3D ( 'NONE', #8777, #5186, #3638 ) ;
#2342 = ORIENTED_EDGE ( 'NONE', *, *, #5782, .T. ) ;
#2343 = VERTEX_POINT ( 'NONE', #6311 ) ;
#2344 = PLANE ( 'NONE',  #8288 ) ;
#2345 = CARTESIAN_POINT ( 'NONE',  ( -26.48377682265679312, 9.004995567763819153, 0.9236564323181654101 ) ) ;
#2346 = CARTESIAN_POINT ( 'NONE',  ( 7.989652567026080732, 14.78421494571413852, -14.98826940047296929 ) ) ;
#2347 = CARTESIAN_POINT ( 'NONE',  ( -20.15380024153613903, -14.99999999999999645, 4.336808689942017736E-15 ) ) ;
#2348 = AXIS2_PLACEMENT_3D ( 'NONE', #2324, #124, #3064 ) ;
#2349 = CARTESIAN_POINT ( 'NONE',  ( -22.99681509811260582, -3.513463202574937938, 16.75674518337461549 ) ) ;
#2350 = CARTESIAN_POINT ( 'NONE',  ( -26.45999999999998664, 8.000000000000000000, -39.29999999999999005 ) ) ;
#2351 = CARTESIAN_POINT ( 'NONE',  ( -5.575000000000010836, 8.200000000000020606, -13.04999999999999893 ) ) ;
#2352 = ORIENTED_EDGE ( 'NONE', *, *, #7835, .T. ) ;
#2353 = AXIS2_PLACEMENT_3D ( 'NONE', #3822, #2392, #894 ) ;
#2354 = FACE_OUTER_BOUND ( 'NONE', #7807, .T. ) ;
#2355 = CARTESIAN_POINT ( 'NONE',  ( 25.62500000000000000, 11.12083830918277094, -12.03976285529074275 ) ) ;
#2356 = DIRECTION ( 'NONE',  ( -1.000000000000000000, 0.000000000000000000, 0.000000000000000000 ) ) ;
#2357 = CARTESIAN_POINT ( 'NONE',  ( -16.57500000000001350, 2.624999999999999112, 20.55336663013170906 ) ) ;
#2358 = CYLINDRICAL_SURFACE ( 'NONE', #3409, 2.000000000000001776 ) ;
#2359 = CARTESIAN_POINT ( 'NONE',  ( -24.08416730868039934, 7.099999999999994316, -30.13015151901649347 ) ) ;
#2360 = CARTESIAN_POINT ( 'NONE',  ( -25.81941291584033848, -9.039385658745832330, 5.116861705091329426 ) ) ;
#2361 = EDGE_CURVE ( 'NONE', #1170, #1573, #4186, .T. ) ;
#2362 = CIRCLE ( 'NONE', #3991, 1.049999999999995381 ) ;
#2363 = VERTEX_POINT ( 'NONE', #8483 ) ;
#2364 = ORIENTED_EDGE ( 'NONE', *, *, #6284, .T. ) ;
#2365 = ORIENTED_EDGE ( 'NONE', *, *, #4121, .F. ) ;
#2366 = DIRECTION ( 'NONE',  ( -1.000000000000000000, 0.000000000000000000, -0.000000000000000000 ) ) ;
#2367 = CARTESIAN_POINT ( 'NONE',  ( 25.80335592520014742, 12.10722739096410194, -16.94481186510295601 ) ) ;
#2368 = DIRECTION ( 'NONE',  ( 0.000000000000000000, 0.000000000000000000, -1.000000000000000000 ) ) ;
#2369 = EDGE_CURVE ( 'NONE', #4193, #1840, #2893, .T. ) ;
#2370 = AXIS2_PLACEMENT_3D ( 'NONE', #2351, #3234, #242 ) ;
#2371 = CARTESIAN_POINT ( 'NONE',  ( 20.95719630414087575, -12.69483567804511637, -23.95265141042400714 ) ) ;
#2372 = CARTESIAN_POINT ( 'NONE',  ( -24.28608178893777136, -8.920490271554118777, 10.01954505172292720 ) ) ;
#2373 = AXIS2_PLACEMENT_3D ( 'NONE', #8097, #217, #5393 ) ;
#2374 = EDGE_CURVE ( 'NONE', #3763, #7701, #7005, .T. ) ;
#2375 = ORIENTED_EDGE ( 'NONE', *, *, #1695, .F. ) ;
#2376 = ORIENTED_EDGE ( 'NONE', *, *, #2716, .T. ) ;
#2377 = CARTESIAN_POINT ( 'NONE',  ( -23.16053390593275196, 15.00000000000000000, -23.53553390593271288 ) ) ;
#2378 = DIRECTION ( 'NONE',  ( 0.000000000000000000, 0.000000000000000000, -1.000000000000000000 ) ) ;
#2379 = AXIS2_PLACEMENT_3D ( 'NONE', #4910, #4999, #2250 ) ;
#2380 = CARTESIAN_POINT ( 'NONE',  ( -1.824999999999995071, -4.150795011477496669E-15, -35.79999999999999005 ) ) ;
#2381 = DIRECTION ( 'NONE',  ( 2.164016633576080887E-32, 1.000000000000000000, -7.509625437129028195E-17 ) ) ;
#2382 = CARTESIAN_POINT ( 'NONE',  ( -26.99948367301471919, 10.11302173825735551, -0.3710072460857760102 ) ) ;
#2383 = CARTESIAN_POINT ( 'NONE',  ( -16.57500000000001350, 5.250000000000000000, 23.10000000000001208 ) ) ;
#2384 = EDGE_CURVE ( 'NONE', #8139, #5302, #4896, .T. ) ;
#2385 = EDGE_LOOP ( 'NONE', ( #7558, #7535, #8620, #6581, #4563, #4005, #588, #6967, #6376, #2055 ) ) ;
#2386 = DIRECTION ( 'NONE',  ( 1.000000000000000000, -0.000000000000000000, 2.881657216719182496E-16 ) ) ;
#2387 = VERTEX_POINT ( 'NONE', #1354 ) ;
#2388 = ORIENTED_EDGE ( 'NONE', *, *, #3618, .T. ) ;
#2389 = EDGE_CURVE ( 'NONE', #3936, #6480, #7832, .T. ) ;
#2390 = ORIENTED_EDGE ( 'NONE', *, *, #3908, .T. ) ;
#2391 = CARTESIAN_POINT ( 'NONE',  ( -23.16346493366449621, -11.97237639385267904, -0.2654603648311889552 ) ) ;
#2392 = DIRECTION ( 'NONE',  ( 0.000000000000000000, 0.000000000000000000, 1.000000000000000000 ) ) ;
#2393 = LINE ( 'NONE', #4430, #7910 ) ;
#2394 = DIRECTION ( 'NONE',  ( -2.164016633576080887E-32, -1.000000000000000000, 7.509625437129028195E-17 ) ) ;
#2395 = DIRECTION ( 'NONE',  ( 0.000000000000000000, 0.000000000000000000, -1.000000000000000000 ) ) ;
#2396 = CARTESIAN_POINT ( 'NONE',  ( -26.62500000000001066, -2.625000000000002220, 27.64663336986831510 ) ) ;
#2397 = PLANE ( 'NONE',  #2370 ) ;
#2398 = VERTEX_POINT ( 'NONE', #7142 ) ;
#2399 = ORIENTED_EDGE ( 'NONE', *, *, #1990, .T. ) ;
#2400 = CARTESIAN_POINT ( 'NONE',  ( 17.62499999999999289, -7.000000000000000000, 13.50000000000000178 ) ) ;
#2401 = CARTESIAN_POINT ( 'NONE',  ( -26.62500000000001066, 2.624999999999998668, 19.60336663013170266 ) ) ;
#2402 = CARTESIAN_POINT ( 'NONE',  ( -13.57500000000000995, -11.99999999999999645, -0.1406273990108787564 ) ) ;
#2403 = AXIS2_PLACEMENT_3D ( 'NONE', #6772, #281, #5885 ) ;
#2404 = LINE ( 'NONE', #6001, #6998 ) ;
#2405 = ADVANCED_FACE ( 'NONE', ( #8533 ), #5034, .F. ) ;
#2406 = CARTESIAN_POINT ( 'NONE',  ( -1.103797391150846741, 15.52315274206985585, -25.00000000000000000 ) ) ;
#2407 = CARTESIAN_POINT ( 'NONE',  ( -10.37500000000001954, -14.88096929338442287, -4.000000000000000000 ) ) ;
#2408 = ADVANCED_FACE ( 'NONE', ( #7048, #652 ), #3495, .F. ) ;
#2409 = EDGE_LOOP ( 'NONE', ( #8869, #293 ) ) ;
#2410 = ORIENTED_EDGE ( 'NONE', *, *, #6094, .F. ) ;
#2411 = VECTOR ( 'NONE', #7121, 1000.000000000000000 ) ;
#2412 = EDGE_CURVE ( 'NONE', #3947, #2326, #3639, .T. ) ;
#2413 = ORIENTED_EDGE ( 'NONE', *, *, #1615, .F. ) ;
#2414 = CARTESIAN_POINT ( 'NONE',  ( -23.16543135835399880, -11.97214550999819416, -0.2653567815987208367 ) ) ;
#2415 = CARTESIAN_POINT ( 'NONE',  ( -19.03986832165062637, 15.00000000000000000, -37.29999999738237904 ) ) ;
#2416 = CARTESIAN_POINT ( 'NONE',  ( 8.624999999999992895, 15.00000000000000000, 5.147263975624272985E-15 ) ) ;
#2417 = CARTESIAN_POINT ( 'NONE',  ( 25.31909719890457211, -12.16883917339451671, -18.09350114482294458 ) ) ;
#2418 = LINE ( 'NONE', #969, #1004 ) ;
#2419 = VERTEX_POINT ( 'NONE', #8815 ) ;
#2420 = ORIENTED_EDGE ( 'NONE', *, *, #6554, .F. ) ;
#2421 = EDGE_CURVE ( 'NONE', #3246, #3115, #5468, .T. ) ;
#2422 = LINE ( 'NONE', #3261, #4252 ) ;
#2423 = DIRECTION ( 'NONE',  ( 0.000000000000000000, 0.000000000000000000, 1.000000000000000000 ) ) ;
#2424 = CARTESIAN_POINT ( 'NONE',  ( 22.62499999999999645, -7.999999999999996447, 5.204170427930421283E-15 ) ) ;
#2425 = CARTESIAN_POINT ( 'NONE',  ( -0.07098521412679563436, 15.52145826415290308, -25.00000000000000000 ) ) ;
#2426 = CARTESIAN_POINT ( 'NONE',  ( -24.44370003326557850, 11.57254781956279999, -0.09848024568921683042 ) ) ;
#2427 = CARTESIAN_POINT ( 'NONE',  ( -11.07500000000001883, 2.624999999999995559, 27.64663336986831510 ) ) ;
#2428 = ORIENTED_EDGE ( 'NONE', *, *, #5378, .F. ) ;
#2429 = CYLINDRICAL_SURFACE ( 'NONE', #2694, 2.000000000000001776 ) ;
#2430 = ORIENTED_EDGE ( 'NONE', *, *, #4977, .F. ) ;
#2431 = CIRCLE ( 'NONE', #2874, 2.000000000000001776 ) ;
#2432 = VERTEX_POINT ( 'NONE', #3769 ) ;
#2433 = DIRECTION ( 'NONE',  ( 1.000000000000000000, 0.000000000000000000, 2.881657216719182496E-16 ) ) ;
#2434 = DIRECTION ( 'NONE',  ( 0.000000000000000000, 0.7071067811865477948, -0.7071067811865473507 ) ) ;
#2435 = CIRCLE ( 'NONE', #1536, 1.049999999999995381 ) ;
#2436 = CARTESIAN_POINT ( 'NONE',  ( -22.49051490436635348, -11.84832011583245759, 6.505745400281709223 ) ) ;
#2437 = CARTESIAN_POINT ( 'NONE',  ( -26.62500000000001066, 2.624999999999995559, 27.64663336986831510 ) ) ;
#2438 = CARTESIAN_POINT ( 'NONE',  ( -22.64343502986708145, -2.888701438989184300, 20.54022771790733515 ) ) ;
#2439 = EDGE_CURVE ( 'NONE', #2852, #5397, #7223, .T. ) ;
#2440 = CARTESIAN_POINT ( 'NONE',  ( 23.77825679652894308, -12.35968223302820057, 1.025612868677829652E-12 ) ) ;
#2441 = CARTESIAN_POINT ( 'NONE',  ( -22.74475071173538510, 0.6881464450940844024, 19.06877458875765896 ) ) ;
#2442 = VECTOR ( 'NONE', #8638, 1000.000000000000000 ) ;
#2443 = VERTEX_POINT ( 'NONE', #8716 ) ;
#2444 = ORIENTED_EDGE ( 'NONE', *, *, #2088, .F. ) ;
#2445 = DIRECTION ( 'NONE',  ( 1.000000000000000000, 0.000000000000000000, 0.000000000000000000 ) ) ;
#2446 = CARTESIAN_POINT ( 'NONE',  ( -20.15380024153672167, 15.00000000000000000, 4.336808689942017736E-15 ) ) ;
#2447 = DIRECTION ( 'NONE',  ( 1.000000000000000000, 0.000000000000000000, 2.881657216719182496E-16 ) ) ;
#2448 = CARTESIAN_POINT ( 'NONE',  ( -19.62499999999999645, 14.25140568865275270, -38.26788180048652066 ) ) ;
#2449 = CARTESIAN_POINT ( 'NONE',  ( 15.12499999999998579, 2.624999999999998668, 19.60336663013171332 ) ) ;
#2450 = B_SPLINE_CURVE_WITH_KNOTS ( 'NONE', 3,
 ( #3184, #6035, #2483, #2931 ),
 .UNSPECIFIED., .F., .F.,
 ( 4, 4 ),
 ( 0.000000000000000000, 0.01300053146097862079 ),
 .UNSPECIFIED. ) ;
#2451 = FACE_OUTER_BOUND ( 'NONE', #2555, .T. ) ;
#2452 = EDGE_LOOP ( 'NONE', ( #6202, #2652, #902, #4974, #2091, #6594 ) ) ;
#2453 = VERTEX_POINT ( 'NONE', #6632 ) ;
#2454 = ORIENTED_EDGE ( 'NONE', *, *, #5919, .T. ) ;
#2455 = CARTESIAN_POINT ( 'NONE',  ( -25.83922599815928223, -10.39032778894492459, 0.3758492409474117335 ) ) ;
#2456 = VECTOR ( 'NONE', #8767, 1000.000000000000000 ) ;
#2457 = CARTESIAN_POINT ( 'NONE',  ( -13.68554732785198169, 14.95288936794007562, -37.85571456527065237 ) ) ;
#2458 = LINE ( 'NONE', #8233, #5836 ) ;
#2459 = DIRECTION ( 'NONE',  ( 0.000000000000000000, 1.000000000000000000, 0.000000000000000000 ) ) ;
#2460 = CARTESIAN_POINT ( 'NONE',  ( 17.64056985570545066, -12.11181398882249916, -26.65274198843195208 ) ) ;
#2461 = CARTESIAN_POINT ( 'NONE',  ( 9.010819090633875206, 10.84535857606643283, -29.29999999999998650 ) ) ;
#2462 = AXIS2_PLACEMENT_3D ( 'NONE', #7211, #6521, #111 ) ;
#2463 = ORIENTED_EDGE ( 'NONE', *, *, #6304, .F. ) ;
#2464 = ORIENTED_EDGE ( 'NONE', *, *, #2253, .T. ) ;
#2465 = CARTESIAN_POINT ( 'NONE',  ( -25.67499999999998650, 8.000000000000000000, -33.09999999999998721 ) ) ;
#2466 = CARTESIAN_POINT ( 'NONE',  ( -25.54054415919493337, 11.75032004146288322, -0.9167733471542857115 ) ) ;
#2467 = CARTESIAN_POINT ( 'NONE',  ( -16.57500000000001350, 5.250000000000000000, 25.10000000000001208 ) ) ;
#2468 = CARTESIAN_POINT ( 'NONE',  ( 17.62499999999998934, 11.99999999999999467, 23.10000000000001918 ) ) ;
#2469 = CARTESIAN_POINT ( 'NONE',  ( -23.19629326595301677, 11.96729085271131154, -0.9890969509038289864 ) ) ;
#2470 = CARTESIAN_POINT ( 'NONE',  ( -11.07500000000001705, -5.250000000000000000, 22.05000000000001847 ) ) ;
#2471 = ADVANCED_FACE ( 'NONE', ( #7320 ), #2284, .T. ) ;
#2472 = ORIENTED_EDGE ( 'NONE', *, *, #1351, .F. ) ;
#2473 = LINE ( 'NONE', #3819, #6435 ) ;
#2474 = EDGE_LOOP ( 'NONE', ( #2887, #869 ) ) ;
#2475 = ORIENTED_EDGE ( 'NONE', *, *, #4025, .T. ) ;
#2476 = AXIS2_PLACEMENT_3D ( 'NONE', #3329, #391, #8268 ) ;
#2477 = CARTESIAN_POINT ( 'NONE',  ( -24.02787956642203326, -11.75415036063230545, -0.9180501202109420111 ) ) ;
#2478 = DIRECTION ( 'NONE',  ( 0.7071067811865274777, 0.000000000000000000, -0.7071067811865675568 ) ) ;
#2479 = CARTESIAN_POINT ( 'NONE',  ( -22.76700014008163464, -0.6377203046122120744, 18.81348123243322945 ) ) ;
#2480 = AXIS2_PLACEMENT_3D ( 'NONE', #5642, #2095, #4840 ) ;
#2481 = CARTESIAN_POINT ( 'NONE',  ( -26.62500000000000000, -15.00000000000000000, -3.999999999999996447 ) ) ;
#2482 = EDGE_CURVE ( 'NONE', #6438, #3682, #1581, .T. ) ;
#2483 = CARTESIAN_POINT ( 'NONE',  ( -16.56062007662926305, -15.00000000000000000, -10.06437992337086307 ) ) ;
#2484 = CARTESIAN_POINT ( 'NONE',  ( 25.18231851146998679, -12.18520486923810076, 7.040310991812879697E-15 ) ) ;
#2485 = VECTOR ( 'NONE', #3267, 1000.000000000000000 ) ;
#2486 = DIRECTION ( 'NONE',  ( -0.6652809670318275970, -0.7465930852246063232, 0.000000000000000000 ) ) ;
#2487 = EDGE_CURVE ( 'NONE', #6467, #8721, #226, .T. ) ;
#2488 = EDGE_LOOP ( 'NONE', ( #6235, #1749 ) ) ;
#2489 = ORIENTED_EDGE ( 'NONE', *, *, #2083, .T. ) ;
#2490 = ORIENTED_EDGE ( 'NONE', *, *, #1801, .T. ) ;
#2491 = DIRECTION ( 'NONE',  ( 1.000000000000000000, -0.000000000000000000, 2.881657216719182496E-16 ) ) ;
#2492 = DIRECTION ( 'NONE',  ( -0.000000000000000000, 1.000000000000000000, -0.000000000000000000 ) ) ;
#2493 = EDGE_CURVE ( 'NONE', #2934, #1443, #5733, .T. ) ;
#2494 = EDGE_CURVE ( 'NONE', #733, #3527, #837, .T. ) ;
#2495 = FACE_OUTER_BOUND ( 'NONE', #8651, .T. ) ;
#2496 = CARTESIAN_POINT ( 'NONE',  ( -16.57500000000001350, 2.624999999999998668, 18.55336663013170906 ) ) ;
#2497 = CARTESIAN_POINT ( 'NONE',  ( -12.05988476334780124, 10.91951526376752390, 5.204170427930421283E-15 ) ) ;
#2498 = DIRECTION ( 'NONE',  ( 1.000000000000000000, -0.000000000000000000, 2.881657216719182496E-16 ) ) ;
#2499 = AXIS2_PLACEMENT_3D ( 'NONE', #3446, #7046, #7785 ) ;
#2500 = EDGE_CURVE ( 'NONE', #9020, #8824, #4375, .T. ) ;
#2501 = VERTEX_POINT ( 'NONE', #5272 ) ;
#2502 = ORIENTED_EDGE ( 'NONE', *, *, #2302, .F. ) ;
#2503 = ORIENTED_EDGE ( 'NONE', *, *, #4276, .F. ) ;
#2504 = DIRECTION ( 'NONE',  ( -1.000000000000000000, 0.000000000000000000, 0.000000000000000000 ) ) ;
#2505 = CARTESIAN_POINT ( 'NONE',  ( -14.97250688637956983, 14.97178922324050454, -37.01108062670049748 ) ) ;
#2506 = CARTESIAN_POINT ( 'NONE',  ( 18.17312819401016100, -11.99999999999999645, 1.000000000000005329 ) ) ;
#2507 = CARTESIAN_POINT ( 'NONE',  ( -11.07500000000001705, 0.000000000000000000, 23.10000000000001208 ) ) ;
#2508 = CARTESIAN_POINT ( 'NONE',  ( -16.71190558476985899, -14.98867848927591417, -37.17243836704174242 ) ) ;
#2509 = DIRECTION ( 'NONE',  ( -1.000000000000000000, -0.000000000000000000, -2.881657216719182496E-16 ) ) ;
#2510 = ORIENTED_EDGE ( 'NONE', *, *, #3274, .T. ) ;
#2511 = ORIENTED_EDGE ( 'NONE', *, *, #5310, .F. ) ;
#2512 = VECTOR ( 'NONE', #1355, 1000.000000000000000 ) ;
#2513 = DIRECTION ( 'NONE',  ( -0.000000000000000000, 0.000000000000000000, 1.000000000000000000 ) ) ;
#2514 = CYLINDRICAL_SURFACE ( 'NONE', #4484, 24.00000000000000711 ) ;
#2515 = CARTESIAN_POINT ( 'NONE',  ( 7.892821782178217838, 12.10000000000000142, -29.29999999999998650 ) ) ;
#2516 = SURFACE_STYLE_USAGE ( .BOTH. , #6119 ) ;
#2517 = AXIS2_PLACEMENT_3D ( 'NONE', #7165, #7901, #1514 ) ;
#2518 = CARTESIAN_POINT ( 'NONE',  ( -25.49048317014510445, -7.399999999999996803, 6.640297038308732525 ) ) ;
#2519 = ADVANCED_FACE ( 'NONE', ( #320 ), #5223, .T. ) ;
#2520 = LINE ( 'NONE', #1818, #844 ) ;
#2521 = ORIENTED_EDGE ( 'NONE', *, *, #2868, .F. ) ;
#2522 =( LENGTH_UNIT ( ) NAMED_UNIT ( * ) SI_UNIT ( .MILLI., .METRE. ) );
#2523 = ORIENTED_EDGE ( 'NONE', *, *, #7434, .T. ) ;
#2524 = EDGE_CURVE ( 'NONE', #8067, #4438, #4511, .T. ) ;
#2525 = AXIS2_PLACEMENT_3D ( 'NONE', #5703, #6370, #5048 ) ;
#2526 = ORIENTED_EDGE ( 'NONE', *, *, #7509, .F. ) ;
#2527 = CARTESIAN_POINT ( 'NONE',  ( -25.60050388142849442, -11.70545318651144306, -0.9018177288371399536 ) ) ;
#2528 = CARTESIAN_POINT ( 'NONE',  ( 2.523636507234389814, 14.32039042086059055, -14.99999999999839595 ) ) ;
#2529 = EDGE_CURVE ( 'NONE', #2363, #1029, #4367, .T. ) ;
#2530 = CARTESIAN_POINT ( 'NONE',  ( -23.16053390593261696, 10.10000000000000142, -10.53553390593271288 ) ) ;
#2531 = CARTESIAN_POINT ( 'NONE',  ( -15.72619709328029103, -10.98907764563688438, 2.602085213965210642E-15 ) ) ;
#2532 = CARTESIAN_POINT ( 'NONE',  ( -22.64274064696087763, -2.624999999999998224, 20.55336663013170551 ) ) ;
#2533 = LINE ( 'NONE', #8219, #8540 ) ;
#2534 = CARTESIAN_POINT ( 'NONE',  ( -22.77914760580469888, 0.6247900191589784713, 18.68028276270607080 ) ) ;
#2535 = VERTEX_POINT ( 'NONE', #1671 ) ;
#2536 = VERTEX_POINT ( 'NONE', #7372 ) ;
#2537 = VERTEX_POINT ( 'NONE', #3813 ) ;
#2538 = LINE ( 'NONE', #1227, #8765 ) ;
#2539 = CARTESIAN_POINT ( 'NONE',  ( -13.57500000000000995, 14.25802513008862604, -1.752675043362867058 ) ) ;
#2540 = CARTESIAN_POINT ( 'NONE',  ( -24.62499999999998579, 8.000000000000000000, -33.09999999999998721 ) ) ;
#2541 = DIRECTION ( 'NONE',  ( -0.6652809670318275970, 0.7465930852246063232, 0.000000000000000000 ) ) ;
#2542 = CARTESIAN_POINT ( 'NONE',  ( -23.16053390593261696, 10.10000000000000142, -10.53553390593271288 ) ) ;
#2543 = VERTEX_POINT ( 'NONE', #6680 ) ;
#2544 = ORIENTED_EDGE ( 'NONE', *, *, #6187, .T. ) ;
#2545 = PLANE ( 'NONE',  #3375 ) ;
#2546 = FACE_OUTER_BOUND ( 'NONE', #5017, .T. ) ;
#2547 = CARTESIAN_POINT ( 'NONE',  ( -25.16583269131957223, 7.099999999999994316, -33.09999999999998721 ) ) ;
#2548 = CARTESIAN_POINT ( 'NONE',  ( -1.001821151730926784, -14.52374189596079823, -35.16616359416629223 ) ) ;
#2549 = ADVANCED_FACE ( 'NONE', ( #1026 ), #5974, .F. ) ;
#2550 = CARTESIAN_POINT ( 'NONE',  ( -24.08416730868039934, 7.099999999999995204, -33.09999999999998721 ) ) ;
#2551 = EDGE_CURVE ( 'NONE', #6391, #2711, #366, .T. ) ;
#2552 = CIRCLE ( 'NONE', #4178, 2.000000000000001776 ) ;
#2553 = ORIENTED_EDGE ( 'NONE', *, *, #5218, .F. ) ;
#2554 = ORIENTED_EDGE ( 'NONE', *, *, #2185, .T. ) ;
#2555 = EDGE_LOOP ( 'NONE', ( #8955, #324, #868, #5652 ) ) ;
#2556 = B_SPLINE_CURVE_WITH_KNOTS ( 'NONE', 3,
 ( #2011, #4858, #7196, #5561, #3555, #7705, #8544, #1319 ),
 .UNSPECIFIED., .F., .F.,
 ( 4, 2, 2, 4 ),
 ( 0.000000000000000000, 0.0002839635734523597403, 0.0005679271469047194806, 0.001135854293809438961 ),
 .UNSPECIFIED. ) ;
#2557 = DIRECTION ( 'NONE',  ( 0.000000000000000000, 0.000000000000000000, -1.000000000000000000 ) ) ;
#2558 = MANIFOLD_SOLID_BREP ( '\X2\501289d2\X0\4', #8368 ) ;
#2559 = CARTESIAN_POINT ( 'NONE',  ( -26.62499999999999645, 10.67871917582953323, -0.5595730586098358605 ) ) ;
#2560 = CARTESIAN_POINT ( 'NONE',  ( -23.16053390593261696, -7.900000000000000355, -10.53553390593271288 ) ) ;
#2561 = AXIS2_PLACEMENT_3D ( 'NONE', #8297, #6173, #4795 ) ;
#2562 = DIRECTION ( 'NONE',  ( 1.079438565345101231E-14, -0.000000000000000000, 1.000000000000000000 ) ) ;
#2563 = ORIENTED_EDGE ( 'NONE', *, *, #2948, .F. ) ;
#2564 = VERTEX_POINT ( 'NONE', #7552 ) ;
#2565 = ORIENTED_EDGE ( 'NONE', *, *, #4938, .F. ) ;
#2566 = ADVANCED_FACE ( 'NONE', ( #5449 ), #8863, .F. ) ;
#2567 = DIRECTION ( 'NONE',  ( 1.000000000000000000, 0.000000000000000000, 0.000000000000000000 ) ) ;
#2568 = VECTOR ( 'NONE', #4557, 1000.000000000000000 ) ;
#2569 = CYLINDRICAL_SURFACE ( 'NONE', #5026, 2.000000000000001776 ) ;
#2570 = CARTESIAN_POINT ( 'NONE',  ( 21.88400352261160009, 11.99999999999999289, 0.9174568067895553236 ) ) ;
#2571 = CARTESIAN_POINT ( 'NONE',  ( 7.892821782178217838, -12.10000000000000142, -31.98578938135895200 ) ) ;
#2572 = CARTESIAN_POINT ( 'NONE',  ( -22.64621121931100589, -3.145574358863544084, 20.48886598893701105 ) ) ;
#2573 = DIRECTION ( 'NONE',  ( 1.000000000000000000, -0.000000000000000000, 2.881657216719182496E-16 ) ) ;
#2574 = CIRCLE ( 'NONE', #3615, 1.049999999999995381 ) ;
#2575 = FACE_OUTER_BOUND ( 'NONE', #1173, .T. ) ;
#2576 = VERTEX_POINT ( 'NONE', #8204 ) ;
#2577 = ORIENTED_EDGE ( 'NONE', *, *, #8644, .T. ) ;
#2578 = VECTOR ( 'NONE', #4825, 1000.000000000000000 ) ;
#2579 = ORIENTED_EDGE ( 'NONE', *, *, #1235, .F. ) ;
#2580 = FACE_OUTER_BOUND ( 'NONE', #126, .T. ) ;
#2581 = DIRECTION ( 'NONE',  ( -1.000000000000000000, 0.000000000000000000, 0.000000000000000000 ) ) ;
#2582 = CARTESIAN_POINT ( 'NONE',  ( 16.62499999999998934, 8.500000000000000000, 15.00000000000000178 ) ) ;
#2583 = CARTESIAN_POINT ( 'NONE',  ( -13.57500000000000995, 10.94854271258595624, -7.381296623649907229E-15 ) ) ;
#2584 = AXIS2_PLACEMENT_3D ( 'NONE', #9008, #1914, #7474 ) ;
#2585 = CARTESIAN_POINT ( 'NONE',  ( -26.62500000000001066, -2.624999999999998668, 18.55336663013170551 ) ) ;
#2586 = EDGE_CURVE ( 'NONE', #5435, #2303, #8238, .T. ) ;
#2587 = VERTEX_POINT ( 'NONE', #1072 ) ;
#2588 = VERTEX_POINT ( 'NONE', #7506 ) ;
#2589 = CARTESIAN_POINT ( 'NONE',  ( -26.62499999999999645, -15.00000000000000000, 5.147263975624272985E-15 ) ) ;
#2590 = CARTESIAN_POINT ( 'NONE',  ( -5.575000000000010836, -7.200000000000004619, -13.04999999999999893 ) ) ;
#2591 = DIRECTION ( 'NONE',  ( 0.000000000000000000, 0.000000000000000000, -1.000000000000000000 ) ) ;
#2592 = CARTESIAN_POINT ( 'NONE',  ( 15.22793454112942513, -13.30245533673972602, -28.26573395555861268 ) ) ;
#2593 = ADVANCED_FACE ( 'NONE', ( #364 ), #3308, .F. ) ;
#2594 = CARTESIAN_POINT ( 'NONE',  ( -20.63989133934208553, -11.99999999999999645, 8.605745400281710644 ) ) ;
#2595 = EDGE_CURVE ( 'NONE', #2543, #3751, #1118, .T. ) ;
#2596 = ORIENTED_EDGE ( 'NONE', *, *, #8615, .T. ) ;
#2597 = ORIENTED_EDGE ( 'NONE', *, *, #1860, .F. ) ;
#2599 = EDGE_CURVE ( 'NONE', #5019, #7689, #3939, .T. ) ;
#2598 = VERTEX_POINT ( 'NONE', #9085 ) ;
#2600 = FACE_OUTER_BOUND ( 'NONE', #911, .T. ) ;
#2601 = CARTESIAN_POINT ( 'NONE',  ( -23.81394430696028763, -10.59999999999999609, 8.605745400281710644 ) ) ;
#2602 = EDGE_CURVE ( 'NONE', #5073, #7378, #6070, .T. ) ;
#2603 = CARTESIAN_POINT ( 'NONE',  ( -10.37500000000001066, -10.87962713085240196, 0.000000000000000000 ) ) ;
#2604 = EDGE_CURVE ( 'NONE', #7855, #5053, #5437, .T. ) ;
#2605 = CIRCLE ( 'NONE', #7968, 16.00000000000000711 ) ;
#2606 = CARTESIAN_POINT ( 'NONE',  ( -23.16053390593261696, -15.00000000000000000, -10.53553390593271288 ) ) ;
#2607 = VERTEX_POINT ( 'NONE', #1815 ) ;
#2608 = ORIENTED_EDGE ( 'NONE', *, *, #5476, .F. ) ;
#2609 = ORIENTED_EDGE ( 'NONE', *, *, #4794, .T. ) ;
#2610 = CARTESIAN_POINT ( 'NONE',  ( 2.585465371245923460, 15.31849053174181208, -15.00000000000000000 ) ) ;
#2611 = CARTESIAN_POINT ( 'NONE',  ( 3.024999999999989697, -1.908195823574487804E-14, 0.000000000000000000 ) ) ;
#2612 = CARTESIAN_POINT ( 'NONE',  ( 25.40308702607473279, -12.15719045456846814, 1.000000000000006883 ) ) ;
#2613 = PLANE ( 'NONE',  #3088 ) ;
#2614 = DIRECTION ( 'NONE',  ( 1.000000000000000000, -0.000000000000000000, 2.881657216719182496E-16 ) ) ;
#2615 = CARTESIAN_POINT ( 'NONE',  ( 26.62499999999999645, 15.00000000000000000, 5.147263975624272985E-15 ) ) ;
#2616 = AXIS2_PLACEMENT_3D ( 'NONE', #1265, #5464, #1356 ) ;
#2617 = ORIENTED_EDGE ( 'NONE', *, *, #8406, .T. ) ;
#2618 = ORIENTED_EDGE ( 'NONE', *, *, #4525, .T. ) ;
#2619 = ORIENTED_EDGE ( 'NONE', *, *, #7927, .F. ) ;
#2620 = VECTOR ( 'NONE', #6721, 1000.000000000000000 ) ;
#2621 = DIRECTION ( 'NONE',  ( 1.000000000000000000, 0.000000000000000000, -1.079438565345101546E-14 ) ) ;
#2622 = DIRECTION ( 'NONE',  ( -1.000000000000000000, 0.000000000000000000, 0.000000000000000000 ) ) ;
#2623 = LINE ( 'NONE', #8356, #8317 ) ;
#2624 = VECTOR ( 'NONE', #2650, 1000.000000000000000 ) ;
#2625 = LINE ( 'NONE', #8935, #5309 ) ;
#2626 = CARTESIAN_POINT ( 'NONE',  ( -19.62499999999999645, 15.00000000000000000, -39.29999999999999005 ) ) ;
#2627 = VECTOR ( 'NONE', #6055, 1000.000000000000000 ) ;
#2628 = ORIENTED_EDGE ( 'NONE', *, *, #8019, .T. ) ;
#2629 = EDGE_CURVE ( 'NONE', #4495, #6237, #2906, .T. ) ;
#2630 = AXIS2_PLACEMENT_3D ( 'NONE', #6641, #5235, #4703 ) ;
#2631 = ORIENTED_EDGE ( 'NONE', *, *, #5280, .F. ) ;
#2632 = CARTESIAN_POINT ( 'NONE',  ( 3.024999999999990585, 7.200000000000004619, -10.00000000000000000 ) ) ;
#2633 = FACE_BOUND ( 'NONE', #9077, .T. ) ;
#2634 = CARTESIAN_POINT ( 'NONE',  ( -5.575000000000010836, -10.10000000000000497, -13.04999999999999893 ) ) ;
#2635 = ADVANCED_FACE ( 'NONE', ( #6821 ), #7640, .F. ) ;
#2636 = CARTESIAN_POINT ( 'NONE',  ( -13.81663090373515423, -14.95495575782669739, -36.86630661151279043 ) ) ;
#2637 = LINE ( 'NONE', #5485, #404 ) ;
#2638 = CIRCLE ( 'NONE', #2197, 1.049999999999998934 ) ;
#2639 = ORIENTED_EDGE ( 'NONE', *, *, #8931, .F. ) ;
#2640 = VERTEX_POINT ( 'NONE', #1255 ) ;
#2641 = ORIENTED_EDGE ( 'NONE', *, *, #5707, .F. ) ;
#2642 = ORIENTED_EDGE ( 'NONE', *, *, #1186, .T. ) ;
#2643 = ADVANCED_FACE ( 'NONE', ( #4745 ), #7597, .F. ) ;
#2644 = CARTESIAN_POINT ( 'NONE',  ( 11.57499999999999218, -10.10000000000000675, -29.19999999999999929 ) ) ;
#2645 = LINE ( 'NONE', #7638, #7029 ) ;
#2646 = CARTESIAN_POINT ( 'NONE',  ( -11.96499999999999986, -10.10000000000000497, -35.57131279431310134 ) ) ;
#2647 = CARTESIAN_POINT ( 'NONE',  ( 23.40935049378520105, 11.92725682398915232, 0.8514880493734449107 ) ) ;
#2648 = ADVANCED_FACE ( 'NONE', ( #4225 ), #3535, .F. ) ;
#2649 = PRODUCT_DEFINITION_CONTEXT ( 'detailed design', #7355, 'design' ) ;
#2650 = DIRECTION ( 'NONE',  ( 1.000000000000000000, -0.000000000000000000, 2.881657216719182496E-16 ) ) ;
#2651 = ORIENTED_EDGE ( 'NONE', *, *, #6645, .F. ) ;
#2652 = ORIENTED_EDGE ( 'NONE', *, *, #545, .T. ) ;
#2653 = AXIS2_PLACEMENT_3D ( 'NONE', #2099, #3632, #2147 ) ;
#2654 = AXIS2_PLACEMENT_3D ( 'NONE', #8930, #2621, #1962 ) ;
#2655 = CARTESIAN_POINT ( 'NONE',  ( 22.79576562226982261, 12.00192119395159907, 0.2936487645707228089 ) ) ;
#2656 = CARTESIAN_POINT ( 'NONE',  ( -14.96738960534857199, -14.97172528854610363, -37.01050788329692409 ) ) ;
#2657 = DIRECTION ( 'NONE',  ( 0.000000000000000000, -0.000000000000000000, 1.000000000000000000 ) ) ;
#2658 = CARTESIAN_POINT ( 'NONE',  ( -10.43261184457520763, 14.88244887111398995, -16.19238815542516718 ) ) ;
#2659 = AXIS2_PLACEMENT_3D ( 'NONE', #1737, #7432, #5553 ) ;
#2660 = CARTESIAN_POINT ( 'NONE',  ( 12.22901478587320234, 14.55519494403440817, -15.00000000000000000 ) ) ;
#2661 = ADVANCED_FACE ( 'NONE', ( #80, #1300 ), #4133, .F. ) ;
#2662 = CARTESIAN_POINT ( 'NONE',  ( -1.122604028082864192, 14.52279140376062649, -26.00000000000000355 ) ) ;
#2663 = EDGE_CURVE ( 'NONE', #5898, #6504, #4567, .T. ) ;
#2664 = FACE_OUTER_BOUND ( 'NONE', #3443, .T. ) ;
#2665 = VECTOR ( 'NONE', #6855, 1000.000000000000000 ) ;
#2666 = ORIENTED_EDGE ( 'NONE', *, *, #699, .F. ) ;
#2667 = ORIENTED_EDGE ( 'NONE', *, *, #7331, .T. ) ;
#2668 = ORIENTED_EDGE ( 'NONE', *, *, #7062, .F. ) ;
#2669 = DIRECTION ( 'NONE',  ( 0.000000000000000000, 0.000000000000000000, 1.000000000000000000 ) ) ;
#2670 = LINE ( 'NONE', #3975, #3104 ) ;
#2671 = CARTESIAN_POINT ( 'NONE',  ( -8.057959053682088424, 14.82099012769947954, -35.90121948098023097 ) ) ;
#2672 = CARTESIAN_POINT ( 'NONE',  ( 22.62499999999998934, 0.000000000000000000, 23.10000000000001918 ) ) ;
#2673 = CARTESIAN_POINT ( 'NONE',  ( -23.16053390593261696, -15.00000000000000000, -10.53553390593271288 ) ) ;
#2674 = CARTESIAN_POINT ( 'NONE',  ( -13.57500000000001172, 13.08135065857261559, -0.6075054247673183916 ) ) ;
#2675 = FACE_OUTER_BOUND ( 'NONE', #3235, .T. ) ;
#2676 = VERTEX_POINT ( 'NONE', #7781 ) ;
#2677 = ORIENTED_EDGE ( 'NONE', *, *, #4025, .F. ) ;
#2678 = ADVANCED_FACE ( 'NONE', ( #1440 ), #6997, .T. ) ;
#2679 = FACE_OUTER_BOUND ( 'NONE', #7288, .T. ) ;
#2680 = DIRECTION ( 'NONE',  ( -2.164016633576080887E-32, -1.000000000000000000, 7.509625437129028195E-17 ) ) ;
#2681 = CARTESIAN_POINT ( 'NONE',  ( -2.960533905932948073, -10.10000000000001386, -43.73553390593279744 ) ) ;
#2682 = CYLINDRICAL_SURFACE ( 'NONE', #9166, 1.000000000000000888 ) ;
#2683 = CARTESIAN_POINT ( 'NONE',  ( -22.59041432202310062, -6.849207840013561643, 21.87091327832976617 ) ) ;
#2684 = CARTESIAN_POINT ( 'NONE',  ( -20.93721065682863625, -12.00000000000170353, 8.605745400281710644 ) ) ;
#2685 = EDGE_CURVE ( 'NONE', #4762, #1359, #9159, .T. ) ;
#2686 = ORIENTED_EDGE ( 'NONE', *, *, #7447, .T. ) ;
#2687 = ORIENTED_EDGE ( 'NONE', *, *, #3003, .F. ) ;
#2688 = ORIENTED_EDGE ( 'NONE', *, *, #4421, .F. ) ;
#2689 = VERTEX_POINT ( 'NONE', #593 ) ;
#2690 = LINE ( 'NONE', #6299, #2928 ) ;
#2691 = LINE ( 'NONE', #4041, #9107 ) ;
#2692 = DIRECTION ( 'NONE',  ( 0.000000000000000000, 0.000000000000000000, -1.000000000000000000 ) ) ;
#2693 = DIRECTION ( 'NONE',  ( -1.000000000000000000, -0.000000000000000000, -1.765621858500567205E-16 ) ) ;
#2694 = AXIS2_PLACEMENT_3D ( 'NONE', #3173, #7972, #5228 ) ;
#2695 = VECTOR ( 'NONE', #3848, 1000.000000000000000 ) ;
#2696 = CARTESIAN_POINT ( 'NONE',  ( 8.638988130832100154, 11.26263554206619411, -29.47293543252563452 ) ) ;
#2697 = EDGE_CURVE ( 'NONE', #8631, #7456, #5139, .T. ) ;
#2698 = ORIENTED_EDGE ( 'NONE', *, *, #7513, .F. ) ;
#2699 = VECTOR ( 'NONE', #1763, 1000.000000000000000 ) ;
#2700 = EDGE_LOOP ( 'NONE', ( #5556, #8445, #6342, #3334 ) ) ;
#2701 = VECTOR ( 'NONE', #8983, 1000.000000000000000 ) ;
#2702 = FACE_OUTER_BOUND ( 'NONE', #8056, .T. ) ;
#2703 = CARTESIAN_POINT ( 'NONE',  ( -19.03920262088039550, -14.99964208310218083, -37.29497672755025661 ) ) ;
#2704 = CARTESIAN_POINT ( 'NONE',  ( 26.62500000000000000, 10.73116096167849953, 5.153348451095161685E-15 ) ) ;
#2705 = CARTESIAN_POINT ( 'NONE',  ( -12.78957441343256463, 14.93697127157750515, -18.54935072428249754 ) ) ;
#2706 = CARTESIAN_POINT ( 'NONE',  ( 7.675000000000007816, -7.100000000000003197, -36.29999999999998295 ) ) ;
#2707 = LINE ( 'NONE', #8343, #8093 ) ;
#2708 = LINE ( 'NONE', #1134, #1911 ) ;
#2709 = ORIENTED_EDGE ( 'NONE', *, *, #1529, .F. ) ;
#2710 = ORIENTED_EDGE ( 'NONE', *, *, #1624, .T. ) ;
#2711 = VERTEX_POINT ( 'NONE', #1484 ) ;
#2712 = LINE ( 'NONE', #8395, #5168 ) ;
#2713 = DIRECTION ( 'NONE',  ( 1.000000000000000000, 0.000000000000000000, 0.000000000000000000 ) ) ;
#2714 = DIRECTION ( 'NONE',  ( -2.881657216719182496E-16, 0.000000000000000000, 1.000000000000000000 ) ) ;
#2715 = DIRECTION ( 'NONE',  ( 0.000000000000000000, 0.000000000000000000, -1.000000000000000000 ) ) ;
#2716 = EDGE_CURVE ( 'NONE', #1204, #6281, #3049, .T. ) ;
#2717 = LINE ( 'NONE', #572, #283 ) ;
#2718 = CARTESIAN_POINT ( 'NONE',  ( -26.62500000000001066, -2.625000000000002220, 27.64663336986831155 ) ) ;
#2719 = AXIS2_PLACEMENT_3D ( 'NONE', #6793, #8309, #2622 ) ;
#2720 = DIRECTION ( 'NONE',  ( -1.000000000000000000, 0.000000000000000000, -1.765621858500567205E-16 ) ) ;
#2721 = VERTEX_POINT ( 'NONE', #33 ) ;
#2722 = EDGE_LOOP ( 'NONE', ( #5423, #6412, #3551, #116 ) ) ;
#2723 = CARTESIAN_POINT ( 'NONE',  ( -19.62499999999986144, -15.00000000000000000, -6.999999999999993783 ) ) ;
#2724 = DIRECTION ( 'NONE',  ( 0.000000000000000000, 0.000000000000000000, -1.000000000000000000 ) ) ;
#2725 = CARTESIAN_POINT ( 'NONE',  ( -5.575000000000010836, 7.200000000000004619, -10.00000000000000000 ) ) ;
#2726 = AXIS2_PLACEMENT_3D ( 'NONE', #3511, #8497, #8077 ) ;
#2727 = AXIS2_PLACEMENT_3D ( 'NONE', #3789, #2258, #106 ) ;
#2728 = CARTESIAN_POINT ( 'NONE',  ( 22.62499999999999645, -11.99999999999999645, 3.050302500873535094E-15 ) ) ;
#2729 = DIRECTION ( 'NONE',  ( 0.000000000000000000, 0.000000000000000000, -1.000000000000000000 ) ) ;
#2730 = CARTESIAN_POINT ( 'NONE',  ( -22.65675944951894039, 3.632547831118551063, 20.30064926684837090 ) ) ;
#2731 = CARTESIAN_POINT ( 'NONE',  ( -26.62500000000001066, 5.250000000000000000, 23.10000000000000497 ) ) ;
#2732 = ORIENTED_EDGE ( 'NONE', *, *, #6492, .T. ) ;
#2733 = ORIENTED_EDGE ( 'NONE', *, *, #1052, .T. ) ;
#2734 = ORIENTED_EDGE ( 'NONE', *, *, #5897, .T. ) ;
#2735 = ORIENTED_EDGE ( 'NONE', *, *, #6002, .T. ) ;
#2736 = FACE_OUTER_BOUND ( 'NONE', #243, .T. ) ;
#2737 = CARTESIAN_POINT ( 'NONE',  ( 21.14211530881432211, -11.99999999999999645, 0.9495190443380352452 ) ) ;
#2738 = LINE ( 'NONE', #3392, #1383 ) ;
#2739 = CARTESIAN_POINT ( 'NONE',  ( 26.62499999999999645, 15.00000000000000000, 5.147263975624272985E-15 ) ) ;
#2740 = CARTESIAN_POINT ( 'NONE',  ( 18.80787611248769409, 3.217550140430486927, -25.78911225481128966 ) ) ;
#2741 = ORIENTED_EDGE ( 'NONE', *, *, #8228, .T. ) ;
#2742 = VERTEX_POINT ( 'NONE', #5638 ) ;
#2743 = CARTESIAN_POINT ( 'NONE',  ( -22.62256308275782857, -11.99999999999999645, -0.2792407799438650362 ) ) ;
#2744 = LINE ( 'NONE', #3494, #7857 ) ;
#2745 = LINE ( 'NONE', #6353, #4083 ) ;
#2746 = AXIS2_PLACEMENT_3D ( 'NONE', #6450, #744, #8578 ) ;
#2747 = DIRECTION ( 'NONE',  ( 1.000000000000000000, 0.000000000000000000, 2.881657216719182496E-16 ) ) ;
#2748 = APPLICATION_CONTEXT ( 'automotive_design' ) ;
#2749 = CARTESIAN_POINT ( 'NONE',  ( -4.575000000000037481, -7.200000000000004619, -10.00000000000000000 ) ) ;
#2750 = EDGE_CURVE ( 'NONE', #2721, #2294, #3436, .T. ) ;
#2751 = CARTESIAN_POINT ( 'NONE',  ( -26.62499999999998934, 7.099999999999996092, -36.29999999999999005 ) ) ;
#2752 = DIRECTION ( 'NONE',  ( 0.000000000000000000, 0.000000000000000000, 1.000000000000000000 ) ) ;
#2753 = ORIENTED_EDGE ( 'NONE', *, *, #7052, .T. ) ;
#2754 = ORIENTED_EDGE ( 'NONE', *, *, #727, .F. ) ;
#2755 = VECTOR ( 'NONE', #3850, 1000.000000000000227 ) ;
#2756 = ORIENTED_EDGE ( 'NONE', *, *, #1351, .T. ) ;
#2757 = PLANE ( 'NONE',  #7551 ) ;
#2758 = CYLINDRICAL_SURFACE ( 'NONE', #5627, 2.000000000000001776 ) ;
#2759 = EDGE_CURVE ( 'NONE', #26, #6561, #8569, .T. ) ;
#2760 = CARTESIAN_POINT ( 'NONE',  ( -19.62500000000000000, 14.16787163341026634, -38.29999999999999005 ) ) ;
#2761 = DIRECTION ( 'NONE',  ( 1.000000000000000000, 0.000000000000000000, 2.881657216719182496E-16 ) ) ;
#2762 = PLANE ( 'NONE',  #7287 ) ;
#2763 = FACE_OUTER_BOUND ( 'NONE', #8046, .T. ) ;
#2764 = CARTESIAN_POINT ( 'NONE',  ( -24.44989989031148170, 14.32379000772444577, -1.774596669241476299 ) ) ;
#2765 = EDGE_CURVE ( 'NONE', #1611, #6178, #689, .T. ) ;
#2766 = VERTEX_POINT ( 'NONE', #9134 ) ;
#2767 = ADVANCED_FACE ( 'NONE', ( #5028 ), #1392, .F. ) ;
#2768 = EDGE_CURVE ( 'NONE', #7342, #8721, #737, .T. ) ;
#2769 = VERTEX_POINT ( 'NONE', #6346 ) ;
#2770 = CARTESIAN_POINT ( 'NONE',  ( -23.02445639404653122, -2.624999999999998668, 16.55336663013170195 ) ) ;
#2771 = AXIS2_PLACEMENT_3D ( 'NONE', #7337, #5894, #3689 ) ;
#2772 = VECTOR ( 'NONE', #9136, 1000.000000000000000 ) ;
#2773 = CARTESIAN_POINT ( 'NONE',  ( 15.70939823883664133, 13.25448184904383453, -26.84434114908985336 ) ) ;
#2774 = DIRECTION ( 'NONE',  ( -0.000000000000000000, -1.000000000000000000, -0.000000000000000000 ) ) ;
#2775 = DIRECTION ( 'NONE',  ( -2.881657216719182496E-16, 7.509625437129028195E-17, 1.000000000000000000 ) ) ;
#2776 = CARTESIAN_POINT ( 'NONE',  ( -23.57499999999999218, -8.000000000000000000, -37.79999999999998295 ) ) ;
#2777 = AXIS2_PLACEMENT_3D ( 'NONE', #6862, #7593, #2085 ) ;
#2778 = CARTESIAN_POINT ( 'NONE',  ( -22.74474545126484415, 4.561805916307733355, 19.06884993401886064 ) ) ;
#2779 = CARTESIAN_POINT ( 'NONE',  ( 4.329014785873203763, 14.78421494571413852, -14.90923280789884053 ) ) ;
#2780 = EDGE_CURVE ( 'NONE', #5591, #5727, #2605, .T. ) ;
#2781 = AXIS2_PLACEMENT_3D ( 'NONE', #7560, #7380, #6031 ) ;
#2782 = EDGE_CURVE ( 'NONE', #5321, #3945, #1713, .T. ) ;
#2783 = VERTEX_POINT ( 'NONE', #7269 ) ;
#2784 = ORIENTED_EDGE ( 'NONE', *, *, #9010, .T. ) ;
#2785 = EDGE_LOOP ( 'NONE', ( #8252, #5558 ) ) ;
#2786 = VERTEX_POINT ( 'NONE', #1661 ) ;
#2787 = DIRECTION ( 'NONE',  ( 1.000000000000000000, 0.000000000000000000, 2.881657216719182496E-16 ) ) ;
#2788 = CARTESIAN_POINT ( 'NONE',  ( -0.07098521412679612008, 19.28421494571414030, -25.00000000000000000 ) ) ;
#2789 = CARTESIAN_POINT ( 'NONE',  ( 11.52366262258228780, 14.64827129077108836, -15.00000000000000000 ) ) ;
#2790 = CIRCLE ( 'NONE', #5450, 4.000000000000000000 ) ;
#2791 = DIRECTION ( 'NONE',  ( -1.000000000000000000, 0.000000000000000000, -2.881657216719182496E-16 ) ) ;
#2792 = VERTEX_POINT ( 'NONE', #2322 ) ;
#2793 = AXIS2_PLACEMENT_3D ( 'NONE', #2892, #1626, #6495 ) ;
#2794 = ORIENTED_EDGE ( 'NONE', *, *, #2818, .T. ) ;
#2795 = CARTESIAN_POINT ( 'NONE',  ( -27.56654623471037979, -8.276995421061455360, 0.2410015263128583163 ) ) ;
#2796 = CARTESIAN_POINT ( 'NONE',  ( -17.28910546888279498, -14.99289271166483317, -37.21658879582766133 ) ) ;
#2797 = EDGE_CURVE ( 'NONE', #2164, #2054, #2974, .T. ) ;
#2798 = DIRECTION ( 'NONE',  ( 1.000000000000000000, -0.000000000000000000, -0.000000000000000000 ) ) ;
#2799 = PLANE ( 'NONE',  #3990 ) ;
#2800 = FACE_OUTER_BOUND ( 'NONE', #5387, .T. ) ;
#2801 = EDGE_CURVE ( 'NONE', #2164, #5602, #789, .T. ) ;
#2802 = AXIS2_PLACEMENT_3D ( 'NONE', #6264, #1910, #423 ) ;
#2803 = CARTESIAN_POINT ( 'NONE',  ( -5.575000000000010836, -7.200000000000004619, -13.04999999999999893 ) ) ;
#2804 = AXIS2_PLACEMENT_3D ( 'NONE', #7390, #6702, #3140 ) ;
#2805 = ORIENTED_EDGE ( 'NONE', *, *, #2500, .T. ) ;
#2806 = ORIENTED_EDGE ( 'NONE', *, *, #2629, .T. ) ;
#2807 = ORIENTED_EDGE ( 'NONE', *, *, #8994, .T. ) ;
#2808 = DIRECTION ( 'NONE',  ( 1.765621858500567205E-16, 0.000000000000000000, -1.000000000000000000 ) ) ;
#2809 = CARTESIAN_POINT ( 'NONE',  ( 16.62499999999998934, -7.000000000000000000, 13.50000000000000178 ) ) ;
#2810 = DIRECTION ( 'NONE',  ( -1.000000000000000000, -2.164016633576080887E-32, 0.000000000000000000 ) ) ;
#2811 = AXIS2_PLACEMENT_3D ( 'NONE', #8639, #2859, #5708 ) ;
#2812 = FACE_BOUND ( 'NONE', #8371, .T. ) ;
#2813 = FACE_OUTER_BOUND ( 'NONE', #2989, .T. ) ;
#2814 = DIRECTION ( 'NONE',  ( 1.000000000000000000, 0.000000000000000000, -0.000000000000000000 ) ) ;
#2815 = VECTOR ( 'NONE', #5060, 1000.000000000000000 ) ;
#2816 = DIRECTION ( 'NONE',  ( -1.000000000000000000, 2.602085213965210642E-15, 0.000000000000000000 ) ) ;
#2817 = DIRECTION ( 'NONE',  ( 1.000000000000000000, 0.000000000000000000, 2.881657216719182496E-16 ) ) ;
#2818 = EDGE_CURVE ( 'NONE', #5276, #6237, #4550, .T. ) ;
#2819 = ORIENTED_EDGE ( 'NONE', *, *, #9207, .F. ) ;
#2820 = ORIENTED_EDGE ( 'NONE', *, *, #244, .F. ) ;
#2821 = CARTESIAN_POINT ( 'NONE',  ( 12.22901478587320234, 14.49486514259852399, -25.00000000000000000 ) ) ;
#2822 = VECTOR ( 'NONE', #2949, 1000.000000000000000 ) ;
#2823 = DIRECTION ( 'NONE',  ( 1.000000000000000000, -0.000000000000000000, 2.881657216719182496E-16 ) ) ;
#2824 = CARTESIAN_POINT ( 'NONE',  ( -10.37500000000001066, -15.00000000000000000, 0.000000000000000000 ) ) ;
#2825 = CARTESIAN_POINT ( 'NONE',  ( 5.976523810478517440, -13.11006714165706200, -32.77777386697987083 ) ) ;
#2826 = CARTESIAN_POINT ( 'NONE',  ( -22.57500000000001705, -2.625000000000001776, 29.64663336986831155 ) ) ;
#2827 = CARTESIAN_POINT ( 'NONE',  ( -26.48993482744614880, 8.979899622084086985, 0.9335664954569194984 ) ) ;
#2828 = PLANE ( 'NONE',  #2285 ) ;
#2829 = ORIENTED_EDGE ( 'NONE', *, *, #7951, .F. ) ;
#2830 = ORIENTED_EDGE ( 'NONE', *, *, #379, .T. ) ;
#2831 = ORIENTED_EDGE ( 'NONE', *, *, #8290, .F. ) ;
#2832 = ORIENTED_EDGE ( 'NONE', *, *, #7789, .T. ) ;
#2833 = CARTESIAN_POINT ( 'NONE',  ( -10.37500000000001066, 10.87962713085240196, 0.000000000000000000 ) ) ;
#2834 = ADVANCED_FACE ( 'NONE', ( #875 ), #4705, .T. ) ;
#2835 = CARTESIAN_POINT ( 'NONE',  ( 25.57747993853690360, 12.13506087069726291, 0.000000000000000000 ) ) ;
#2836 = CARTESIAN_POINT ( 'NONE',  ( -13.57500000000001705, 0.000000000000000000, 23.10000000000001208 ) ) ;
#2838 = EDGE_CURVE ( 'NONE', #3162, #2721, #6796, .T. ) ;
#2837 = B_SPLINE_CURVE_WITH_KNOTS ( 'NONE', 3,
 ( #4246, #6508, #5612, #5801, #7891, #9203, #8636, #100, #1503, #4337 ),
 .UNSPECIFIED., .F., .F.,
 ( 4, 2, 2, 2, 4 ),
 ( -6.324563204023026920E-06, 0.0004696634379047203984, 0.0009456514390134637552, 0.001421639440122207275, 0.001897627441230950686 ),
 .UNSPECIFIED. ) ;
#2839 = DIRECTION ( 'NONE',  ( 0.000000000000000000, 0.000000000000000000, -1.000000000000000000 ) ) ;
#2840 = ORIENTED_EDGE ( 'NONE', *, *, #8417, .T. ) ;
#2841 = EDGE_LOOP ( 'NONE', ( #7975, #4161, #7286, #8630 ) ) ;
#2842 = CARTESIAN_POINT ( 'NONE',  ( 23.64045643670845465, 11.87467375621867482, 0.2887163633805581164 ) ) ;
#2843 = DIRECTION ( 'NONE',  ( 0.000000000000000000, 2.059984127722470731E-14, 1.000000000000000000 ) ) ;
#2844 = FACE_OUTER_BOUND ( 'NONE', #383, .T. ) ;
#2845 = PLANE ( 'NONE',  #1609 ) ;
#2846 = DIRECTION ( 'NONE',  ( 0.000000000000000000, 0.7071067811865464625, -0.7071067811865486830 ) ) ;
#2847 = CARTESIAN_POINT ( 'NONE',  ( 11.87583815814091714, -12.04151336174226650, 0.6822313065273271082 ) ) ;
#2848 = ADVANCED_FACE ( 'NONE', ( #4776 ), #1472, .F. ) ;
#2849 = ORIENTED_EDGE ( 'NONE', *, *, #4683, .T. ) ;
#2850 = VERTEX_POINT ( 'NONE', #8463 ) ;
#2851 = AXIS2_PLACEMENT_3D ( 'NONE', #5438, #6193, #8146 ) ;
#2852 = VERTEX_POINT ( 'NONE', #9073 ) ;
#2853 = LINE ( 'NONE', #5517, #8432 ) ;
#2854 = LINE ( 'NONE', #3460, #8618 ) ;
#2855 = FACE_OUTER_BOUND ( 'NONE', #5771, .T. ) ;
#2856 = CARTESIAN_POINT ( 'NONE',  ( -19.62499999999999645, -15.00000000000000000, -39.29999999999999005 ) ) ;
#2857 = CARTESIAN_POINT ( 'NONE',  ( 7.732911556936736375, 13.95465449349613252, -13.99999999999999822 ) ) ;
#2858 = CARTESIAN_POINT ( 'NONE',  ( 22.62499999999999645, -7.999999999999996447, 1.000000000000005107 ) ) ;
#2859 = DIRECTION ( 'NONE',  ( 1.000000000000000000, 0.000000000000000000, 2.881657216719182496E-16 ) ) ;
#2860 = ORIENTED_EDGE ( 'NONE', *, *, #4245, .F. ) ;
#2861 = CARTESIAN_POINT ( 'NONE',  ( -16.57500000000001350, 2.624999999999998668, 16.55336663013170551 ) ) ;
#2862 = FACE_BOUND ( 'NONE', #104, .T. ) ;
#2863 = CARTESIAN_POINT ( 'NONE',  ( 25.17353694255369234, 12.18627683760829505, -16.07464556814502288 ) ) ;
#2864 = AXIS2_PLACEMENT_3D ( 'NONE', #2380, #5222, #1321 ) ;
#2865 = CARTESIAN_POINT ( 'NONE',  ( 7.675000000000007816, -10.10000000000000497, -29.90188843073610769 ) ) ;
#2866 = CARTESIAN_POINT ( 'NONE',  ( 23.58399544907694434, -11.47338843844346457, -20.97594121774544362 ) ) ;
#2867 = FACE_BOUND ( 'NONE', #8712, .T. ) ;
#2868 = EDGE_CURVE ( 'NONE', #5424, #1479, #6984, .T. ) ;
#2869 = CARTESIAN_POINT ( 'NONE',  ( -22.92290701012315424, 4.217257106839743308, 17.33612062441579837 ) ) ;
#2870 = CARTESIAN_POINT ( 'NONE',  ( 7.675000000000007816, 7.099999999999996092, -36.29999999999998295 ) ) ;
#2871 = ADVANCED_FACE ( 'NONE', ( #678 ), #2682, .T. ) ;
#2872 = B_SPLINE_CURVE_WITH_KNOTS ( 'NONE', 3,
 ( #4900, #842, #5791, #47 ),
 .UNSPECIFIED., .F., .F.,
 ( 4, 4 ),
 ( 0.0001329795130203875395, 0.0002735530539091886922 ),
 .UNSPECIFIED. ) ;
#2873 = ORIENTED_EDGE ( 'NONE', *, *, #1017, .F. ) ;
#2874 = AXIS2_PLACEMENT_3D ( 'NONE', #7732, #3435, #2692 ) ;
#2875 = EDGE_LOOP ( 'NONE', ( #7869, #2202, #2832, #6526 ) ) ;
#2876 = ORIENTED_EDGE ( 'NONE', *, *, #1238, .F. ) ;
#2877 = EDGE_LOOP ( 'NONE', ( #8771, #8392, #4961, #164 ) ) ;
#2878 = CIRCLE ( 'NONE', #2726, 24.00000000000000711 ) ;
#2879 = DIRECTION ( 'NONE',  ( -1.000000000000000000, 0.000000000000000000, 0.000000000000000000 ) ) ;
#2880 = CARTESIAN_POINT ( 'NONE',  ( -26.58130259014061281, 7.999999999999992895, 1.321357987355054053 ) ) ;
#2881 = ADVANCED_FACE ( 'NONE', ( #583 ), #6633, .F. ) ;
#2882 = CARTESIAN_POINT ( 'NONE',  ( -23.16053390593275196, 10.10000000000000142, -23.53553390593271288 ) ) ;
#2883 = ADVANCED_FACE ( 'NONE', ( #6335, #2867, #5576, #532, #7863, #7675, #1287 ), #2026, .T. ) ;
#2884 = CARTESIAN_POINT ( 'NONE',  ( -10.43261184457493940, 28.10000000000000853, -29.19238815542516718 ) ) ;
#2885 = VECTOR ( 'NONE', #7790, 1000.000000000000114 ) ;
#2886 = EDGE_CURVE ( 'NONE', #8609, #7700, #5146, .T. ) ;
#2887 = ORIENTED_EDGE ( 'NONE', *, *, #1548, .T. ) ;
#2888 = EDGE_LOOP ( 'NONE', ( #7193, #5745, #3013, #4253, #1585, #3529, #2805, #3302, #5961 ) ) ;
#2889 = EDGE_CURVE ( 'NONE', #4878, #167, #6912, .T. ) ;
#2890 = EDGE_CURVE ( 'NONE', #3068, #4196, #9169, .T. ) ;
#2891 = CARTESIAN_POINT ( 'NONE',  ( 7.234941530432750234, 13.01983874070618086, -32.27274299387745771 ) ) ;
#2892 = CARTESIAN_POINT ( 'NONE',  ( -19.62500000000000000, -13.99999999999999822, -37.29999999999998295 ) ) ;
#2893 = LINE ( 'NONE', #3631, #7081 ) ;
#2894 = PLANE ( 'NONE',  #6093 ) ;
#2895 = FACE_OUTER_BOUND ( 'NONE', #137, .T. ) ;
#2896 = FACE_OUTER_BOUND ( 'NONE', #2409, .T. ) ;
#2897 = ORIENTED_EDGE ( 'NONE', *, *, #8324, .F. ) ;
#2898 = EDGE_LOOP ( 'NONE', ( #8675, #6413 ) ) ;
#2899 = ORIENTED_EDGE ( 'NONE', *, *, #5390, .F. ) ;
#2900 = CARTESIAN_POINT ( 'NONE',  ( 26.62500000000000355, -9.697652565988359896, 0.2388816195431175404 ) ) ;
#2901 = AXIS2_PLACEMENT_3D ( 'NONE', #1898, #503, #1854 ) ;
#2902 = LINE ( 'NONE', #5609, #5943 ) ;
#2903 = CARTESIAN_POINT ( 'NONE',  ( -26.62500000000001066, 2.624999999999995559, 25.64663336986830799 ) ) ;
#2904 = CARTESIAN_POINT ( 'NONE',  ( 17.62499999999998934, 0.000000000000000000, 23.10000000000001918 ) ) ;
#2905 = CARTESIAN_POINT ( 'NONE',  ( -22.98859993248210642, -3.628352860400251512, 16.81832166743593149 ) ) ;
#2906 = B_SPLINE_CURVE_WITH_KNOTS ( 'NONE', 3,
 ( #4787, #4693, #8289, #3953 ),
 .UNSPECIFIED., .F., .F.,
 ( 4, 4 ),
 ( 0.4987561283057240225, 0.8063589842322843593 ),
 .UNSPECIFIED. ) ;
#2907 = DIRECTION ( 'NONE',  ( -1.000000000000000000, 0.000000000000000000, -1.765621858500567205E-16 ) ) ;
#2908 = AXIS2_PLACEMENT_3D ( 'NONE', #3381, #6243, #5720 ) ;
#2909 = DIRECTION ( 'NONE',  ( 4.336808689942020694E-16, 0.000000000000000000, -1.000000000000000000 ) ) ;
#2910 = ORIENTED_EDGE ( 'NONE', *, *, #6920, .F. ) ;
#2911 = CARTESIAN_POINT ( 'NONE',  ( -22.57500000000001705, 7.250000000000003553, 22.96814482484051112 ) ) ;
#2912 = DIRECTION ( 'NONE',  ( -0.000000000000000000, -1.000000000000000000, -0.000000000000000000 ) ) ;
#2913 = DIRECTION ( 'NONE',  ( -1.000000000000000000, -0.000000000000000000, -2.881657216719182496E-16 ) ) ;
#2914 = LINE ( 'NONE', #1470, #8220 ) ;
#2915 = CARTESIAN_POINT ( 'NONE',  ( -14.00183351446199609, -5.357011078625844469, -37.88802742942376511 ) ) ;
#2916 = DIRECTION ( 'NONE',  ( 0.000000000000000000, -5.222823368532323219E-16, -1.000000000000000000 ) ) ;
#2917 = CARTESIAN_POINT ( 'NONE',  ( -23.02445639404652766, 2.889890757566331736, 16.55336663013170195 ) ) ;
#2918 = DIRECTION ( 'NONE',  ( 0.000000000000000000, -2.710505431213760099E-16, 1.000000000000000000 ) ) ;
#2919 = EDGE_CURVE ( 'NONE', #5602, #6665, #2126, .T. ) ;
#2920 = ORIENTED_EDGE ( 'NONE', *, *, #6442, .F. ) ;
#2921 = ORIENTED_EDGE ( 'NONE', *, *, #6882, .T. ) ;
#2922 = VECTOR ( 'NONE', #7242, 999.9999999999998863 ) ;
#2923 = VERTEX_POINT ( 'NONE', #2776 ) ;
#2924 = EDGE_LOOP ( 'NONE', ( #563, #1405 ) ) ;
#2925 = FACE_OUTER_BOUND ( 'NONE', #1542, .T. ) ;
#2926 = ADVANCED_FACE ( 'NONE', ( #4167 ), #8640, .F. ) ;
#2927 = CARTESIAN_POINT ( 'NONE',  ( 26.62500000205829664, 12.00109074639837559, -12.65848064718571209 ) ) ;
#2928 = VECTOR ( 'NONE', #8993, 1000.000000000000000 ) ;
#2929 = DIRECTION ( 'NONE',  ( 0.000000000000000000, 0.000000000000000000, -1.000000000000000000 ) ) ;
#2930 = CARTESIAN_POINT ( 'NONE',  ( 23.34369617841258204, -11.50064477179163802, -21.29587450074426869 ) ) ;
#2931 = CARTESIAN_POINT ( 'NONE',  ( -19.62499999999986144, -15.00000000000000000, -6.999999999999993783 ) ) ;
#2932 = AXIS2_PLACEMENT_3D ( 'NONE', #1955, #4145, #4096 ) ;
#2933 = EDGE_LOOP ( 'NONE', ( #3626, #9042, #8382, #7183, #8847 ) ) ;
#2934 = VERTEX_POINT ( 'NONE', #2826 ) ;
#2935 = CARTESIAN_POINT ( 'NONE',  ( 23.40491147473618128, 11.92809943218402680, 0.8512532158583870912 ) ) ;
#2936 = CARTESIAN_POINT ( 'NONE',  ( 24.25173984970836472, -12.30151636687950578, -18.23712764657862451 ) ) ;
#2937 = EDGE_CURVE ( 'NONE', #6771, #2453, #1565, .T. ) ;
#2938 = CARTESIAN_POINT ( 'NONE',  ( 26.62499999999999645, 8.236668593778180281, 0.8816662919413569277 ) ) ;
#2939 = CARTESIAN_POINT ( 'NONE',  ( 3.024999999999989697, 14.28421494571413852, -10.00000000000000000 ) ) ;
#2940 = DIRECTION ( 'NONE',  ( 0.000000000000000000, 0.000000000000000000, -1.000000000000000000 ) ) ;
#2941 = CARTESIAN_POINT ( 'NONE',  ( 7.675000000000005151, -10.09999999999999609, -9.849999999999985434 ) ) ;
#2942 = ORIENTED_EDGE ( 'NONE', *, *, #58, .F. ) ;
#2943 = ORIENTED_EDGE ( 'NONE', *, *, #1439, .F. ) ;
#2944 = EDGE_LOOP ( 'NONE', ( #8702, #49, #5074, #118, #8222 ) ) ;
#2945 = LINE ( 'NONE', #7194, #396 ) ;
#2946 = CARTESIAN_POINT ( 'NONE',  ( -25.67769534255661057, 10.59533623681914705, 0.2943831358692913791 ) ) ;
#2947 = CARTESIAN_POINT ( 'NONE',  ( 15.80252814875473000, -6.590218410841915286, -27.94013849369887126 ) ) ;
#2948 = EDGE_CURVE ( 'NONE', #7456, #8631, #1126, .T. ) ;
#2949 = DIRECTION ( 'NONE',  ( -0.000000000000000000, 1.000000000000000000, -0.000000000000000000 ) ) ;
#2951 = EDGE_CURVE ( 'NONE', #3926, #6989, #8745, .T. ) ;
#2950 = DIRECTION ( 'NONE',  ( 2.881657216719182496E-16, 0.000000000000000000, -1.000000000000000000 ) ) ;
#2952 = CARTESIAN_POINT ( 'NONE',  ( -13.57500000000001172, -8.768250222726479137, 5.088209185381282751 ) ) ;
#2953 = DIRECTION ( 'NONE',  ( 0.000000000000000000, 0.000000000000000000, -1.000000000000000000 ) ) ;
#2954 = EDGE_LOOP ( 'NONE', ( #4048, #4760, #2017, #5842 ) ) ;
#2955 = VECTOR ( 'NONE', #3497, 1000.000000000000000 ) ;
#2956 = VERTEX_POINT ( 'NONE', #3611 ) ;
#2957 = CARTESIAN_POINT ( 'NONE',  ( -25.26264215611110586, 15.00000000000000000, -3.999999999999996447 ) ) ;
#2958 = CYLINDRICAL_SURFACE ( 'NONE', #1880, 6.999999999999999112 ) ;
#2959 = CARTESIAN_POINT ( 'NONE',  ( -11.96499999999999986, -10.10000000000000497, -35.57131279431310134 ) ) ;
#2960 = AXIS2_PLACEMENT_3D ( 'NONE', #5575, #4165, #6939 ) ;
#2961 = CARTESIAN_POINT ( 'NONE',  ( 10.36199035125953927, -12.78223511206195262, -30.92298478781516025 ) ) ;
#2962 = FACE_OUTER_BOUND ( 'NONE', #382, .T. ) ;
#2963 = CARTESIAN_POINT ( 'NONE',  ( 7.818037896800961839, -15.00000000000000000, -32.01754607130297359 ) ) ;
#2964 = CARTESIAN_POINT ( 'NONE',  ( -25.88991377037424613, -8.768250222708367403, 5.088209185381280086 ) ) ;
#2965 = AXIS2_PLACEMENT_3D ( 'NONE', #5439, #7766, #8462 ) ;
#2966 = ORIENTED_EDGE ( 'NONE', *, *, #1509, .T. ) ;
#2967 = ORIENTED_EDGE ( 'NONE', *, *, #6284, .F. ) ;
#2968 = ADVANCED_FACE ( 'NONE', ( #67, #3100 ), #4491, .F. ) ;
#2969 = EDGE_LOOP ( 'NONE', ( #5114, #963, #5674, #7127 ) ) ;
#2970 = CARTESIAN_POINT ( 'NONE',  ( 4.329014785873203763, 15.63421494571413639, -15.00000000000000000 ) ) ;
#2971 = CARTESIAN_POINT ( 'NONE',  ( 24.25637419305589404, 12.30094297298226103, -18.22826584245459713 ) ) ;
#2972 = CARTESIAN_POINT ( 'NONE',  ( 21.82796352931988082, 11.99999999999999822, 0.2693243528769125317 ) ) ;
#2973 = EDGE_CURVE ( 'NONE', #5424, #5321, #4087, .T. ) ;
#2974 = LINE ( 'NONE', #4405, #2755 ) ;
#2975 = CARTESIAN_POINT ( 'NONE',  ( -26.84991221830399866, -10.59999999999999609, 8.605745400281708868 ) ) ;
#2976 = EDGE_LOOP ( 'NONE', ( #5524, #8786, #1613, #537 ) ) ;
#2977 = VERTEX_POINT ( 'NONE', #7352 ) ;
#2978 = CARTESIAN_POINT ( 'NONE',  ( -9.853613932868697134, 13.87927208544524582, -37.27230466949016119 ) ) ;
#2979 = CARTESIAN_POINT ( 'NONE',  ( -16.57500000000001350, 2.624999999999998668, 19.60336663013170622 ) ) ;
#2980 = CARTESIAN_POINT ( 'NONE',  ( 7.675000000000007816, 7.099999999999996092, -36.29999999999998295 ) ) ;
#2981 = DIRECTION ( 'NONE',  ( 1.000000000000000000, 0.000000000000000000, 2.881657216719182496E-16 ) ) ;
#2982 = CARTESIAN_POINT ( 'NONE',  ( -19.62499999999998934, 15.00000000000000000, -27.07106781186552524 ) ) ;
#2983 = ADVANCED_FACE ( 'NONE', ( #161 ), #253, .T. ) ;
#2984 = DIRECTION ( 'NONE',  ( -0.000000000000000000, -0.000000000000000000, -1.000000000000000000 ) ) ;
#2985 = EDGE_LOOP ( 'NONE', ( #5735, #6866, #282, #7526 ) ) ;
#2986 = CARTESIAN_POINT ( 'NONE',  ( 20.62499999999998934, -5.250000000000000000, 23.10000000000002274 ) ) ;
#2987 = ORIENTED_EDGE ( 'NONE', *, *, #2067, .T. ) ;
#2988 = ORIENTED_EDGE ( 'NONE', *, *, #1682, .T. ) ;
#2989 = EDGE_LOOP ( 'NONE', ( #4718, #1984, #2608, #4410, #6545, #515 ) ) ;
#2990 = DIRECTION ( 'NONE',  ( 0.000000000000000000, 0.000000000000000000, 1.000000000000000000 ) ) ;
#2991 = CARTESIAN_POINT ( 'NONE',  ( -26.41519257919735963, 9.253111467567025628, 0.8257058661099598851 ) ) ;
#2992 = CARTESIAN_POINT ( 'NONE',  ( -21.90371339632115166, -11.96899247087294782, 6.505745400281710111 ) ) ;
#2993 = DIRECTION ( 'NONE',  ( -2.820600425940548900E-49, -7.509625437129028195E-17, -1.000000000000000000 ) ) ;
#2994 = ADVANCED_FACE ( 'NONE', ( #8042 ), #4399, .F. ) ;
#2995 = DIRECTION ( 'NONE',  ( -1.765621858500567205E-16, -8.587739980083203670E-17, 1.000000000000000000 ) ) ;
#2996 = CARTESIAN_POINT ( 'NONE',  ( -26.62499999999999645, 11.00000000000000000, -3.999999999999996447 ) ) ;
#2997 = AXIS2_PLACEMENT_3D ( 'NONE', #530, #4965, #7811 ) ;
#2998 = CARTESIAN_POINT ( 'NONE',  ( -0.07192265707190186041, 15.46841997450805906, -15.00000000000000000 ) ) ;
#2999 = ORIENTED_EDGE ( 'NONE', *, *, #444, .F. ) ;
#3000 = VECTOR ( 'NONE', #1390, 1000.000000000000000 ) ;
#3001 = CARTESIAN_POINT ( 'NONE',  ( -22.61676944294264402, 5.250000000000000000, 21.10000000000000497 ) ) ;
#3002 = DIRECTION ( 'NONE',  ( 0.7071067811865513475, 0.000000000000000000, 0.7071067811865436870 ) ) ;
#3003 = EDGE_CURVE ( 'NONE', #2792, #1806, #8604, .T. ) ;
#3004 = LINE ( 'NONE', #8691, #3467 ) ;
#3005 = DIRECTION ( 'NONE',  ( -0.7071067811865513475, -3.693093820828752937E-16, -0.7071067811865436870 ) ) ;
#3006 = CARTESIAN_POINT ( 'NONE',  ( -10.62712255461673649, -12.09999999999999964, -37.37460308602189940 ) ) ;
#3007 = CYLINDRICAL_SURFACE ( 'NONE', #2462, 2.000000000000001776 ) ;
#3008 = B_SPLINE_CURVE_WITH_KNOTS ( 'NONE', 3,
 ( #3691, #2998, #7067, #760, #7895, #5147, #4382, #5755, #7113, #7984 ),
 .UNSPECIFIED., .F., .F.,
 ( 4, 3, 3, 4 ),
 ( -1.408243417947971716E-06, 0.000000000000000000, 0.002265012504599069835, 0.003647575632598132420 ),
 .UNSPECIFIED. ) ;
#3009 = CYLINDRICAL_SURFACE ( 'NONE', #6100, 1.049999999999995381 ) ;
#3010 = CARTESIAN_POINT ( 'NONE',  ( -23.16053390593271644, 15.00000000000000000, -19.99999999999999289 ) ) ;
#3011 = ORIENTED_EDGE ( 'NONE', *, *, #6152, .T. ) ;
#3012 = ORIENTED_EDGE ( 'NONE', *, *, #3332, .T. ) ;
#3013 = ORIENTED_EDGE ( 'NONE', *, *, #3102, .T. ) ;
#3014 = VECTOR ( 'NONE', #8014, 1000.000000000000114 ) ;
#3015 = DIRECTION ( 'NONE',  ( -0.000000000000000000, -0.000000000000000000, 1.000000000000000000 ) ) ;
#3016 = CARTESIAN_POINT ( 'NONE',  ( 7.675000000000005151, -7.200000000000004619, -13.04999999999999893 ) ) ;
#3017 = CARTESIAN_POINT ( 'NONE',  ( 19.65804414715000092, 11.99999999999999645, 0.9909437790721683514 ) ) ;
#3018 = CARTESIAN_POINT ( 'NONE',  ( 25.80335592520723864, -12.10722739096308587, -16.94481186510503079 ) ) ;
#3019 = CARTESIAN_POINT ( 'NONE',  ( -11.07500000000001705, 5.250000000000000000, 23.10000000000001208 ) ) ;
#3020 = VECTOR ( 'NONE', #4673, 1000.000000000000000 ) ;
#3021 = ORIENTED_EDGE ( 'NONE', *, *, #8817, .T. ) ;
#3022 = ORIENTED_EDGE ( 'NONE', *, *, #5171, .T. ) ;
#3023 = CARTESIAN_POINT ( 'NONE',  ( 25.87036810591774483, 11.20938298672161260, -16.73103499740478384 ) ) ;
#3024 = CARTESIAN_POINT ( 'NONE',  ( 3.024999999999989697, -2.132728686241022730E-14, -9.849999999999983658 ) ) ;
#3025 = FACE_OUTER_BOUND ( 'NONE', #6812, .T. ) ;
#3026 = DIRECTION ( 'NONE',  ( 0.000000000000000000, 1.000000000000000000, 0.000000000000000000 ) ) ;
#3027 = CIRCLE ( 'NONE', #643, 1.049999999999998934 ) ;
#3028 = DIRECTION ( 'NONE',  ( 1.000000000000000000, -0.000000000000000000, 2.881657216719182496E-16 ) ) ;
#3029 = CARTESIAN_POINT ( 'NONE',  ( -19.62499999999999645, -15.00000000000000000, -39.29999999999999005 ) ) ;
#3030 = ORIENTED_EDGE ( 'NONE', *, *, #782, .T. ) ;
#3031 = DIRECTION ( 'NONE',  ( 1.000000000000000000, -0.000000000000000000, 2.881657216719182496E-16 ) ) ;
#3032 = ORIENTED_EDGE ( 'NONE', *, *, #1712, .F. ) ;
#3033 = EDGE_LOOP ( 'NONE', ( #8190, #7467, #4028, #4804 ) ) ;
#3034 = ORIENTED_EDGE ( 'NONE', *, *, #1860, .T. ) ;
#3035 = FACE_OUTER_BOUND ( 'NONE', #4994, .T. ) ;
#3036 = CARTESIAN_POINT ( 'NONE',  ( 12.22901478587320234, 14.49486514259852399, -25.00407478481146839 ) ) ;
#3037 = CARTESIAN_POINT ( 'NONE',  ( -24.31503098011071273, -10.82407541364839965, 6.505745400281709223 ) ) ;
#3038 = EDGE_CURVE ( 'NONE', #4975, #6618, #8695, .T. ) ;
#3039 = CARTESIAN_POINT ( 'NONE',  ( -21.85674754639978445, -14.99999999999999645, 4.336808689942017736E-15 ) ) ;
#3040 = CARTESIAN_POINT ( 'NONE',  ( -10.43261184457520763, 14.88244887111398995, -16.19238815542516718 ) ) ;
#3041 = CARTESIAN_POINT ( 'NONE',  ( 17.62499999999999289, 8.500000000000000000, 15.00000000000000178 ) ) ;
#3042 = CARTESIAN_POINT ( 'NONE',  ( -22.65397060258360895, 1.736657446729317877, 20.35006628172853382 ) ) ;
#3043 = VERTEX_POINT ( 'NONE', #3749 ) ;
#3044 = ADVANCED_FACE ( 'NONE', ( #3655 ), #3007, .F. ) ;
#3045 = FACE_OUTER_BOUND ( 'NONE', #5983, .T. ) ;
#3046 = CARTESIAN_POINT ( 'NONE',  ( -24.46557450237217424, -8.103426060940030595, 9.770281504007392925 ) ) ;
#3047 = CARTESIAN_POINT ( 'NONE',  ( -24.62499999999998934, -8.000000000000000000, -30.13015151901649347 ) ) ;
#3048 = FACE_OUTER_BOUND ( 'NONE', #7444, .T. ) ;
#3049 =( BOUNDED_CURVE ( )  B_SPLINE_CURVE ( 3, ( #4273, #781, #5542, #1989 ),
 .UNSPECIFIED., .F., .T. ) 
 B_SPLINE_CURVE_WITH_KNOTS ( ( 4, 4 ),
 ( 4.996378567430184603, 4.998261032169917684 ),
 .UNSPECIFIED. ) 
 CURVE ( )  GEOMETRIC_REPRESENTATION_ITEM ( )  RATIONAL_B_SPLINE_CURVE ( ( 1.000000000000000000, 0.9999997046938970957, 0.9999997046938970957, 1.000000000000000000 ) ) 
 REPRESENTATION_ITEM ( '' )  );
#3050 = DIRECTION ( 'NONE',  ( 1.000000000000000000, 0.000000000000000000, 2.881657216719182496E-16 ) ) ;
#3051 = ADVANCED_FACE ( 'NONE', ( #2962 ), #7231, .T. ) ;
#3052 = CARTESIAN_POINT ( 'NONE',  ( 0.6842373904403064033, 14.42956755287302073, -25.00000000000000000 ) ) ;
#3053 = AXIS2_PLACEMENT_3D ( 'NONE', #884, #3123, #1720 ) ;
#3054 = PLANE ( 'NONE',  #7500 ) ;
#3055 = EDGE_CURVE ( 'NONE', #4468, #6868, #6048, .T. ) ;
#3056 = ORIENTED_EDGE ( 'NONE', *, *, #6809, .F. ) ;
#3057 = ORIENTED_EDGE ( 'NONE', *, *, #5292, .T. ) ;
#3058 = EDGE_LOOP ( 'NONE', ( #8208, #188, #2554, #8360 ) ) ;
#3059 = LINE ( 'NONE', #351, #4708 ) ;
#3060 = CARTESIAN_POINT ( 'NONE',  ( 26.62499999999999645, 12.00109074666345066, -12.03976285529074097 ) ) ;
#3061 = DIRECTION ( 'NONE',  ( 0.5999999999999986455, 0.8000000000000011546, 0.000000000000000000 ) ) ;
#3062 = CARTESIAN_POINT ( 'NONE',  ( 25.72204213933469674, -12.11657782259076654, -13.21276241931918527 ) ) ;
#3063 = ADVANCED_FACE ( 'NONE', ( #4447 ), #5154, .F. ) ;
#3064 = DIRECTION ( 'NONE',  ( 0.000000000000000000, 0.000000000000000000, -1.000000000000000000 ) ) ;
#3065 = EDGE_CURVE ( 'NONE', #1340, #4238, #7303, .T. ) ;
#3066 = VECTOR ( 'NONE', #8855, 1000.000000000000000 ) ;
#3067 = ORIENTED_EDGE ( 'NONE', *, *, #1403, .F. ) ;
#3068 = VERTEX_POINT ( 'NONE', #2449 ) ;
#3069 = CIRCLE ( 'NONE', #7985, 4.000000000000000000 ) ;
#3070 = FACE_OUTER_BOUND ( 'NONE', #4362, .T. ) ;
#3071 = CARTESIAN_POINT ( 'NONE',  ( 21.14918185641405657, -12.67196774626425793, -22.47354009736674385 ) ) ;
#3072 = FACE_OUTER_BOUND ( 'NONE', #964, .T. ) ;
#3073 = AXIS2_PLACEMENT_3D ( 'NONE', #7188, #2337, #7836 ) ;
#3074 = CARTESIAN_POINT ( 'NONE',  ( 7.675000000000012257, 10.09999999999999964, -29.90188843073610414 ) ) ;
#3075 = CARTESIAN_POINT ( 'NONE',  ( -26.12332815907908312, 9.943399602979383189, 0.5529552723697023220 ) ) ;
#3076 = AXIS2_PLACEMENT_3D ( 'NONE', #7584, #9023, #5481 ) ;
#3077 = CARTESIAN_POINT ( 'NONE',  ( -26.62500000000001066, 2.624999999999998668, 18.55336663013170906 ) ) ;
#3078 = EDGE_LOOP ( 'NONE', ( #8418, #8525 ) ) ;
#3079 = CARTESIAN_POINT ( 'NONE',  ( -11.55871906793086268, 10.79439392296944611, -35.50581315267626792 ) ) ;
#3080 = VERTEX_POINT ( 'NONE', #8135 ) ;
#3081 = ORIENTED_EDGE ( 'NONE', *, *, #604, .T. ) ;
#3082 = ORIENTED_EDGE ( 'NONE', *, *, #3830, .T. ) ;
#3083 = EDGE_CURVE ( 'NONE', #692, #4149, #4634, .T. ) ;
#3084 = DIRECTION ( 'NONE',  ( 0.000000000000000000, 0.000000000000000000, -1.000000000000000000 ) ) ;
#3085 = CARTESIAN_POINT ( 'NONE',  ( 12.72494895627640510, 13.62432200239849500, -25.57722163191527542 ) ) ;
#3086 = CARTESIAN_POINT ( 'NONE',  ( -22.64274064696087763, -2.624999999999998224, 20.55336663013170551 ) ) ;
#3087 = DIRECTION ( 'NONE',  ( 1.000000000000000000, -0.000000000000000000, 2.881657216719182496E-16 ) ) ;
#3088 = AXIS2_PLACEMENT_3D ( 'NONE', #7654, #1309, #5551 ) ;
#3089 = EDGE_CURVE ( 'NONE', #3246, #6942, #482, .T. ) ;
#3090 = CARTESIAN_POINT ( 'NONE',  ( -22.65397060258360895, -3.513342553270678348, 20.35006628172853027 ) ) ;
#3091 = CARTESIAN_POINT ( 'NONE',  ( 26.62499999999999645, 15.00000000000000000, 5.147263975624272985E-15 ) ) ;
#3092 = EDGE_CURVE ( 'NONE', #2689, #2769, #3243, .T. ) ;
#3093 = CARTESIAN_POINT ( 'NONE',  ( -22.84372043495078941, 0.6779821246071449092, 18.02742559523223775 ) ) ;
#3094 = ORIENTED_EDGE ( 'NONE', *, *, #5143, .T. ) ;
#3095 = ORIENTED_EDGE ( 'NONE', *, *, #379, .F. ) ;
#3096 = CARTESIAN_POINT ( 'NONE',  ( 3.024999999999989697, 14.28421494571413852, -10.00000000000000000 ) ) ;
#3097 = CARTESIAN_POINT ( 'NONE',  ( -21.17556862445030319, 15.00000000000000000, 4.336808689942017736E-15 ) ) ;
#3098 = CARTESIAN_POINT ( 'NONE',  ( 26.62499999999999645, 7.999999999999994671, 1.000000000000004441 ) ) ;
#3099 = CARTESIAN_POINT ( 'NONE',  ( -19.52095640309701352, 14.16810414321617451, -38.28951923843172978 ) ) ;
#3100 = FACE_OUTER_BOUND ( 'NONE', #8966, .T. ) ;
#3101 = CARTESIAN_POINT ( 'NONE',  ( -19.62499999999999645, -15.00000000000000000, -4.000000000000010658 ) ) ;
#3102 = EDGE_CURVE ( 'NONE', #7659, #1294, #984, .T. ) ;
#3103 = AXIS2_PLACEMENT_3D ( 'NONE', #5418, #8257, #8386 ) ;
#3104 = VECTOR ( 'NONE', #3239, 1000.000000000000000 ) ;
#3105 = ORIENTED_EDGE ( 'NONE', *, *, #5122, .F. ) ;
#3106 = ORIENTED_EDGE ( 'NONE', *, *, #3742, .T. ) ;
#3107 = VERTEX_POINT ( 'NONE', #3979 ) ;
#3108 = DIRECTION ( 'NONE',  ( 1.000000000000000000, -0.000000000000000000, 2.881657216719182496E-16 ) ) ;
#3109 = CARTESIAN_POINT ( 'NONE',  ( 16.16742263089330223, 12.25815608898369113, -27.67572101558274511 ) ) ;
#3110 = CARTESIAN_POINT ( 'NONE',  ( 5.297386856978961056, -2.602085213965210642E-15, -33.09999999999998010 ) ) ;
#3111 = CIRCLE ( 'NONE', #7138, 1.050000000000002265 ) ;
#3112 = CARTESIAN_POINT ( 'NONE',  ( -26.62499999999999645, -9.598315762216030222, 6.973962995481640288E-15 ) ) ;
#3113 = CARTESIAN_POINT ( 'NONE',  ( 4.329014785873202875, 14.19919496893259847, -25.80796932666118337 ) ) ;
#3114 = CIRCLE ( 'NONE', #8176, 6.999999999999999112 ) ;
#3115 = VERTEX_POINT ( 'NONE', #3288 ) ;
#3116 = ORIENTED_EDGE ( 'NONE', *, *, #4247, .T. ) ;
#3117 = EDGE_CURVE ( 'NONE', #7793, #7148, #5431, .T. ) ;
#3118 = LINE ( 'NONE', #409, #7248 ) ;
#3119 = CARTESIAN_POINT ( 'NONE',  ( -24.16270547866675855, 12.44509434510106871, -1.148364781700348614 ) ) ;
#3120 = B_SPLINE_CURVE_WITH_KNOTS ( 'NONE', 3,
 ( #6886, #5297, #1745, #2497, #1093, #4587, #7441 ),
 .UNSPECIFIED., .F., .F.,
 ( 4, 3, 4 ),
 ( 0.000000000000000000, 0.001685356855063340929, 0.003200749304867052739 ),
 .UNSPECIFIED. ) ;
#3121 = EDGE_CURVE ( 'NONE', #186, #7215, #1878, .T. ) ;
#3122 = CARTESIAN_POINT ( 'NONE',  ( -24.08416730868039579, 7.099999999999996092, -36.29999999999999005 ) ) ;
#3123 = DIRECTION ( 'NONE',  ( 1.000000000000000000, 0.000000000000000000, 2.881657216719182496E-16 ) ) ;
#3124 = CARTESIAN_POINT ( 'NONE',  ( -22.91199948483061632, 11.99914153647505444, -0.9997138454915533989 ) ) ;
#3125 = CARTESIAN_POINT ( 'NONE',  ( 12.22901478587320234, 14.58540566807859840, -25.00000000000000000 ) ) ;
#3126 = EDGE_LOOP ( 'NONE', ( #845, #8663, #7358, #6593 ) ) ;
#3127 = CARTESIAN_POINT ( 'NONE',  ( -26.84991221830399866, -7.399999999999996803, 8.471193762254685566 ) ) ;
#3128 = VERTEX_POINT ( 'NONE', #6847 ) ;
#3129 = ORIENTED_EDGE ( 'NONE', *, *, #4027, .T. ) ;
#3130 = DIRECTION ( 'NONE',  ( 0.000000000000000000, 0.000000000000000000, -1.000000000000000000 ) ) ;
#3131 = DIRECTION ( 'NONE',  ( 1.000000000000000000, -0.000000000000000000, 2.881657216719182496E-16 ) ) ;
#3132 = DIRECTION ( 'NONE',  ( 1.765621858500567205E-16, 0.000000000000000000, -1.000000000000000000 ) ) ;
#3133 = CARTESIAN_POINT ( 'NONE',  ( -20.15380024153614258, -15.00000000000000000, -3.999999999999996447 ) ) ;
#3134 = LINE ( 'NONE', #6781, #5473 ) ;
#3135 = CARTESIAN_POINT ( 'NONE',  ( 24.04016173059286743, -11.74791800399678365, 0.2639003686416903638 ) ) ;
#3136 = CARTESIAN_POINT ( 'NONE',  ( -22.99681509811260582, 1.736536797425061174, 16.75674518337462615 ) ) ;
#3137 = ORIENTED_EDGE ( 'NONE', *, *, #6168, .F. ) ;
#3138 = ORIENTED_EDGE ( 'NONE', *, *, #7894, .T. ) ;
#3139 = ORIENTED_EDGE ( 'NONE', *, *, #4531, .T. ) ;
#3140 = DIRECTION ( 'NONE',  ( 1.000000000000000000, 0.000000000000000000, 0.000000000000000000 ) ) ;
#3141 = DIRECTION ( 'NONE',  ( -0.7071067811865436870, 0.000000000000000000, 0.7071067811865513475 ) ) ;
#3142 = CARTESIAN_POINT ( 'NONE',  ( -16.57500000000001350, 5.250000000000000000, 23.10000000000000853 ) ) ;
#3143 =( GEOMETRIC_REPRESENTATION_CONTEXT ( 3 ) GLOBAL_UNCERTAINTY_ASSIGNED_CONTEXT ( ( #4045 ) ) GLOBAL_UNIT_ASSIGNED_CONTEXT ( ( #2522, #5411, #1169 ) ) REPRESENTATION_CONTEXT ( 'NONE', 'WORKASPACE' ) );
#3144 = DIRECTION ( 'NONE',  ( 0.000000000000000000, 0.000000000000000000, -1.000000000000000000 ) ) ;
#3145 = VECTOR ( 'NONE', #2445, 1000.000000000000000 ) ;
#3146 = CARTESIAN_POINT ( 'NONE',  ( -5.063156860814951088, 12.10000000000000675, -34.20981426166146377 ) ) ;
#3147 = CARTESIAN_POINT ( 'NONE',  ( 20.62499999999998934, 2.624999999999998668, 19.60336663013171687 ) ) ;
#3148 = AXIS2_PLACEMENT_3D ( 'NONE', #8330, #591, #1206 ) ;
#3149 = ORIENTED_EDGE ( 'NONE', *, *, #1990, .F. ) ;
#3150 = ORIENTED_EDGE ( 'NONE', *, *, #7153, .T. ) ;
#3151 = AXIS2_PLACEMENT_3D ( 'NONE', #5258, #489, #8898 ) ;
#3152 = ORIENTED_EDGE ( 'NONE', *, *, #7649, .T. ) ;
#3153 = CARTESIAN_POINT ( 'NONE',  ( -26.23193701933039179, -9.726699481883276377, 0.6386181660539357319 ) ) ;
#3154 = EDGE_CURVE ( 'NONE', #6942, #7646, #1789, .T. ) ;
#3155 = CARTESIAN_POINT ( 'NONE',  ( 17.64056985570545422, 12.11181398882249738, -26.65274198843195919 ) ) ;
#3156 = LINE ( 'NONE', #4548, #2701 ) ;
#3157 = LINE ( 'NONE', #355, #8085 ) ;
#3158 = EDGE_CURVE ( 'NONE', #7712, #8420, #2625, .T. ) ;
#3159 = CARTESIAN_POINT ( 'NONE',  ( 12.15700299685822117, -13.59409415117050024, -30.04542848131401200 ) ) ;
#3160 = CARTESIAN_POINT ( 'NONE',  ( 26.62499999999998934, 5.250000000000000000, 23.10000000000002274 ) ) ;
#3161 = EDGE_LOOP ( 'NONE', ( #4839, #8467, #8069, #7986, #3959, #452 ) ) ;
#3162 = VERTEX_POINT ( 'NONE', #6098 ) ;
#3163 = ADVANCED_FACE ( 'NONE', ( #439 ), #7395, .F. ) ;
#3164 = DIRECTION ( 'NONE',  ( -1.000000000000000000, -0.000000000000000000, -1.765621858500567205E-16 ) ) ;
#3165 = CARTESIAN_POINT ( 'NONE',  ( 8.624999999999992895, -12.99999999999999822, 5.147263975624272985E-15 ) ) ;
#3166 = DIRECTION ( 'NONE',  ( -4.336808689942019708E-16, 0.000000000000000000, 1.000000000000000000 ) ) ;
#3167 = DIRECTION ( 'NONE',  ( 2.164016633576080887E-32, -1.000000000000000000, -7.509625437129028195E-17 ) ) ;
#3168 = AXIS2_PLACEMENT_3D ( 'NONE', #6538, #2761, #3508 ) ;
#3169 = CARTESIAN_POINT ( 'NONE',  ( -26.62500000000001066, 5.250000000000000000, 23.10000000000000497 ) ) ;
#3170 = ADVANCED_FACE ( 'NONE', ( #1144 ), #1050, .T. ) ;
#3171 = LINE ( 'NONE', #1768, #2332 ) ;
#3172 = ORIENTED_EDGE ( 'NONE', *, *, #5502, .T. ) ;
#3173 = CARTESIAN_POINT ( 'NONE',  ( 20.62499999999998934, 5.250000000000000000, 23.10000000000002274 ) ) ;
#3174 = EDGE_CURVE ( 'NONE', #8315, #4762, #8843, .T. ) ;
#3175 = EDGE_LOOP ( 'NONE', ( #3692, #7866, #2942, #638 ) ) ;
#3176 = EDGE_CURVE ( 'NONE', #4867, #5276, #8570, .T. ) ;
#3177 = VERTEX_POINT ( 'NONE', #8889 ) ;
#3178 = CARTESIAN_POINT ( 'NONE',  ( -23.68988283501794001, -11.86459062398954956, -0.2192963671902344314 ) ) ;
#3179 = CARTESIAN_POINT ( 'NONE',  ( -1.155326325801825593, 14.52448124007498009, -15.00000000000000000 ) ) ;
#3180 = VECTOR ( 'NONE', #2312, 1000.000000000000000 ) ;
#3181 = CIRCLE ( 'NONE', #2727, 1.050000000000002265 ) ;
#3182 = CARTESIAN_POINT ( 'NONE',  ( -22.74474545126484060, -0.6881940836922658677, 19.06884993401885708 ) ) ;
#3183 = PLANE ( 'NONE',  #882 ) ;
#3184 = CARTESIAN_POINT ( 'NONE',  ( -10.43261184457520763, -14.88244887111397929, -16.19238815542516718 ) ) ;
#3185 = EDGE_CURVE ( 'NONE', #3177, #4853, #3120, .T. ) ;
#3186 = CARTESIAN_POINT ( 'NONE',  ( 24.72874206994053381, -11.40509334219782289, 0.09499295234250643150 ) ) ;
#3187 = CARTESIAN_POINT ( 'NONE',  ( -22.67155507737707509, 1.301484713767571133, 20.05861896387328258 ) ) ;
#3188 = VECTOR ( 'NONE', #3736, 1000.000000000000000 ) ;
#3189 = ORIENTED_EDGE ( 'NONE', *, *, #3488, .F. ) ;
#3190 = ORIENTED_EDGE ( 'NONE', *, *, #8688, .F. ) ;
#3191 = ORIENTED_EDGE ( 'NONE', *, *, #6073, .T. ) ;
#3192 = DIRECTION ( 'NONE',  ( 1.000000000000000000, 0.000000000000000000, 2.881657216719182496E-16 ) ) ;
#3193 = CARTESIAN_POINT ( 'NONE',  ( -13.00159855185746238, 10.94879558308275769, 2.602085213965210642E-15 ) ) ;
#3194 = CARTESIAN_POINT ( 'NONE',  ( 3.024999999999989697, -10.10000000000000853, 0.000000000000000000 ) ) ;
#3195 = DIRECTION ( 'NONE',  ( 0.000000000000000000, 0.000000000000000000, -1.000000000000000000 ) ) ;
#3196 = CARTESIAN_POINT ( 'NONE',  ( 7.675000000000007816, -10.10000000000000853, -33.09999999999998010 ) ) ;
#3197 = CARTESIAN_POINT ( 'NONE',  ( -13.39993915504746447, 7.099999999999994316, -29.29999999999998295 ) ) ;
#3198 = VERTEX_POINT ( 'NONE', #3884 ) ;
#3199 = ORIENTED_EDGE ( 'NONE', *, *, #5280, .T. ) ;
#3200 = ORIENTED_EDGE ( 'NONE', *, *, #7599, .T. ) ;
#3201 = EDGE_CURVE ( 'NONE', #4853, #1948, #1006, .T. ) ;
#3202 = DIRECTION ( 'NONE',  ( -1.000000000000000000, 0.000000000000000000, -1.765621858500567205E-16 ) ) ;
#3203 = MECHANICAL_DESIGN_GEOMETRIC_PRESENTATION_REPRESENTATION (  '', ( #68 ), #510 ) ;
#3204 = CARTESIAN_POINT ( 'NONE',  ( -19.01854507176973641, 13.99999999999746869, -38.29999999999999005 ) ) ;
#3205 = CARTESIAN_POINT ( 'NONE',  ( 7.829014785873205540, 13.94727521435340911, -13.99999999999999822 ) ) ;
#3206 = CARTESIAN_POINT ( 'NONE',  ( -11.07500000000001528, 2.624999999999998668, 18.55336663013171261 ) ) ;
#3207 = CARTESIAN_POINT ( 'NONE',  ( -16.63040470091375767, -14.98803646150079416, -38.16852825034082031 ) ) ;
#3208 = DIRECTION ( 'NONE',  ( 1.000000000000000000, -0.000000000000000000, 2.881657216719182496E-16 ) ) ;
#3209 = ADVANCED_FACE ( 'NONE', ( #344 ), #8226, .T. ) ;
#3210 = AXIS2_PLACEMENT_3D ( 'NONE', #4033, #5484, #1932 ) ;
#3211 = ORIENTED_EDGE ( 'NONE', *, *, #5880, .T. ) ;
#3212 = ORIENTED_EDGE ( 'NONE', *, *, #6572, .T. ) ;
#3213 = ADVANCED_FACE ( 'NONE', ( #4768 ), #711, .T. ) ;
#3214 = CARTESIAN_POINT ( 'NONE',  ( -24.54683014059672885, -10.57782963992368330, 6.483575040205394657 ) ) ;
#3215 = DIRECTION ( 'NONE',  ( -0.000000000000000000, -0.000000000000000000, -1.000000000000000000 ) ) ;
#3216 = CARTESIAN_POINT ( 'NONE',  ( -10.37500000000000888, -13.89231756348603142, -1.354660302835038577 ) ) ;
#3217 = DIRECTION ( 'NONE',  ( 1.000000000000000000, -0.000000000000000000, 2.881657216719182496E-16 ) ) ;
#3218 = CARTESIAN_POINT ( 'NONE',  ( -22.57726411104222208, -7.197566033817778042, 22.57569511865128575 ) ) ;
#3219 = CARTESIAN_POINT ( 'NONE',  ( 7.675000000000007816, 7.099999999999996092, -36.29999999999998295 ) ) ;
#3220 = ORIENTED_EDGE ( 'NONE', *, *, #1945, .F. ) ;
#3221 = VERTEX_POINT ( 'NONE', #5658 ) ;
#3222 = ORIENTED_EDGE ( 'NONE', *, *, #4044, .F. ) ;
#3223 = AXIS2_PLACEMENT_3D ( 'NONE', #2210, #2251, #7892 ) ;
#3224 = EDGE_CURVE ( 'NONE', #2535, #371, #7064, .T. ) ;
#3225 = AXIS2_PLACEMENT_3D ( 'NONE', #5599, #4758, #3360 ) ;
#3226 = CARTESIAN_POINT ( 'NONE',  ( -24.78705109653665062, -11.37809375326780703, -0.7926979177559034806 ) ) ;
#3227 = CARTESIAN_POINT ( 'NONE',  ( -23.16053390593261696, 28.10000000000000853, -10.53553390593271288 ) ) ;
#3228 = CYLINDRICAL_SURFACE ( 'NONE', #2260, 1.500000000000000444 ) ;
#3229 = CIRCLE ( 'NONE', #2480, 1.500000000000001332 ) ;
#3230 = CYLINDRICAL_SURFACE ( 'NONE', #5637, 11.99999999999999467 ) ;
#3231 = CARTESIAN_POINT ( 'NONE',  ( 7.129014785873204474, 19.28421494571414030, -25.00000000000000000 ) ) ;
#3232 = CARTESIAN_POINT ( 'NONE',  ( 25.40308702607473634, -12.15719045456846814, 7.806255641895631925E-15 ) ) ;
#3233 = VECTOR ( 'NONE', #566, 1000.000000000000000 ) ;
#3234 = DIRECTION ( 'NONE',  ( 0.7071067811865475727, 0.7071067811865475727, -0.000000000000000000 ) ) ;
#3235 = EDGE_LOOP ( 'NONE', ( #1760, #4150, #1869, #7632, #7572, #1098, #1406, #516 ) ) ;
#3236 = ORIENTED_EDGE ( 'NONE', *, *, #5880, .F. ) ;
#3237 = ORIENTED_EDGE ( 'NONE', *, *, #633, .F. ) ;
#3238 = EDGE_CURVE ( 'NONE', #5886, #7997, #8576, .T. ) ;
#3239 = DIRECTION ( 'NONE',  ( -0.000000000000000000, 1.000000000000000000, -0.000000000000000000 ) ) ;
#3240 = CARTESIAN_POINT ( 'NONE',  ( -26.62500000000001066, -2.624999999999998668, 18.55336663013170551 ) ) ;
#3241 = ADVANCED_FACE ( 'NONE', ( #7708 ), #6327, .F. ) ;
#3242 = CARTESIAN_POINT ( 'NONE',  ( 7.675000000000005151, -10.10000000000000497, -13.04999999999999893 ) ) ;
#3243 = LINE ( 'NONE', #4541, #8133 ) ;
#3244 = FACE_OUTER_BOUND ( 'NONE', #7079, .T. ) ;
#3245 = AXIS2_PLACEMENT_3D ( 'NONE', #7742, #4941, #1306 ) ;
#3246 = VERTEX_POINT ( 'NONE', #6277 ) ;
#3247 = ORIENTED_EDGE ( 'NONE', *, *, #6198, .T. ) ;
#3248 = DIRECTION ( 'NONE',  ( 0.000000000000000000, 0.000000000000000000, -1.000000000000000000 ) ) ;
#3249 = CARTESIAN_POINT ( 'NONE',  ( 15.72163923373033256, 13.25326636881105991, -26.83643129719261822 ) ) ;
#3250 = DIRECTION ( 'NONE',  ( 2.881657216719182496E-16, 0.000000000000000000, -1.000000000000000000 ) ) ;
#3251 = LINE ( 'NONE', #7538, #1680 ) ;
#3252 = CARTESIAN_POINT ( 'NONE',  ( -17.22970171601015466, -13.99293421933129089, -38.21451985893734360 ) ) ;
#3253 = DIRECTION ( 'NONE',  ( 0.000000000000000000, 0.000000000000000000, -1.000000000000000000 ) ) ;
#3254 = CIRCLE ( 'NONE', #6842, 1.000000000000000000 ) ;
#3255 = AXIS2_PLACEMENT_3D ( 'NONE', #3283, #3369, #5379 ) ;
#3256 = EDGE_CURVE ( 'NONE', #5819, #3763, #4110, .T. ) ;
#3257 = VERTEX_POINT ( 'NONE', #1925 ) ;
#3258 = ORIENTED_EDGE ( 'NONE', *, *, #5676, .T. ) ;
#3259 = ORIENTED_EDGE ( 'NONE', *, *, #4158, .T. ) ;
#3260 = AXIS2_PLACEMENT_3D ( 'NONE', #1268, #4058, #4014 ) ;
#3261 = CARTESIAN_POINT ( 'NONE',  ( -19.62499999999999645, -15.00000000000000000, -39.29999999999999005 ) ) ;
#3262 = LINE ( 'NONE', #5447, #469 ) ;
#3263 = CARTESIAN_POINT ( 'NONE',  ( -13.96814575050796670, -14.95551785225859120, -19.72792206135788717 ) ) ;
#3264 = CARTESIAN_POINT ( 'NONE',  ( 20.62499999999998934, -2.624999999999998668, 18.55336663013171972 ) ) ;
#3265 = AXIS2_PLACEMENT_3D ( 'NONE', #1836, #6232, #4674 ) ;
#3266 = CARTESIAN_POINT ( 'NONE',  ( -22.61676944294264402, -5.250000000000000000, 21.10000000000000497 ) ) ;
#3267 = DIRECTION ( 'NONE',  ( 0.000000000000000000, 0.000000000000000000, 1.000000000000000000 ) ) ;
#3268 = ORIENTED_EDGE ( 'NONE', *, *, #39, .F. ) ;
#3269 = VERTEX_POINT ( 'NONE', #7621 ) ;
#3270 = VECTOR ( 'NONE', #1368, 1000.000000000000000 ) ;
#3271 = EDGE_LOOP ( 'NONE', ( #5844, #4333 ) ) ;
#3272 = CARTESIAN_POINT ( 'NONE',  ( -23.29858959624623438, -12.64924272644070058, -1.216414242146892422 ) ) ;
#3273 = LINE ( 'NONE', #467, #6387 ) ;
#3274 = EDGE_CURVE ( 'NONE', #117, #72, #3338, .T. ) ;
#3275 = CARTESIAN_POINT ( 'NONE',  ( -11.07500000000001883, -2.625000000000002220, 28.69663336986831581 ) ) ;
#3276 = CARTESIAN_POINT ( 'NONE',  ( -11.96499999999999631, 10.10000000000000497, -33.09999999999998010 ) ) ;
#3277 = LINE ( 'NONE', #4528, #3384 ) ;
#3278 = DIRECTION ( 'NONE',  ( -1.000000000000000000, 0.000000000000000000, 1.734723475976807094E-16 ) ) ;
#3279 = CARTESIAN_POINT ( 'NONE',  ( 16.62499999999998934, -7.000000000000000000, 13.50000000000000178 ) ) ;
#3280 = EDGE_LOOP ( 'NONE', ( #5161, #1137, #5311, #1339 ) ) ;
#3281 = ORIENTED_EDGE ( 'NONE', *, *, #7828, .F. ) ;
#3282 = VERTEX_POINT ( 'NONE', #1278 ) ;
#3283 = CARTESIAN_POINT ( 'NONE',  ( -26.62500000000001066, 2.624999999999995559, 27.64663336986831155 ) ) ;
#3284 = EDGE_CURVE ( 'NONE', #1948, #6675, #5905, .T. ) ;
#3285 = EDGE_CURVE ( 'NONE', #1919, #8264, #3465, .T. ) ;
#3286 = CARTESIAN_POINT ( 'NONE',  ( -4.980154683765338319, -12.09999999999999964, -36.38894121232223711 ) ) ;
#3287 = CARTESIAN_POINT ( 'NONE',  ( -23.16053390593257788, 10.10000000000000497, -6.999999999999995559 ) ) ;
#3288 = CARTESIAN_POINT ( 'NONE',  ( -11.96499999999999631, 10.10000000000000497, -35.57131279429334114 ) ) ;
#3289 = DIRECTION ( 'NONE',  ( 1.000000000000000000, -0.000000000000000000, 2.881657216719182496E-16 ) ) ;
#3290 = ORIENTED_EDGE ( 'NONE', *, *, #2302, .T. ) ;
#3291 = EDGE_CURVE ( 'NONE', #2501, #2536, #114, .T. ) ;
#3292 = ADVANCED_FACE ( 'NONE', ( #2763 ), #1256, .F. ) ;
#3293 = EDGE_LOOP ( 'NONE', ( #2734, #8304, #684, #2080 ) ) ;
#3294 = DIRECTION ( 'NONE',  ( -0.000000000000000000, -0.000000000000000000, -1.000000000000000000 ) ) ;
#3295 = CARTESIAN_POINT ( 'NONE',  ( -13.57500000000001705, 0.000000000000000000, 23.10000000000001208 ) ) ;
#3296 = DIRECTION ( 'NONE',  ( 0.000000000000000000, 0.000000000000000000, -1.000000000000000000 ) ) ;
#3297 = CARTESIAN_POINT ( 'NONE',  ( -19.62499999999999645, -15.00000000000000000, -37.29999999999998295 ) ) ;
#3298 = CARTESIAN_POINT ( 'NONE',  ( -23.16053390593271644, -7.900000000000000355, -19.99999999999999289 ) ) ;
#3299 = AXIS2_PLACEMENT_3D ( 'NONE', #8274, #6012, #8096 ) ;
#3300 = ORIENTED_EDGE ( 'NONE', *, *, #5422, .T. ) ;
#3301 = ORIENTED_EDGE ( 'NONE', *, *, #6524, .F. ) ;
#3302 = ORIENTED_EDGE ( 'NONE', *, *, #6187, .F. ) ;
#3303 = CIRCLE ( 'NONE', #8960, 1.049999999999998934 ) ;
#3304 = DIRECTION ( 'NONE',  ( 1.000000000000000000, -0.000000000000000000, 2.881657216719182496E-16 ) ) ;
#3305 = CARTESIAN_POINT ( 'NONE',  ( 15.12499999999998579, 5.250000000000000000, 23.10000000000001918 ) ) ;
#3306 = CARTESIAN_POINT ( 'NONE',  ( 7.675000000000007816, -10.10000000000000497, -29.90188843073610769 ) ) ;
#3307 = VECTOR ( 'NONE', #3918, 1000.000000000000000 ) ;
#3308 = CYLINDRICAL_SURFACE ( 'NONE', #5890, 2.000000000000001776 ) ;
#3309 = CARTESIAN_POINT ( 'NONE',  ( -13.39993915504746447, 7.099999999999996092, -36.29999999999998295 ) ) ;
#3310 = ORIENTED_EDGE ( 'NONE', *, *, #6577, .F. ) ;
#3311 = ORIENTED_EDGE ( 'NONE', *, *, #7065, .F. ) ;
#3312 = ORIENTED_EDGE ( 'NONE', *, *, #6092, .F. ) ;
#3313 = CARTESIAN_POINT ( 'NONE',  ( -16.57500000000001350, 2.624999999999995559, 27.64663336986831510 ) ) ;
#3314 = CYLINDRICAL_SURFACE ( 'NONE', #5180, 1.049999999999995381 ) ;
#3315 = DIRECTION ( 'NONE',  ( 0.000000000000000000, -1.000000000000000000, 0.000000000000000000 ) ) ;
#3316 = CARTESIAN_POINT ( 'NONE',  ( -26.84991221830399866, -10.59999999999999609, 6.505745400281707447 ) ) ;
#3317 = CARTESIAN_POINT ( 'NONE',  ( -19.62499999999986144, 10.09999999999998899, -6.999999999999993783 ) ) ;
#3318 = CARTESIAN_POINT ( 'NONE',  ( 23.01142029580242010, -11.98688587400451233, 0.2950697837712853433 ) ) ;
#3319 = CIRCLE ( 'NONE', #4504, 1.049999999999995381 ) ;
#3320 = CARTESIAN_POINT ( 'NONE',  ( 17.62499999999998934, 11.99999999999999467, 23.10000000000001918 ) ) ;
#3321 = ORIENTED_EDGE ( 'NONE', *, *, #1335, .T. ) ;
#3322 = ORIENTED_EDGE ( 'NONE', *, *, #3899, .F. ) ;
#3323 = VECTOR ( 'NONE', #8187, 1000.000000000000000 ) ;
#3324 = ORIENTED_EDGE ( 'NONE', *, *, #6203, .F. ) ;
#3325 = EDGE_CURVE ( 'NONE', #609, #6801, #5566, .T. ) ;
#3326 = LINE ( 'NONE', #5338, #6096 ) ;
#3327 = LINE ( 'NONE', #8399, #8674 ) ;
#3328 = CARTESIAN_POINT ( 'NONE',  ( 4.329014785873203763, 15.63421494571413639, -25.00000000000000000 ) ) ;
#3329 = CARTESIAN_POINT ( 'NONE',  ( -6.624999999999988454, 7.999999999999992895, 4.621590195025240580E-15 ) ) ;
#3330 = AXIS2_PLACEMENT_3D ( 'NONE', #5420, #7431, #472 ) ;
#3331 = CARTESIAN_POINT ( 'NONE',  ( -11.96499999999999986, -10.10000000000000497, -35.57131279431310134 ) ) ;
#3332 = EDGE_CURVE ( 'NONE', #2711, #6391, #1282, .T. ) ;
#3333 = ORIENTED_EDGE ( 'NONE', *, *, #2439, .T. ) ;
#3334 = ORIENTED_EDGE ( 'NONE', *, *, #8196, .F. ) ;
#3335 = EDGE_CURVE ( 'NONE', #8539, #26, #5803, .T. ) ;
#3336 = CARTESIAN_POINT ( 'NONE',  ( -24.62499999999998934, -8.000000000000000000, -30.13015151901649347 ) ) ;
#3337 = DIRECTION ( 'NONE',  ( 0.000000000000000000, 1.000000000000000000, 2.312964634635738322E-15 ) ) ;
#3338 = B_SPLINE_CURVE_WITH_KNOTS ( 'NONE', 3,
 ( #1324, #2014, #9065, #621, #7018, #8496, #6419, #523 ),
 .UNSPECIFIED., .F., .F.,
 ( 4, 2, 2, 4 ),
 ( 1.055413874666805559E-17, 0.0005870437089858312899, 0.001174087417971652171, 0.002348174835943283526 ),
 .UNSPECIFIED. ) ;
#3339 = LINE ( 'NONE', #2728, #1325 ) ;
#3340 = CARTESIAN_POINT ( 'NONE',  ( -7.857957375419586832, -14.81471553032942801, -36.87487044346678289 ) ) ;
#3341 = CARTESIAN_POINT ( 'NONE',  ( 25.62499999999999289, 11.12083830918277094, 5.204170427930421283E-15 ) ) ;
#3342 = EDGE_LOOP ( 'NONE', ( #7690, #96, #4914, #3502 ) ) ;
#3343 = ORIENTED_EDGE ( 'NONE', *, *, #7336, .T. ) ;
#3344 = ORIENTED_EDGE ( 'NONE', *, *, #3715, .F. ) ;
#3345 = DIRECTION ( 'NONE',  ( 0.000000000000000000, 0.000000000000000000, -1.000000000000000000 ) ) ;
#3346 = EDGE_CURVE ( 'NONE', #6993, #338, #8637, .T. ) ;
#3347 = CARTESIAN_POINT ( 'NONE',  ( 19.64073744385504483, -12.84174184543589980, 1.903806598728562207E-13 ) ) ;
#3348 = DIRECTION ( 'NONE',  ( -1.000000000000000000, 0.000000000000000000, -1.765621858500567205E-16 ) ) ;
#3349 = ADVANCED_FACE ( 'NONE', ( #852 ), #4478, .F. ) ;
#3350 =( NAMED_UNIT ( * ) SI_UNIT ( $, .STERADIAN. ) SOLID_ANGLE_UNIT ( ) );
#3351 = AXIS2_PLACEMENT_3D ( 'NONE', #6586, #2381, #182 ) ;
#3352 = CARTESIAN_POINT ( 'NONE',  ( -22.61676944294264402, 5.250000000000000000, 21.10000000000000497 ) ) ;
#3353 = VERTEX_POINT ( 'NONE', #7937 ) ;
#3354 = EDGE_LOOP ( 'NONE', ( #7271, #5525, #8282, #2036 ) ) ;
#3355 = CARTESIAN_POINT ( 'NONE',  ( -26.64920573346164900, -10.66429688035522894, -0.5547656267850672451 ) ) ;
#3356 = DIRECTION ( 'NONE',  ( -1.000000000000000000, 0.000000000000000000, 0.000000000000000000 ) ) ;
#3357 = CARTESIAN_POINT ( 'NONE',  ( 21.14208669640299476, -11.99999999999999112, 0.9495200722982951591 ) ) ;
#3358 = FACE_OUTER_BOUND ( 'NONE', #6580, .T. ) ;
#3359 = DIRECTION ( 'NONE',  ( -0.000000000000000000, -0.000000000000000000, -1.000000000000000000 ) ) ;
#3360 = DIRECTION ( 'NONE',  ( 0.000000000000000000, 0.000000000000000000, -1.000000000000000000 ) ) ;
#3361 = LINE ( 'NONE', #1916, #8770 ) ;
#3362 = AXIS2_PLACEMENT_3D ( 'NONE', #1966, #4812, #5613 ) ;
#3363 = ADVANCED_FACE ( 'NONE', ( #4433, #5094 ), #6509, .T. ) ;
#3364 = VERTEX_POINT ( 'NONE', #8733 ) ;
#3365 = ORIENTED_EDGE ( 'NONE', *, *, #713, .T. ) ;
#3366 = ORIENTED_EDGE ( 'NONE', *, *, #5978, .T. ) ;
#3367 = CYLINDRICAL_SURFACE ( 'NONE', #7989, 1.834999999999999742 ) ;
#3368 = CIRCLE ( 'NONE', #5756, 1.049999999999998934 ) ;
#3369 = DIRECTION ( 'NONE',  ( 1.000000000000000000, -0.000000000000000000, 2.881657216719182496E-16 ) ) ;
#3370 = ADVANCED_FACE ( 'NONE', ( #5752 ), #6462, .F. ) ;
#3371 = DIRECTION ( 'NONE',  ( -0.000000000000000000, -0.000000000000000000, -1.000000000000000000 ) ) ;
#3372 = CARTESIAN_POINT ( 'NONE',  ( -4.574999999999995737, 7.200000000000004619, -10.00000000000000000 ) ) ;
#3373 = CARTESIAN_POINT ( 'NONE',  ( -13.57500000000001172, 12.45142296769698653, -0.2855244794884270187 ) ) ;
#3374 = DIRECTION ( 'NONE',  ( -1.000000000000000000, 0.000000000000000000, -3.469446951953614189E-16 ) ) ;
#3375 = AXIS2_PLACEMENT_3D ( 'NONE', #8362, #1241, #6894 ) ;
#3376 = ORIENTED_EDGE ( 'NONE', *, *, #3451, .T. ) ;
#3377 = VERTEX_POINT ( 'NONE', #898 ) ;
#3378 = DIRECTION ( 'NONE',  ( -0.000000000000000000, -0.000000000000000000, 1.000000000000000000 ) ) ;
#3379 = DIRECTION ( 'NONE',  ( 2.518897925470365557E-49, -7.509625437129028195E-17, -1.000000000000000000 ) ) ;
#3380 = DIRECTION ( 'NONE',  ( -0.000000000000000000, -0.000000000000000000, -1.000000000000000000 ) ) ;
#3381 = CARTESIAN_POINT ( 'NONE',  ( -26.62500000000001066, 5.250000000000000000, 23.10000000000000853 ) ) ;
#3382 = ADVANCED_FACE ( 'NONE', ( #4379 ), #2160, .F. ) ;
#3383 = CARTESIAN_POINT ( 'NONE',  ( -26.62500000000001066, -5.250000000000000000, 25.10000000000000853 ) ) ;
#3385 = VECTOR ( 'NONE', #1398, 1000.000000000000000 ) ;
#3384 = VECTOR ( 'NONE', #6130, 1000.000000000000000 ) ;
#3386 = VERTEX_POINT ( 'NONE', #56 ) ;
#3387 = ORIENTED_EDGE ( 'NONE', *, *, #1830, .T. ) ;
#3388 = ORIENTED_EDGE ( 'NONE', *, *, #225, .T. ) ;
#3389 = ORIENTED_EDGE ( 'NONE', *, *, #2207, .T. ) ;
#3390 = CARTESIAN_POINT ( 'NONE',  ( -26.62499999999999289, 10.10000000000000320, -9.849999999999988987 ) ) ;
#3391 = CARTESIAN_POINT ( 'NONE',  ( 19.61737675737351339, -11.99999999999999645, 0.1386340395412997972 ) ) ;
#3392 = CARTESIAN_POINT ( 'NONE',  ( -23.57499999999999218, -8.000000000000000000, -30.13015151901649347 ) ) ;
#3393 = B_SPLINE_CURVE_WITH_KNOTS ( 'NONE', 3,
 ( #7529, #6846, #481, #4861 ),
 .UNSPECIFIED., .F., .F.,
 ( 4, 4 ),
 ( 3.020302826061129832E-07, 0.001633478326645617295 ),
 .UNSPECIFIED. ) ;
#3394 = SURFACE_STYLE_FILL_AREA ( #1535 ) ;
#3395 = DIRECTION ( 'NONE',  ( 0.000000000000000000, 0.000000000000000000, -1.000000000000000000 ) ) ;
#3396 = ORIENTED_EDGE ( 'NONE', *, *, #5617, .T. ) ;
#3397 = ORIENTED_EDGE ( 'NONE', *, *, #582, .F. ) ;
#3398 = VECTOR ( 'NONE', #9206, 1000.000000000000000 ) ;
#3399 = VECTOR ( 'NONE', #6608, 1000.000000000000000 ) ;
#3400 = EDGE_CURVE ( 'NONE', #1170, #6006, #8546, .T. ) ;
#3401 = CARTESIAN_POINT ( 'NONE',  ( -26.36675168249864853, -9.499115977366692221, -0.1663719924561367636 ) ) ;
#3402 = CARTESIAN_POINT ( 'NONE',  ( -22.60636913918363433, -4.246241059342007240, 21.36515338581993362 ) ) ;
#3403 = CARTESIAN_POINT ( 'NONE',  ( -26.45999999999999019, -8.000000000000000000, -37.79999999999998295 ) ) ;
#3404 = DIRECTION ( 'NONE',  ( 0.000000000000000000, 0.7469998888252570302, 0.6648241617864483199 ) ) ;
#3405 = LINE ( 'NONE', #9095, #5025 ) ;
#3406 = B_SPLINE_CURVE_WITH_KNOTS ( 'NONE', 3,
 ( #6517, #1512, #720, #108 ),
 .UNSPECIFIED., .F., .F.,
 ( 4, 4 ),
 ( 1.110764993427085326E-17, 0.002431026549989540649 ),
 .UNSPECIFIED. ) ;
#3407 = LINE ( 'NONE', #6222, #497 ) ;
#3408 = FACE_OUTER_BOUND ( 'NONE', #7724, .T. ) ;
#3409 = AXIS2_PLACEMENT_3D ( 'NONE', #6097, #1606, #5903 ) ;
#3410 = ORIENTED_EDGE ( 'NONE', *, *, #5211, .F. ) ;
#3411 = EDGE_LOOP ( 'NONE', ( #3310, #2753, #5290, #1349 ) ) ;
#3412 = ORIENTED_EDGE ( 'NONE', *, *, #9096, .T. ) ;
#3413 = DIRECTION ( 'NONE',  ( 1.000000000000000000, -0.000000000000000000, 2.881657216719182496E-16 ) ) ;
#3414 = PLANE ( 'NONE',  #418 ) ;
#3415 = CARTESIAN_POINT ( 'NONE',  ( -1.272133005792930316, 14.53741996349206467, -34.21754195589332426 ) ) ;
#3416 = CARTESIAN_POINT ( 'NONE',  ( -14.53289302001720884, 2.600000000000148415, -29.30000000000003624 ) ) ;
#3417 = DIRECTION ( 'NONE',  ( 1.000000000000000000, 0.000000000000000000, 2.881657216719182496E-16 ) ) ;
#3418 = CARTESIAN_POINT ( 'NONE',  ( -13.57500000000001350, 13.66197231683095303, -1.022461763356351527 ) ) ;
#3419 = DIRECTION ( 'NONE',  ( 0.000000000000000000, 0.000000000000000000, 1.000000000000000000 ) ) ;
#3420 = EDGE_LOOP ( 'NONE', ( #4924, #5869, #3909, #5911, #8573, #8725 ) ) ;
#3421 = ORIENTED_EDGE ( 'NONE', *, *, #3832, .F. ) ;
#3422 = CARTESIAN_POINT ( 'NONE',  ( -19.62499999999999645, 15.00000000000000000, -37.29999999999998295 ) ) ;
#3423 = FACE_OUTER_BOUND ( 'NONE', #5148, .T. ) ;
#3424 = CARTESIAN_POINT ( 'NONE',  ( 22.56627866080126310, -12.50566558229481195, 0.000000000000000000 ) ) ;
#3425 = CARTESIAN_POINT ( 'NONE',  ( 11.35875368983018951, 13.66278967854007043, -26.00000000000000355 ) ) ;
#3426 = CARTESIAN_POINT ( 'NONE',  ( -25.82745891076518419, -7.821559816377861907, 5.592068088611980237 ) ) ;
#3427 = LINE ( 'NONE', #8465, #1387 ) ;
#3428 = VERTEX_POINT ( 'NONE', #5000 ) ;
#3429 = ORIENTED_EDGE ( 'NONE', *, *, #1846, .T. ) ;
#3430 = ORIENTED_EDGE ( 'NONE', *, *, #2384, .T. ) ;
#3431 = ORIENTED_EDGE ( 'NONE', *, *, #2663, .F. ) ;
#3432 = CARTESIAN_POINT ( 'NONE',  ( -23.80349443448767488, 9.640839299210101743, -39.29999999999999005 ) ) ;
#3433 = ADVANCED_FACE ( 'NONE', ( #1460 ), #101, .T. ) ;
#3434 = CARTESIAN_POINT ( 'NONE',  ( 25.40308702607473279, 12.15719045456846636, 0.000000000000000000 ) ) ;
#3435 = DIRECTION ( 'NONE',  ( 1.000000000000000000, 0.000000000000000000, 2.881657216719182496E-16 ) ) ;
#3436 = LINE ( 'NONE', #8477, #6489 ) ;
#3437 = VECTOR ( 'NONE', #4469, 999.9999999999998863 ) ;
#3438 = VECTOR ( 'NONE', #2912, 1000.000000000000000 ) ;
#3439 = DIRECTION ( 'NONE',  ( 1.000000000000000000, 0.000000000000000000, 2.881657216719182496E-16 ) ) ;
#3440 = ORIENTED_EDGE ( 'NONE', *, *, #7607, .T. ) ;
#3441 = AXIS2_PLACEMENT_3D ( 'NONE', #54, #2810, #3461 ) ;
#3442 = EDGE_CURVE ( 'NONE', #1524, #6993, #7293, .T. ) ;
#3443 = EDGE_LOOP ( 'NONE', ( #6712, #7775, #4992, #5630 ) ) ;
#3444 = AXIS2_PLACEMENT_3D ( 'NONE', #1513, #7301, #6518 ) ;
#3445 = CARTESIAN_POINT ( 'NONE',  ( -26.53641116005843514, -8.988317928249285771, 0.003894023917504980340 ) ) ;
#3446 = CARTESIAN_POINT ( 'NONE',  ( 0.000000000000000000, 0.000000000000000000, -41.79999999999999005 ) ) ;
#3447 = EDGE_CURVE ( 'NONE', #8835, #8795, #5786, .T. ) ;
#3448 = CARTESIAN_POINT ( 'NONE',  ( 26.62499999999998934, 5.250000000000000000, 23.10000000000002274 ) ) ;
#3449 = CARTESIAN_POINT ( 'NONE',  ( -23.16053390593257788, -7.900000000000000355, -6.999999999999993783 ) ) ;
#3450 = CARTESIAN_POINT ( 'NONE',  ( 12.67500000000000604, -10.09999999999999609, 13.64553149005147326 ) ) ;
#3451 = EDGE_CURVE ( 'NONE', #9033, #6115, #7519, .T. ) ;
#3452 = CARTESIAN_POINT ( 'NONE',  ( -23.16053390593275196, 28.10000000000000853, -23.53553390593271288 ) ) ;
#3453 = EDGE_CURVE ( 'NONE', #3539, #284, #5601, .T. ) ;
#3454 = CARTESIAN_POINT ( 'NONE',  ( 22.62499999999999645, -7.999999999999996447, 1.000000000000005329 ) ) ;
#3455 = ORIENTED_EDGE ( 'NONE', *, *, #3536, .T. ) ;
#3456 = ORIENTED_EDGE ( 'NONE', *, *, #1015, .F. ) ;
#3457 =( BOUNDED_SURFACE ( )  B_SPLINE_SURFACE ( 3, 2, ( 
 ( #8816, #8668, #277 ),
 ( #2286, #3124, #6634 ),
 ( #6726, #2469, #8063 ),
 ( #885, #134, #4368 ),
 ( #1673, #7232, #5976 ),
 ( #2426, #227, #5130 ),
 ( #1721, #5838, #321 ),
 ( #7279, #5882, #7969 ),
 ( #1582, #3861, #4560 ),
 ( #3721, #7418, #6587 ),
 ( #929, #4466, #1630 ),
 ( #184, #2335, #5178 ),
 ( #8016, #7321, #8768 ),
 ( #3075, #3772, #2382 ),
 ( #4513, #1027, #1289 ),
 ( #7028, #4656, #5530 ),
 ( #2827, #8464, #7463 ),
 ( #6822, #8912, #3954 ),
 ( #6071, #4874, #1380 ),
 ( #7718, #4119, #412 ) ),
 .UNSPECIFIED., .F., .F., .T. ) 
 B_SPLINE_SURFACE_WITH_KNOTS ( ( 4, 2, 2, 2, 2, 2, 2, 2, 2, 4 ),
 ( 3, 3 ),
 ( 0.000000000000000000, 0.001008596082846611140, 0.002017192165693222280, 0.003025788248539833421, 0.003530086289963138991, 0.004034384331386444561, 0.005042980414233055701, 0.006051576497079666841, 0.007060172579926277982, 0.008068768662772889122 ),
 ( 0.000000000000000000, 1.000000000000000000 ),
 .UNSPECIFIED. ) 
 GEOMETRIC_REPRESENTATION_ITEM ( )  RATIONAL_B_SPLINE_SURFACE ( (
 ( 1.000000000000000000, 0.8112421851755606816, 1.000000000000000000),
 ( 1.000000000000000000, 0.8108900903738477384, 1.000000000000000000),
 ( 1.000000000000000000, 0.8099056661844568072, 1.000000000000000000),
 ( 1.000000000000000000, 0.8069027871952494380, 1.000000000000000000),
 ( 1.000000000000000000, 0.8048531065405684082, 1.000000000000000000),
 ( 1.000000000000000000, 0.7999773124332492102, 1.000000000000000000),
 ( 1.000000000000000000, 0.7971548410795974426, 1.000000000000000000),
 ( 1.000000000000000000, 0.7923750125859052584, 1.000000000000000000),
 ( 1.000000000000000000, 0.7906844728727916438, 1.000000000000000000),
 ( 1.000000000000000000, 0.7871914399796079431, 1.000000000000000000),
 ( 1.000000000000000000, 0.7853807292172662047, 1.000000000000000000),
 ( 1.000000000000000000, 0.7797536885944833518, 1.000000000000000000),
 ( 1.000000000000000000, 0.7757113433748876741, 1.000000000000000000),
 ( 1.000000000000000000, 0.7671791897211792666, 1.000000000000000000),
 ( 1.000000000000000000, 0.7627510114001998520, 1.000000000000000000),
 ( 1.000000000000000000, 0.7534749351392679984, 1.000000000000000000),
 ( 1.000000000000000000, 0.7485810382810020869, 1.000000000000000000),
 ( 1.000000000000000000, 0.7386024664764641035, 1.000000000000000000),
 ( 1.000000000000000000, 0.7334865824118457223, 1.000000000000000000),
 ( 1.000000000000000000, 0.7281701387334760245, 1.000000000000000000) ) ) 
 REPRESENTATION_ITEM ( '' )  SURFACE ( )  );
#3458 = EDGE_LOOP ( 'NONE', ( #4699, #8471, #5884, #5490 ) ) ;
#3459 = CARTESIAN_POINT ( 'NONE',  ( 15.12499999999998579, -5.250000000000000000, 23.10000000000001918 ) ) ;
#3460 = CARTESIAN_POINT ( 'NONE',  ( 5.029014785873203053, 17.98421494571413604, -15.00000000000000000 ) ) ;
#3461 = DIRECTION ( 'NONE',  ( 0.000000000000000000, -1.000000000000000000, 0.000000000000000000 ) ) ;
#3462 = DIRECTION ( 'NONE',  ( 0.000000000000000000, -2.710505431213760099E-16, 1.000000000000000000 ) ) ;
#3463 = EDGE_CURVE ( 'NONE', #5334, #5819, #1083, .T. ) ;
#3464 = CARTESIAN_POINT ( 'NONE',  ( -16.57500000000001350, 2.624999999999995559, 28.69663336986831226 ) ) ;
#3466 = EDGE_CURVE ( 'NONE', #9089, #3257, #3134, .T. ) ;
#3465 = LINE ( 'NONE', #9204, #834 ) ;
#3467 = VECTOR ( 'NONE', #5858, 1000.000000000000000 ) ;
#3468 = CARTESIAN_POINT ( 'NONE',  ( -22.57500000000001705, -36.63153466595210972, 23.10000000000000497 ) ) ;
#3469 = VERTEX_POINT ( 'NONE', #1130 ) ;
#3470 = ORIENTED_EDGE ( 'NONE', *, *, #5111, .T. ) ;
#3471 = DIRECTION ( 'NONE',  ( 1.000000000000000000, 0.000000000000000000, 2.881657216719182496E-16 ) ) ;
#3472 = CARTESIAN_POINT ( 'NONE',  ( 15.12499999999998579, 5.250000000000000000, 22.05000000000002203 ) ) ;
#3473 = DIRECTION ( 'NONE',  ( 1.000000000000000000, 0.000000000000000000, 0.000000000000000000 ) ) ;
#3474 = VECTOR ( 'NONE', #2498, 1000.000000000000000 ) ;
#3475 = CARTESIAN_POINT ( 'NONE',  ( -13.57500000000001172, -10.59999999999999609, 6.505745400281710999 ) ) ;
#3476 = CARTESIAN_POINT ( 'NONE',  ( 25.75185937550570614, -12.11275902115843195, -2.081668171172168513E-14 ) ) ;
#3477 = CARTESIAN_POINT ( 'NONE',  ( -22.58495608105610941, -6.998191635071673744, 22.09414957784359856 ) ) ;
#3478 = CARTESIAN_POINT ( 'NONE',  ( 0.6829005247466783945, 15.42728865826823892, -25.00000000000000000 ) ) ;
#3479 = ORIENTED_EDGE ( 'NONE', *, *, #1801, .F. ) ;
#3480 = ORIENTED_EDGE ( 'NONE', *, *, #5909, .T. ) ;
#3481 = VERTEX_POINT ( 'NONE', #8218 ) ;
#3482 = EDGE_CURVE ( 'NONE', #6534, #5435, #851, .T. ) ;
#3483 = ORIENTED_EDGE ( 'NONE', *, *, #424, .F. ) ;
#3484 = B_SPLINE_CURVE_WITH_KNOTS ( 'NONE', 3,
 ( #2407, #7904, #7354, #3101 ),
 .UNSPECIFIED., .F., .F.,
 ( 4, 4 ),
 ( 0.000000000000000000, 0.009251290856690626979 ),
 .UNSPECIFIED. ) ;
#3485 = CARTESIAN_POINT ( 'NONE',  ( -23.16053390593257788, 15.00000000000000000, -6.999999999999993783 ) ) ;
#3486 = CARTESIAN_POINT ( 'NONE',  ( 17.62499999999999289, 8.500000000000000000, 15.00000000000000178 ) ) ;
#3487 = LINE ( 'NONE', #8287, #6162 ) ;
#3488 = EDGE_CURVE ( 'NONE', #7826, #5996, #5775, .T. ) ;
#3489 = DIRECTION ( 'NONE',  ( 2.881657216719182496E-16, 0.000000000000000000, -1.000000000000000000 ) ) ;
#3490 = CARTESIAN_POINT ( 'NONE',  ( 20.98080744145968524, 0.7790383156952520594, -23.92232152378366195 ) ) ;
#3491 = ORIENTED_EDGE ( 'NONE', *, *, #2765, .F. ) ;
#3492 = ORIENTED_EDGE ( 'NONE', *, *, #3154, .F. ) ;
#3493 = CARTESIAN_POINT ( 'NONE',  ( -25.44344922367819706, -10.85207528901339202, -0.6173584296712097963 ) ) ;
#3494 = CARTESIAN_POINT ( 'NONE',  ( -26.62500000000001066, 5.250000000000000000, 24.15000000000000924 ) ) ;
#3495 = PLANE ( 'NONE',  #1855 ) ;
#3496 = AXIS2_PLACEMENT_3D ( 'NONE', #6443, #2791, #6398 ) ;
#3497 = DIRECTION ( 'NONE',  ( 1.000000000000000000, -0.000000000000000000, 2.881657216719182496E-16 ) ) ;
#3498 = CARTESIAN_POINT ( 'NONE',  ( -22.61413842740328661, 4.732120602649837693, 21.16381966209599597 ) ) ;
#3499 = EDGE_CURVE ( 'NONE', #3043, #7826, #8923, .T. ) ;
#3500 = FACE_OUTER_BOUND ( 'NONE', #2700, .T. ) ;
#3501 = CARTESIAN_POINT ( 'NONE',  ( 12.67500000000000604, -10.09999999999999609, -29.70912988903497265 ) ) ;
#3502 = ORIENTED_EDGE ( 'NONE', *, *, #1296, .F. ) ;
#3503 = VERTEX_POINT ( 'NONE', #5373 ) ;
#3504 = VERTEX_POINT ( 'NONE', #4666 ) ;
#3505 = LINE ( 'NONE', #4, #8584 ) ;
#3506 = CARTESIAN_POINT ( 'NONE',  ( -14.70261314302102917, 2.428612866367529427E-13, -37.97280655551546147 ) ) ;
#3507 = LINE ( 'NONE', #4997, #7322 ) ;
#3508 = DIRECTION ( 'NONE',  ( 0.000000000000000000, 0.000000000000000000, -1.000000000000000000 ) ) ;
#3509 = CARTESIAN_POINT ( 'NONE',  ( -13.49649023082914745, 14.96088833646641802, -26.12850976917092893 ) ) ;
#3510 = DIRECTION ( 'NONE',  ( -1.000000000000000000, 0.000000000000000000, 0.000000000000000000 ) ) ;
#3511 = CARTESIAN_POINT ( 'NONE',  ( -1.824999999999995071, -4.150795011477496669E-15, -41.79999999999999005 ) ) ;
#3512 = CARTESIAN_POINT ( 'NONE',  ( -12.78957441343229640, -14.93697127157749627, -31.54935072428249754 ) ) ;
#3513 = EDGE_CURVE ( 'NONE', #350, #2119, #8597, .T. ) ;
#3514 = VERTEX_POINT ( 'NONE', #426 ) ;
#3515 = EDGE_CURVE ( 'NONE', #9089, #3469, #3277, .T. ) ;
#3516 = ORIENTED_EDGE ( 'NONE', *, *, #2267, .T. ) ;
#3517 = CARTESIAN_POINT ( 'NONE',  ( -1.122604028082864192, 14.52279140376062649, -13.99999999999999822 ) ) ;
#3518 = VECTOR ( 'NONE', #367, 1000.000000000000000 ) ;
#3519 = CARTESIAN_POINT ( 'NONE',  ( -3.520104663094567599, 14.64584987456804654, -34.83571115885410308 ) ) ;
#3520 = DIRECTION ( 'NONE',  ( 2.881657216719182496E-16, 0.000000000000000000, -1.000000000000000000 ) ) ;
#3521 = CARTESIAN_POINT ( 'NONE',  ( 25.15813791968426472, -11.29245800899774643, -18.42134981574107400 ) ) ;
#3522 = DIRECTION ( 'NONE',  ( -1.000000000000000000, 0.000000000000000000, -2.881657216719182496E-16 ) ) ;
#3523 = AXIS2_PLACEMENT_3D ( 'NONE', #262, #1658, #6106 ) ;
#3524 = CARTESIAN_POINT ( 'NONE',  ( -13.57500000000001172, -8.768250222726479137, 6.088209185381284527 ) ) ;
#3525 = CARTESIAN_POINT ( 'NONE',  ( 3.570122197767649830, 15.25135460600989390, -25.00000000000000000 ) ) ;
#3526 = AXIS2_PLACEMENT_3D ( 'NONE', #613, #5044, #5848 ) ;
#3527 = VERTEX_POINT ( 'NONE', #7385 ) ;
#3528 = ORIENTED_EDGE ( 'NONE', *, *, #8566, .F. ) ;
#3529 = ORIENTED_EDGE ( 'NONE', *, *, #5716, .T. ) ;
#3530 = ORIENTED_EDGE ( 'NONE', *, *, #7477, .F. ) ;
#3531 = CARTESIAN_POINT ( 'NONE',  ( -10.37500000000001066, 12.65444280834651103, -0.4055699011531889719 ) ) ;
#3532 = CARTESIAN_POINT ( 'NONE',  ( 21.09021370720553890, -11.99999999999999645, 0.2345862877077756203 ) ) ;
#3533 = B_SPLINE_CURVE_WITH_KNOTS ( 'NONE', 3,
 ( #1592, #8634, #5891, #799, #7934, #3640, #6552, #6506, #98, #2946, #4376, #3731, #848, #2991, #2345, #6597, #144, #194 ),
 .UNSPECIFIED., .F., .F.,
 ( 4, 2, 2, 2, 2, 2, 2, 2, 4 ),
 ( 3.476216610979977084E-18, 0.0008098696487647586654, 0.001619739297529513861, 0.002429608946294269274, 0.003239478595059024253, 0.004049348243823779232, 0.004859217892588535079, 0.005669087541353290058, 0.006478957190118045037 ),
 .UNSPECIFIED. ) ;
#3534 = CIRCLE ( 'NONE', #1451, 1.000000000000000000 ) ;
#3535 = PLANE ( 'NONE',  #7525 ) ;
#3536 = EDGE_CURVE ( 'NONE', #3900, #2786, #3895, .T. ) ;
#3537 = ORIENTED_EDGE ( 'NONE', *, *, #8290, .T. ) ;
#3538 = CIRCLE ( 'NONE', #2198, 1.834999999999999742 ) ;
#3539 = VERTEX_POINT ( 'NONE', #5419 ) ;
#3540 = CARTESIAN_POINT ( 'NONE',  ( -26.62499999999999645, -9.598315762216030222, 6.973962995481640288E-15 ) ) ;
#3541 = FACE_OUTER_BOUND ( 'NONE', #4740, .T. ) ;
#3542 = B_SPLINE_CURVE_WITH_KNOTS ( 'NONE', 3,
 ( #3869, #2346, #196, #849 ),
 .UNSPECIFIED., .F., .F.,
 ( 4, 4 ),
 ( 0.000000000000000000, 0.0004750699822684105456 ),
 .UNSPECIFIED. ) ;
#3543 = CARTESIAN_POINT ( 'NONE',  ( -25.67499999999999005, -8.000000000000000000, -37.79999999999998295 ) ) ;
#3544 = DIRECTION ( 'NONE',  ( -1.000000000000000000, 0.000000000000000000, -2.312964634635742957E-16 ) ) ;
#3545 = DIRECTION ( 'NONE',  ( 0.7071067811865274777, 0.000000000000000000, -0.7071067811865675568 ) ) ;
#3546 = AXIS2_PLACEMENT_3D ( 'NONE', #7258, #2222, #6432 ) ;
#3547 = DIRECTION ( 'NONE',  ( -3.003850174851611278E-16, 7.509625437129028195E-17, 1.000000000000000000 ) ) ;
#3548 = AXIS2_PLACEMENT_3D ( 'NONE', #4535, #339, #8180 ) ;
#3549 = ORIENTED_EDGE ( 'NONE', *, *, #1682, .F. ) ;
#3550 = ORIENTED_EDGE ( 'NONE', *, *, #728, .F. ) ;
#3551 = ORIENTED_EDGE ( 'NONE', *, *, #3463, .T. ) ;
#3552 = FACE_OUTER_BOUND ( 'NONE', #4830, .T. ) ;
#3553 = ADVANCED_FACE ( 'NONE', ( #8258 ), #6694, .F. ) ;
#3554 = FACE_BOUND ( 'NONE', #2474, .T. ) ;
#3555 = CARTESIAN_POINT ( 'NONE',  ( 4.329014785873203763, 14.41002815912386659, -14.62084916304577575 ) ) ;
#3556 = AXIS2_PLACEMENT_3D ( 'NONE', #2615, #5467, #8303 ) ;
#3557 = DIRECTION ( 'NONE',  ( 0.000000000000000000, 0.000000000000000000, -1.000000000000000000 ) ) ;
#3558 = CIRCLE ( 'NONE', #5644, 1.049999999999998934 ) ;
#3559 = CARTESIAN_POINT ( 'NONE',  ( -18.94650557626881593, 13.70817539145723352, -38.29401095035471059 ) ) ;
#3560 = CARTESIAN_POINT ( 'NONE',  ( -13.96814575050770024, -14.95551785225861252, -32.72792206135788717 ) ) ;
#3561 = EDGE_CURVE ( 'NONE', #2536, #6090, #8829, .T. ) ;
#3562 = EDGE_LOOP ( 'NONE', ( #3806, #2069, #4553, #8177 ) ) ;
#3563 = EDGE_CURVE ( 'NONE', #1553, #1573, #2450, .T. ) ;
#3564 = ORIENTED_EDGE ( 'NONE', *, *, #5510, .F. ) ;
#3565 = DIRECTION ( 'NONE',  ( -0.000000000000000000, 0.000000000000000000, -1.000000000000000000 ) ) ;
#3566 = CARTESIAN_POINT ( 'NONE',  ( -1.276168851980876706, 14.53761655967885247, -34.21865795717285863 ) ) ;
#3567 = CARTESIAN_POINT ( 'NONE',  ( -6.624999999999988454, -7.999999999999996447, 3.420050125084596266E-15 ) ) ;
#3568 = CARTESIAN_POINT ( 'NONE',  ( 26.05095203566007811, -11.18834235334169414, -16.18205247637664357 ) ) ;
#3569 = ADVANCED_FACE ( 'NONE', ( #6736 ), #6918, .F. ) ;
#3570 = CARTESIAN_POINT ( 'NONE',  ( 9.546225644514644060, 13.81566563496495093, -26.00000000000000355 ) ) ;
#3571 = CARTESIAN_POINT ( 'NONE',  ( -22.77881624669309701, 4.625083312068603014, 18.68381438826105168 ) ) ;
#3572 = FACE_OUTER_BOUND ( 'NONE', #1892, .T. ) ;
#3573 = ADVANCED_FACE ( 'NONE', ( #6175 ), #2613, .F. ) ;
#3574 = EDGE_CURVE ( 'NONE', #303, #7137, #5451, .T. ) ;
#3575 = EDGE_LOOP ( 'NONE', ( #5112, #1314, #3106, #5425, #4727, #6454, #4554 ) ) ;
#3576 = ORIENTED_EDGE ( 'NONE', *, *, #3515, .F. ) ;
#3577 = ORIENTED_EDGE ( 'NONE', *, *, #3447, .F. ) ;
#3578 = ORIENTED_EDGE ( 'NONE', *, *, #7365, .F. ) ;
#3579 = DIRECTION ( 'NONE',  ( 0.000000000000000000, 0.000000000000000000, 1.000000000000000000 ) ) ;
#3580 = CARTESIAN_POINT ( 'NONE',  ( 26.44702850821786200, 11.14202317744709703, -14.52944008009685994 ) ) ;
#3581 = CARTESIAN_POINT ( 'NONE',  ( 19.64073744385764897, 12.84174184543528519, 2.742939711673552721E-13 ) ) ;
#3582 = DIRECTION ( 'NONE',  ( 0.000000000000000000, -7.509625437129028195E-17, -1.000000000000000000 ) ) ;
#3583 = ORIENTED_EDGE ( 'NONE', *, *, #5057, .F. ) ;
#3584 = ORIENTED_EDGE ( 'NONE', *, *, #2500, .F. ) ;
#3585 = CARTESIAN_POINT ( 'NONE',  ( 24.04016173059234518, 11.74791800399659003, 0.2639003686426387718 ) ) ;
#3586 = DIRECTION ( 'NONE',  ( 1.000000000000000000, -0.000000000000000000, 2.881657216719182496E-16 ) ) ;
#3587 = VECTOR ( 'NONE', #6592, 1000.000000000000000 ) ;
#3588 = CARTESIAN_POINT ( 'NONE',  ( 26.62499999999999645, 8.957118212115165790, 0.5357524783490612563 ) ) ;
#3589 = CARTESIAN_POINT ( 'NONE',  ( -26.62499999999998934, 2.600000000000004086, -36.29999999999999005 ) ) ;
#3590 = CARTESIAN_POINT ( 'NONE',  ( -11.07500000000001883, 0.000000000000000000, 30.10000000000001563 ) ) ;
#3591 = CYLINDRICAL_SURFACE ( 'NONE', #1804, 1.000000000000000000 ) ;
#3592 = ORIENTED_EDGE ( 'NONE', *, *, #5229, .T. ) ;
#3593 = VERTEX_POINT ( 'NONE', #3317 ) ;
#3594 = TOROIDAL_SURFACE ( 'NONE', #8814, 16.00000000000000711, 4.000000000000000000 ) ;
#3595 = ORIENTED_EDGE ( 'NONE', *, *, #8454, .F. ) ;
#3596 = CARTESIAN_POINT ( 'NONE',  ( -1.010640334587577849, 14.51700425561985774, -25.88773003551361285 ) ) ;
#3597 = CARTESIAN_POINT ( 'NONE',  ( -12.12715222544549931, 9.832553489588125473, -37.62222041922419180 ) ) ;
#3598 = DIRECTION ( 'NONE',  ( 0.7071067811865513475, 5.275848315469644852E-17, 0.7071067811865436870 ) ) ;
#3599 = CARTESIAN_POINT ( 'NONE',  ( 7.989632707928035593, 14.78421494571413852, -25.01173085455585010 ) ) ;
#3600 = EDGE_CURVE ( 'NONE', #3503, #6018, #3534, .T. ) ;
#3601 = DIRECTION ( 'NONE',  ( -1.000000000000000000, 0.000000000000000000, 0.000000000000000000 ) ) ;
#3602 = DIRECTION ( 'NONE',  ( 1.000000000000000000, 0.000000000000000000, 2.881657216719182496E-16 ) ) ;
#3603 = CARTESIAN_POINT ( 'NONE',  ( 20.62499999999998934, 2.624999999999995559, 27.64663336986832576 ) ) ;
#3604 = ADVANCED_FACE ( 'NONE', ( #9007 ), #560, .F. ) ;
#3605 = EDGE_LOOP ( 'NONE', ( #140, #1532, #7366, #1476 ) ) ;
#3606 = DIRECTION ( 'NONE',  ( -1.765621858500567205E-16, -0.000000000000000000, 1.000000000000000000 ) ) ;
#3607 = DIRECTION ( 'NONE',  ( -0.000000000000000000, -1.000000000000000000, -0.000000000000000000 ) ) ;
#3608 = DIRECTION ( 'NONE',  ( 0.9403559010022508602, 0.000000000000000000, -0.3401922683575348549 ) ) ;
#3609 = DIRECTION ( 'NONE',  ( 0.000000000000000000, 0.000000000000000000, -1.000000000000000000 ) ) ;
#3610 = CARTESIAN_POINT ( 'NONE',  ( 3.735878992460819781, -13.25985312299489394, -33.61382391079717991 ) ) ;
#3611 = CARTESIAN_POINT ( 'NONE',  ( -20.55999399519519599, 15.00000000000000355, -41.79999999999999005 ) ) ;
#3612 = CARTESIAN_POINT ( 'NONE',  ( 7.829014785873203763, 14.03244364584744375, -25.53309323984483470 ) ) ;
#3613 = DIRECTION ( 'NONE',  ( 0.000000000000000000, 0.000000000000000000, -1.000000000000000000 ) ) ;
#3614 = ORIENTED_EDGE ( 'NONE', *, *, #4226, .T. ) ;
#3615 = AXIS2_PLACEMENT_3D ( 'NONE', #3622, #79, #2929 ) ;
#3616 = ORIENTED_EDGE ( 'NONE', *, *, #6671, .T. ) ;
#3617 = ORIENTED_EDGE ( 'NONE', *, *, #5295, .F. ) ;
#3618 = EDGE_CURVE ( 'NONE', #5288, #284, #8333, .T. ) ;
#3619 = ORIENTED_EDGE ( 'NONE', *, *, #7383, .F. ) ;
#3620 = FACE_OUTER_BOUND ( 'NONE', #6447, .T. ) ;
#3621 = CARTESIAN_POINT ( 'NONE',  ( 19.54362398273684676, 11.91602493008228869, -25.18389228565212434 ) ) ;
#3622 = CARTESIAN_POINT ( 'NONE',  ( -16.57500000000001350, -5.250000000000000000, 23.10000000000001208 ) ) ;
#3623 = CARTESIAN_POINT ( 'NONE',  ( -6.624999999999988454, -11.99999999999999645, 3.720435142569757245E-15 ) ) ;
#3624 = VECTOR ( 'NONE', #2252, 1000.000000000000000 ) ;
#3625 = ORIENTED_EDGE ( 'NONE', *, *, #5951, .T. ) ;
#3626 = ORIENTED_EDGE ( 'NONE', *, *, #1636, .F. ) ;
#3627 = EDGE_CURVE ( 'NONE', #7137, #5085, #4437, .T. ) ;
#3628 = EDGE_CURVE ( 'NONE', #8294, #9101, #4055, .T. ) ;
#3629 = CARTESIAN_POINT ( 'NONE',  ( 25.40308702607473634, 12.15719045456846636, 7.806255641895631925E-15 ) ) ;
#3630 = DIRECTION ( 'NONE',  ( -0.000000000000000000, 1.000000000000000000, -0.000000000000000000 ) ) ;
#3631 = CARTESIAN_POINT ( 'NONE',  ( -19.62499999999999645, 15.00000000000000000, -19.99999999999999289 ) ) ;
#3632 = DIRECTION ( 'NONE',  ( 1.000000000000000000, 0.000000000000000000, 2.881657216719182496E-16 ) ) ;
#3633 = CARTESIAN_POINT ( 'NONE',  ( 11.36910810753795253, 13.66167352238232624, -26.00000000000000000 ) ) ;
#3634 = DIRECTION ( 'NONE',  ( 1.000000000000000000, -0.000000000000000000, 2.881657216719182496E-16 ) ) ;
#3635 = EDGE_LOOP ( 'NONE', ( #8892, #2413, #1994, #3516 ) ) ;
#3636 = ORIENTED_EDGE ( 'NONE', *, *, #6609, .F. ) ;
#3637 = EDGE_LOOP ( 'NONE', ( #1676, #2967, #8738, #1045, #2631 ) ) ;
#3638 = DIRECTION ( 'NONE',  ( 0.000000000000000000, 0.000000000000000000, -1.000000000000000000 ) ) ;
#3639 = CIRCLE ( 'NONE', #970, 2.000000000000001776 ) ;
#3640 = CARTESIAN_POINT ( 'NONE',  ( -24.44638780675721890, 11.57116448819365218, -0.09791506507792205327 ) ) ;
#3641 = DIRECTION ( 'NONE',  ( 1.000000000000000000, -0.000000000000000000, 2.881657216719182496E-16 ) ) ;
#3642 = DIRECTION ( 'NONE',  ( 0.000000000000000000, 0.7071067811865477948, 0.7071067811865473507 ) ) ;
#3643 = CARTESIAN_POINT ( 'NONE',  ( -19.62499999999986144, 15.00000000000000000, -6.999999999999993783 ) ) ;
#3644 = DIRECTION ( 'NONE',  ( -1.079438565345101231E-14, -7.461176240760461390E-17, -1.000000000000000000 ) ) ;
#3645 = ADVANCED_FACE ( 'NONE', ( #7697 ), #5072, .F. ) ;
#3646 = AXIS2_PLACEMENT_3D ( 'NONE', #2309, #6567, #5815 ) ;
#3647 = LINE ( 'NONE', #714, #3398 ) ;
#3648 = ORIENTED_EDGE ( 'NONE', *, *, #1299, .T. ) ;
#3649 = ADVANCED_FACE ( 'NONE', ( #9052 ), #6355, .T. ) ;
#3650 = CARTESIAN_POINT ( 'NONE',  ( 11.36910810753788859, 13.66167352238154109, -13.99999999999999822 ) ) ;
#3651 = FACE_OUTER_BOUND ( 'NONE', #2841, .T. ) ;
#3652 = CARTESIAN_POINT ( 'NONE',  ( 7.129014785873204474, 19.28421494571414030, -25.00000000000000000 ) ) ;
#3653 = CARTESIAN_POINT ( 'NONE',  ( 4.516564210871451657, -10.10000000000000853, -31.28075017882506259 ) ) ;
#3654 = CARTESIAN_POINT ( 'NONE',  ( 18.50842578289830342, -12.02359527432955133, -26.00992163454704809 ) ) ;
#3655 = FACE_OUTER_BOUND ( 'NONE', #773, .T. ) ;
#3656 = PLANE ( 'NONE',  #3693 ) ;
#3657 = CARTESIAN_POINT ( 'NONE',  ( 10.26081987583106425, 12.44029499618913626, 0.1618640916041659272 ) ) ;
#3658 = ORIENTED_EDGE ( 'NONE', *, *, #343, .T. ) ;
#3659 = VECTOR ( 'NONE', #6602, 1000.000000000000000 ) ;
#3660 = ORIENTED_EDGE ( 'NONE', *, *, #6881, .F. ) ;
#3661 = ORIENTED_EDGE ( 'NONE', *, *, #3038, .F. ) ;
#3662 = DIRECTION ( 'NONE',  ( -1.000000000000000000, 0.000000000000000000, 1.079438565345101231E-14 ) ) ;
#3663 = EDGE_CURVE ( 'NONE', #1008, #2338, #3405, .T. ) ;
#3664 = DIRECTION ( 'NONE',  ( -1.000000000000000000, 8.428143491639871987E-33, -1.765621858500567205E-16 ) ) ;
#3665 = CARTESIAN_POINT ( 'NONE',  ( -11.96499999999999275, -10.10000000000000853, -33.09999999999998010 ) ) ;
#3666 = CARTESIAN_POINT ( 'NONE',  ( 25.78988814968860765, -11.21875440017580061, -16.98112353484076564 ) ) ;
#3667 = DIRECTION ( 'NONE',  ( -1.000000000000000000, 0.000000000000000000, 0.000000000000000000 ) ) ;
#3668 = AXIS2_PLACEMENT_3D ( 'NONE', #2427, #8769, #1722 ) ;
#3669 = ORIENTED_EDGE ( 'NONE', *, *, #6925, .F. ) ;
#3670 = VERTEX_POINT ( 'NONE', #2749 ) ;
#3671 = EDGE_CURVE ( 'NONE', #1018, #9067, #4458, .T. ) ;
#3672 = CIRCLE ( 'NONE', #8902, 1.000000000000000888 ) ;
#3673 = CARTESIAN_POINT ( 'NONE',  ( 24.23039506645580587, 11.66912710150443999, 0.2418836348021305427 ) ) ;
#3674 = CARTESIAN_POINT ( 'NONE',  ( 14.72536486702349734, -13.35090061055632837, -27.45921512953312060 ) ) ;
#3675 = PLANE ( 'NONE',  #9125 ) ;
#3676 = CARTESIAN_POINT ( 'NONE',  ( 1.171438667347816320, 10.10000000000000320, -32.43787078708658100 ) ) ;
#3677 = FACE_OUTER_BOUND ( 'NONE', #451, .T. ) ;
#3678 = AXIS2_PLACEMENT_3D ( 'NONE', #3780, #986, #5986 ) ;
#3679 = ORIENTED_EDGE ( 'NONE', *, *, #477, .T. ) ;
#3680 = DIRECTION ( 'NONE',  ( 0.000000000000000000, 0.000000000000000000, 1.000000000000000000 ) ) ;
#3681 = EDGE_CURVE ( 'NONE', #1258, #284, #5308, .T. ) ;
#3682 = VERTEX_POINT ( 'NONE', #218 ) ;
#3683 = EDGE_LOOP ( 'NONE', ( #2920, #3992, #8880, #2490 ) ) ;
#3684 = VERTEX_POINT ( 'NONE', #3760 ) ;
#3685 = LINE ( 'NONE', #5748, #1148 ) ;
#3686 = CARTESIAN_POINT ( 'NONE',  ( 9.675000000000004263, -10.09999999999999609, 13.64553149005147326 ) ) ;
#3687 = CARTESIAN_POINT ( 'NONE',  ( -24.08538629174503853, -11.02589800294111022, 6.505745400281710111 ) ) ;
#3688 = DIRECTION ( 'NONE',  ( 0.000000000000000000, 0.000000000000000000, 1.000000000000000000 ) ) ;
#3689 = DIRECTION ( 'NONE',  ( -1.000000000000000000, 0.000000000000000000, 0.000000000000000000 ) ) ;
#3690 = DIRECTION ( 'NONE',  ( 0.000000000000000000, 0.000000000000000000, -1.000000000000000000 ) ) ;
#3691 = CARTESIAN_POINT ( 'NONE',  ( -0.07239137861977101851, 15.46844551391894385, -15.00000000000000000 ) ) ;
#3692 = ORIENTED_EDGE ( 'NONE', *, *, #2266, .F. ) ;
#3693 = AXIS2_PLACEMENT_3D ( 'NONE', #2963, #1599, #7157 ) ;
#3694 = CARTESIAN_POINT ( 'NONE',  ( -22.61447736705422429, 5.776507689438192372, 21.15305985433122160 ) ) ;
#3695 = DIRECTION ( 'NONE',  ( -1.000000000000000000, -0.000000000000000000, -2.881657216719182496E-16 ) ) ;
#3696 = CARTESIAN_POINT ( 'NONE',  ( 10.69782862797513268, 10.10000000000000142, -30.72502506495466079 ) ) ;
#3697 = FACE_OUTER_BOUND ( 'NONE', #2933, .T. ) ;
#3698 = AXIS2_PLACEMENT_3D ( 'NONE', #3110, #5353, #1013 ) ;
#3699 = CARTESIAN_POINT ( 'NONE',  ( -12.63473147716352329, -8.873315475514525374, -37.69903098121850604 ) ) ;
#3700 = DIRECTION ( 'NONE',  ( 1.000000000000000000, 0.000000000000000000, 2.881657216719182496E-16 ) ) ;
#3701 = DIRECTION ( 'NONE',  ( 1.000000000000000000, -0.000000000000000000, -0.000000000000000000 ) ) ;
#3702 = CARTESIAN_POINT ( 'NONE',  ( 8.624999999999992895, 12.99999999999999645, 5.147263975624272985E-15 ) ) ;
#3703 = CIRCLE ( 'NONE', #131, 6.999999999999999112 ) ;
#3704 = ORIENTED_EDGE ( 'NONE', *, *, #3845, .F. ) ;
#3705 = VERTEX_POINT ( 'NONE', #1571 ) ;
#3706 = B_SPLINE_CURVE_WITH_KNOTS ( 'NONE', 3,
 ( #6343, #500, #9176, #6159 ),
 .UNSPECIFIED., .F., .F.,
 ( 4, 4 ),
 ( 3.469446951953614189E-18, 0.005000533879097860193 ),
 .UNSPECIFIED. ) ;
#3707 = EDGE_LOOP ( 'NONE', ( #2579, #314, #2390, #7101 ) ) ;
#3708 = CARTESIAN_POINT ( 'NONE',  ( -25.87284951123395160, -7.999999999999996447, 5.433257696160826100 ) ) ;
#3709 = CARTESIAN_POINT ( 'NONE',  ( 24.43444758962651520, 12.27972048237093183, -19.72062263500494694 ) ) ;
#3710 = DIRECTION ( 'NONE',  ( 0.000000000000000000, 1.000000000000000000, 2.428612866367529932E-15 ) ) ;
#3711 = CARTESIAN_POINT ( 'NONE',  ( 26.33113146233147006, -11.15565314616272552, -15.14991514362639258 ) ) ;
#3712 = CYLINDRICAL_SURFACE ( 'NONE', #5924, 0.8499999999999965361 ) ;
#3713 = EDGE_LOOP ( 'NONE', ( #870, #246, #1211, #3946 ) ) ;
#3714 = ORIENTED_EDGE ( 'NONE', *, *, #6881, .T. ) ;
#3715 = EDGE_CURVE ( 'NONE', #3481, #5793, #5826, .T. ) ;
#3716 = B_SPLINE_CURVE_WITH_KNOTS ( 'NONE', 3,
 ( #8591, #8452, #3599, #2062 ),
 .UNSPECIFIED., .F., .F.,
 ( 4, 4 ),
 ( 0.000000000000000000, 0.0004750525076950081632 ),
 .UNSPECIFIED. ) ;
#3717 = CARTESIAN_POINT ( 'NONE',  ( -0.6041543589306350714, 13.51622540079031509, -35.05011970522959786 ) ) ;
#3718 = LINE ( 'NONE', #3024, #1808 ) ;
#3719 = LINE ( 'NONE', #883, #6752 ) ;
#3720 = CARTESIAN_POINT ( 'NONE',  ( -5.566543928870308022, 10.10000000000000320, -34.35288263336205716 ) ) ;
#3721 = CARTESIAN_POINT ( 'NONE',  ( -25.31330832907863027, 10.96438480330975551, 0.1470167721200538458 ) ) ;
#3722 = FACE_OUTER_BOUND ( 'NONE', #8026, .T. ) ;
#3723 = EDGE_CURVE ( 'NONE', #6771, #4543, #6579, .T. ) ;
#3724 = ORIENTED_EDGE ( 'NONE', *, *, #2586, .F. ) ;
#3725 = CARTESIAN_POINT ( 'NONE',  ( -26.62500000000001066, -5.250000000000000000, 23.10000000000000853 ) ) ;
#3726 = VERTEX_POINT ( 'NONE', #6015 ) ;
#3727 = VERTEX_POINT ( 'NONE', #2461 ) ;
#3728 = ORIENTED_EDGE ( 'NONE', *, *, #8859, .F. ) ;
#3729 = EDGE_CURVE ( 'NONE', #785, #3269, #8272, .T. ) ;
#3730 = FACE_OUTER_BOUND ( 'NONE', #3458, .T. ) ;
#3731 = CARTESIAN_POINT ( 'NONE',  ( -26.11717090199526226, 9.954330846538191224, 0.5486290890251456220 ) ) ;
#3732 = CARTESIAN_POINT ( 'NONE',  ( 21.67500000000000426, 1.734723475976807094E-15, -23.20588489187540304 ) ) ;
#3733 = CARTESIAN_POINT ( 'NONE',  ( 15.12499999999998579, -2.625000000000002220, 26.59663336986832505 ) ) ;
#3734 = EDGE_CURVE ( 'NONE', #2676, #7325, #4249, .T. ) ;
#3735 = DIRECTION ( 'NONE',  ( 1.000000000000000000, 0.000000000000000000, 2.881657216719182496E-16 ) ) ;
#3736 = DIRECTION ( 'NONE',  ( 1.492235248152092278E-16, -7.461176240760461390E-17, -1.000000000000000000 ) ) ;
#3737 = CIRCLE ( 'NONE', #5382, 2.000000000000001776 ) ;
#3738 = CARTESIAN_POINT ( 'NONE',  ( -22.64274064696087763, -2.624999999999998224, 20.55336663013170551 ) ) ;
#3739 = ORIENTED_EDGE ( 'NONE', *, *, #8024, .T. ) ;
#3740 = AXIS2_PLACEMENT_3D ( 'NONE', #7084, #9131, #6205 ) ;
#3741 = DIRECTION ( 'NONE',  ( 0.000000000000000000, 0.000000000000000000, 1.000000000000000000 ) ) ;
#3742 = EDGE_CURVE ( 'NONE', #5321, #1495, #2790, .T. ) ;
#3743 = CARTESIAN_POINT ( 'NONE',  ( -22.57500000000002771, 3.249999999999997335, 23.10000000000000853 ) ) ;
#3744 = CIRCLE ( 'NONE', #8964, 1.000000000000000000 ) ;
#3745 = LINE ( 'NONE', #6655, #7192 ) ;
#3746 = EDGE_CURVE ( 'NONE', #5469, #3763, #826, .T. ) ;
#3747 = DIRECTION ( 'NONE',  ( 0.000000000000000000, 0.000000000000000000, -1.000000000000000000 ) ) ;
#3748 = CARTESIAN_POINT ( 'NONE',  ( -23.16053390593275196, 10.10000000000000142, -23.53553390593271288 ) ) ;
#3749 = CARTESIAN_POINT ( 'NONE',  ( -24.46557450237217424, -8.103426060940030595, 9.770281504007392925 ) ) ;
#3750 = DIRECTION ( 'NONE',  ( 0.000000000000000000, -1.000000000000000000, 0.000000000000000000 ) ) ;
#3751 = VERTEX_POINT ( 'NONE', #7312 ) ;
#3752 = ORIENTED_EDGE ( 'NONE', *, *, #5554, .T. ) ;
#3753 = ORIENTED_EDGE ( 'NONE', *, *, #4309, .F. ) ;
#3754 = CIRCLE ( 'NONE', #5698, 2.000000000000001776 ) ;
#3755 =( BOUNDED_SURFACE ( )  B_SPLINE_SURFACE ( 3, 2, ( 
 ( #1023, #6765, #686 ),
 ( #7779, #6948, #6344 ),
 ( #4928, #3532, #2737 ),
 ( #3347, #3391, #6395 ),
 ( #9037, #544, #5635 ),
 ( #8518, #5495, #1939 ) ),
 .UNSPECIFIED., .F., .F., .T. ) 
 B_SPLINE_SURFACE_WITH_KNOTS ( ( 4, 2, 4 ),
 ( 3, 3 ),
 ( 0.001549315374713400176, 0.003776729985490522024, 0.006004144596267644088 ),
 ( 0.000000000000000000, 1.000000000000000000 ),
 .UNSPECIFIED. ) 
 GEOMETRIC_REPRESENTATION_ITEM ( )  RATIONAL_B_SPLINE_SURFACE ( (
 ( 1.000000000000000000, 0.8643883437741006759, 1.000000000000000000),
 ( 1.000000000000000000, 0.8393155471293104464, 1.000000000000000000),
 ( 1.000000000000000000, 0.8137664013693705067, 1.000000000000000000),
 ( 1.000000000000000000, 0.7614546649050618621, 1.000000000000000000),
 ( 1.000000000000000000, 0.7346906500637836457, 1.000000000000000000),
 ( 1.000000000000000000, 0.7071067792035269362, 1.000000000000000000) ) ) 
 REPRESENTATION_ITEM ( '' )  SURFACE ( )  );
#3756 = CARTESIAN_POINT ( 'NONE',  ( -22.89667870058547905, -12.00000000000000000, -0.2780450491108161781 ) ) ;
#3757 = CARTESIAN_POINT ( 'NONE',  ( 22.30353051211305626, 12.53698625955262713, -21.14382711644992696 ) ) ;
#3758 = DIRECTION ( 'NONE',  ( 1.000000000000000000, 0.000000000000000000, 2.881657216719182496E-16 ) ) ;
#3759 = CARTESIAN_POINT ( 'NONE',  ( 24.25637419305664721, -12.30094297298217043, -18.22826584244851489 ) ) ;
#3760 = CARTESIAN_POINT ( 'NONE',  ( 3.024999999999990585, 7.200000000000004619, -9.849999999999983658 ) ) ;
#3761 = CIRCLE ( 'NONE', #2130, 20.00000000000000000 ) ;
#3762 = EDGE_CURVE ( 'NONE', #8774, #3481, #7856, .T. ) ;
#3763 = VERTEX_POINT ( 'NONE', #5967 ) ;
#3764 = VERTEX_POINT ( 'NONE', #5121 ) ;
#3765 = EDGE_CURVE ( 'NONE', #2294, #8100, #2638, .T. ) ;
#3766 = LINE ( 'NONE', #1809, #8429 ) ;
#3767 = CARTESIAN_POINT ( 'NONE',  ( 23.66967924727566697, -12.37297677323687140, -19.25033193155910993 ) ) ;
#3768 = DIRECTION ( 'NONE',  ( 0.000000000000000000, 0.000000000000000000, -1.000000000000000000 ) ) ;
#3769 = CARTESIAN_POINT ( 'NONE',  ( -13.57500000000001350, -7.902763757320330207, 9.591693595492580826 ) ) ;
#3770 = EDGE_CURVE ( 'NONE', #485, #4173, #7364, .T. ) ;
#3771 = VECTOR ( 'NONE', #6696, 1000.000000000000000 ) ;
#3772 = CARTESIAN_POINT ( 'NONE',  ( -26.25632916295115749, 9.746094682313017898, -0.2486982274375425794 ) ) ;
#3773 = CARTESIAN_POINT ( 'NONE',  ( 4.329014785873201987, 14.19919496893260025, -13.99999999999999822 ) ) ;
#3774 = ORIENTED_EDGE ( 'NONE', *, *, #6888, .F. ) ;
#3775 = LINE ( 'NONE', #8772, #311 ) ;
#3776 = VERTEX_POINT ( 'NONE', #5920 ) ;
#3777 = EDGE_LOOP ( 'NONE', ( #5710, #7783, #348, #3863 ) ) ;
#3778 = VERTEX_POINT ( 'NONE', #8804 ) ;
#3779 = CARTESIAN_POINT ( 'NONE',  ( -23.57499999999999218, -8.000000000000000000, -33.09999999999998721 ) ) ;
#3780 = CARTESIAN_POINT ( 'NONE',  ( 26.62499999999998934, 2.624999999999998668, 18.55336663013172327 ) ) ;
#3781 = DIRECTION ( 'NONE',  ( -0.000000000000000000, -0.000000000000000000, 1.000000000000000000 ) ) ;
#3782 = ADVANCED_FACE ( 'NONE', ( #876 ), #3712, .F. ) ;
#3783 = CARTESIAN_POINT ( 'NONE',  ( -19.81532436575341194, -15.00011440415868869, -3.999999999999996447 ) ) ;
#3784 = CARTESIAN_POINT ( 'NONE',  ( 0.5749999999998256506, -10.10000000000001208, -40.20000000000007390 ) ) ;
#3785 = FACE_OUTER_BOUND ( 'NONE', #3707, .T. ) ;
#3786 = CARTESIAN_POINT ( 'NONE',  ( -22.64274064696088118, 2.494172176134454855, 20.55336663013171616 ) ) ;
#3787 = ORIENTED_EDGE ( 'NONE', *, *, #148, .F. ) ;
#3788 = VERTEX_POINT ( 'NONE', #8006 ) ;
#3789 = CARTESIAN_POINT ( 'NONE',  ( -11.07500000000001528, -2.624999999999998668, 18.55336663013170906 ) ) ;
#3790 = CARTESIAN_POINT ( 'NONE',  ( -21.85674754639386563, 11.00000000000000000, 2.602085213965210642E-15 ) ) ;
#3791 = CARTESIAN_POINT ( 'NONE',  ( 7.829014785873203763, 14.10872004867337282, -14.55664464917170875 ) ) ;
#3792 = DIRECTION ( 'NONE',  ( 2.478176394252581634E-16, 0.000000000000000000, -1.000000000000000000 ) ) ;
#3793 = CARTESIAN_POINT ( 'NONE',  ( 4.361708675248483047, 14.19700175547405152, -26.00000000000000355 ) ) ;
#3794 = AXIS2_PLACEMENT_3D ( 'NONE', #8156, #6255, #5406 ) ;
#3795 = DIRECTION ( 'NONE',  ( 0.000000000000000000, 0.000000000000000000, -1.000000000000000000 ) ) ;
#3796 = EDGE_CURVE ( 'NONE', #7033, #3043, #4102, .T. ) ;
#3797 = ORIENTED_EDGE ( 'NONE', *, *, #3176, .T. ) ;
#3798 = ORIENTED_EDGE ( 'NONE', *, *, #2439, .F. ) ;
#3799 = ORIENTED_EDGE ( 'NONE', *, *, #6785, .T. ) ;
#3800 = CARTESIAN_POINT ( 'NONE',  ( -16.57500000000001350, 2.624999999999998668, 18.55336663013171261 ) ) ;
#3801 = CARTESIAN_POINT ( 'NONE',  ( -17.22970171600523059, 13.99293421933180070, -38.21451985893706649 ) ) ;
#3802 = CARTESIAN_POINT ( 'NONE',  ( -19.62499999999986144, -7.900000000000000355, -6.999999999999993783 ) ) ;
#3803 = CARTESIAN_POINT ( 'NONE',  ( 21.81396944495863721, -12.59573777332567524, -23.10881866800830409 ) ) ;
#3804 = CARTESIAN_POINT ( 'NONE',  ( 4.329014785873201987, 14.19919496893260025, -26.00000000000000355 ) ) ;
#3805 = AXIS2_PLACEMENT_3D ( 'NONE', #3160, #8660, #8053 ) ;
#3806 = ORIENTED_EDGE ( 'NONE', *, *, #8524, .F. ) ;
#3807 = ORIENTED_EDGE ( 'NONE', *, *, #24, .F. ) ;
#3808 = VECTOR ( 'NONE', #985, 1000.000000000000114 ) ;
#3809 = CARTESIAN_POINT ( 'NONE',  ( 20.62499999999998934, 2.624999999999998668, 18.55336663013172327 ) ) ;
#3810 = FACE_OUTER_BOUND ( 'NONE', #93, .T. ) ;
#3811 = CYLINDRICAL_SURFACE ( 'NONE', #8523, 1.049999999999998934 ) ;
#3812 = VECTOR ( 'NONE', #1992, 1000.000000000000000 ) ;
#3813 = CARTESIAN_POINT ( 'NONE',  ( -13.57500000000001172, -8.103426060940032372, 5.341209296556021613 ) ) ;
#3814 = CARTESIAN_POINT ( 'NONE',  ( -26.62500000000001066, -2.624999999999998668, 19.60336663013170622 ) ) ;
#3815 = VECTOR ( 'NONE', #5715, 1000.000000000000000 ) ;
#3816 = EDGE_CURVE ( 'NONE', #9151, #3776, #2418, .T. ) ;
#3817 = LINE ( 'NONE', #6682, #2485 ) ;
#3818 = EDGE_LOOP ( 'NONE', ( #5768, #1821, #9233, #6259, #1792 ) ) ;
#3819 = CARTESIAN_POINT ( 'NONE',  ( 15.12499999999998579, 8.572527594031473190E-16, 30.10000000000001918 ) ) ;
#3820 = ORIENTED_EDGE ( 'NONE', *, *, #3830, .F. ) ;
#3821 = ORIENTED_EDGE ( 'NONE', *, *, #626, .F. ) ;
#3822 = CARTESIAN_POINT ( 'NONE',  ( -1.070985214126796370, 15.52145826415290308, -25.00000000000000000 ) ) ;
#3823 = CARTESIAN_POINT ( 'NONE',  ( -25.49048317014510445, -7.399999999999996803, 6.640297038308732525 ) ) ;
#3824 = CARTESIAN_POINT ( 'NONE',  ( -23.90028431221866256, -15.00000000000000000, -3.999999999999996447 ) ) ;
#3825 = CIRCLE ( 'NONE', #2353, 1.000000000000000000 ) ;
#3826 = CARTESIAN_POINT ( 'NONE',  ( 25.40308702607473279, 12.15719045456846636, 0.000000000000000000 ) ) ;
#3827 = CARTESIAN_POINT ( 'NONE',  ( -26.62499999999998934, 15.00000000000000000, -39.29999999999999005 ) ) ;
#3828 = CARTESIAN_POINT ( 'NONE',  ( -22.64827982385930127, 1.979481402383363564, 20.45088813729062949 ) ) ;
#3829 = ORIENTED_EDGE ( 'NONE', *, *, #4902, .F. ) ;
#3830 = EDGE_CURVE ( 'NONE', #167, #1622, #2334, .T. ) ;
#3831 = ORIENTED_EDGE ( 'NONE', *, *, #4817, .F. ) ;
#3832 = EDGE_CURVE ( 'NONE', #3670, #6090, #5356, .T. ) ;
#3833 = DIRECTION ( 'NONE',  ( 1.765621858500567205E-16, 0.000000000000000000, -1.000000000000000000 ) ) ;
#3834 = CARTESIAN_POINT ( 'NONE',  ( -20.15380024153672522, 15.00000000000000000, -3.999999999999996447 ) ) ;
#3835 = CARTESIAN_POINT ( 'NONE',  ( -23.80390023186746262, 9.639914138498133056, -41.79999999999999005 ) ) ;
#3836 = CARTESIAN_POINT ( 'NONE',  ( -13.57500000000001705, 0.000000000000000000, 23.10000000000001208 ) ) ;
#3837 = CARTESIAN_POINT ( 'NONE',  ( 9.675000000000004263, 10.09999999999999609, -29.29999999999998650 ) ) ;
#3838 = CARTESIAN_POINT ( 'NONE',  ( -5.575000000000010836, 7.200000000000004619, -12.04999999999998472 ) ) ;
#3839 = EDGE_CURVE ( 'NONE', #4196, #673, #6229, .T. ) ;
#3840 = AXIS2_PLACEMENT_3D ( 'NONE', #3449, #1448, #8626 ) ;
#3841 = VECTOR ( 'NONE', #4463, 1000.000000000000000 ) ;
#3842 = ORIENTED_EDGE ( 'NONE', *, *, #7556, .T. ) ;
#3843 = EDGE_LOOP ( 'NONE', ( #7534, #8336, #2188, #3344 ) ) ;
#3844 = ORIENTED_EDGE ( 'NONE', *, *, #7483, .F. ) ;
#3845 = EDGE_CURVE ( 'NONE', #3514, #7793, #7413, .T. ) ;
#3846 = DIRECTION ( 'NONE',  ( -0.000000000000000000, -0.000000000000000000, -1.000000000000000000 ) ) ;
#3847 = CARTESIAN_POINT ( 'NONE',  ( -1.044788399524837708, 13.53871207541373423, -35.17835735153199295 ) ) ;
#3848 = DIRECTION ( 'NONE',  ( 1.000000000000000000, 0.000000000000000000, 2.881657216719182003E-16 ) ) ;
#3849 = PLANE ( 'NONE',  #7349 ) ;
#3850 = DIRECTION ( 'NONE',  ( 0.000000000000000000, -0.9486832980505135460, -0.3162277660168385518 ) ) ;
#3851 = EDGE_CURVE ( 'NONE', #3764, #8609, #8440, .T. ) ;
#3852 = CARTESIAN_POINT ( 'NONE',  ( 7.129014785873204474, 19.28421494571414030, -15.00000000000000000 ) ) ;
#3853 = EDGE_CURVE ( 'NONE', #3128, #2576, #8293, .T. ) ;
#3854 = CIRCLE ( 'NONE', #1032, 1.000000000000000888 ) ;
#3855 = EDGE_LOOP ( 'NONE', ( #6719, #8979, #3491, #4460, #6104, #4517 ) ) ;
#3856 = VERTEX_POINT ( 'NONE', #5442 ) ;
#3857 = LINE ( 'NONE', #8860, #2620 ) ;
#3858 = CARTESIAN_POINT ( 'NONE',  ( -26.62499999999999289, 10.10000000000000320, -9.849999999999988987 ) ) ;
#3859 = DIRECTION ( 'NONE',  ( 0.000000000000000000, 0.000000000000000000, -1.000000000000000000 ) ) ;
#3860 = CARTESIAN_POINT ( 'NONE',  ( 26.62499999999998934, -2.625000000000002220, 27.64663336986832576 ) ) ;
#3861 = CARTESIAN_POINT ( 'NONE',  ( -25.23665721231298420, 11.03946688514910868, -0.6798222950496950467 ) ) ;
#3862 = DIRECTION ( 'NONE',  ( 0.000000000000000000, 0.000000000000000000, 1.000000000000000000 ) ) ;
#3863 = ORIENTED_EDGE ( 'NONE', *, *, #5402, .T. ) ;
#3864 = DIRECTION ( 'NONE',  ( 0.000000000000000000, 0.000000000000000000, -1.000000000000000000 ) ) ;
#3865 = ORIENTED_EDGE ( 'NONE', *, *, #3839, .T. ) ;
#3866 = ORIENTED_EDGE ( 'NONE', *, *, #2325, .F. ) ;
#3867 = CARTESIAN_POINT ( 'NONE',  ( -13.57500000000001705, -10.10000000000000853, 0.000000000000000000 ) ) ;
#3868 = LINE ( 'NONE', #8255, #8004 ) ;
#3869 = CARTESIAN_POINT ( 'NONE',  ( 7.829014785873203763, 14.78421494571413852, -14.98620650402077992 ) ) ;
#3870 = DIRECTION ( 'NONE',  ( -1.000000000000000000, 0.000000000000000000, -2.881657216719182989E-16 ) ) ;
#3871 = DIRECTION ( 'NONE',  ( -1.000000000000000000, 0.000000000000000000, -2.881657216719182496E-16 ) ) ;
#3872 = CARTESIAN_POINT ( 'NONE',  ( 22.62500000000000355, -11.99999999999999645, 0.8672861625756802528 ) ) ;
#3873 = PLANE ( 'NONE',  #1475 ) ;
#3874 = VERTEX_POINT ( 'NONE', #6061 ) ;
#3875 = ORIENTED_EDGE ( 'NONE', *, *, #2604, .F. ) ;
#3876 = ORIENTED_EDGE ( 'NONE', *, *, #2797, .T. ) ;
#3877 = DIRECTION ( 'NONE',  ( 0.000000000000000000, 0.000000000000000000, -1.000000000000000000 ) ) ;
#3878 = CARTESIAN_POINT ( 'NONE',  ( 12.22901478587320234, 14.58540566807859840, -15.00000000000000000 ) ) ;
#3879 = EDGE_CURVE ( 'NONE', #2235, #3960, #9237, .T. ) ;
#3880 = LINE ( 'NONE', #3194, #7045 ) ;
#3881 = VECTOR ( 'NONE', #3547, 1000.000000000000000 ) ;
#3882 = DIRECTION ( 'NONE',  ( 1.292857237214521664E-16, -1.000000000000000000, 0.000000000000000000 ) ) ;
#3883 = VECTOR ( 'NONE', #7427, 1000.000000000000000 ) ;
#3884 = CARTESIAN_POINT ( 'NONE',  ( 12.49798334620740725, 11.99999999999999645, 1.000000000000005329 ) ) ;
#3885 = PLANE ( 'NONE',  #4960 ) ;
#3886 = EDGE_CURVE ( 'NONE', #7456, #6868, #534, .T. ) ;
#3887 = CIRCLE ( 'NONE', #5685, 1.834999999999999742 ) ;
#3888 = ORIENTED_EDGE ( 'NONE', *, *, #5328, .F. ) ;
#3889 = ORIENTED_EDGE ( 'NONE', *, *, #6356, .F. ) ;
#3890 = VECTOR ( 'NONE', #8920, 1000.000000000000000 ) ;
#3891 = ORIENTED_EDGE ( 'NONE', *, *, #3065, .F. ) ;
#3892 = CARTESIAN_POINT ( 'NONE',  ( -24.67845660436068655, -11.44295323072562276, -0.04567833853603286975 ) ) ;
#3893 = CARTESIAN_POINT ( 'NONE',  ( -7.885989357128761590, 13.82148917089477536, -36.88048769960852979 ) ) ;
#3894 = LINE ( 'NONE', #1885, #7763 ) ;
#3895 = B_SPLINE_CURVE_WITH_KNOTS ( 'NONE', 2,
 ( #8962, #991, #3826 ),
 .UNSPECIFIED., .F., .F.,
 ( 3, 3 ),
 ( 0.9118359533938629191, 0.9734491161897007583 ),
 .UNSPECIFIED. ) ;
#3896 = DIRECTION ( 'NONE',  ( 1.000000000000000000, 0.000000000000000000, 2.881657216719182496E-16 ) ) ;
#3897 = CARTESIAN_POINT ( 'NONE',  ( -14.85836206505430468, -14.97038234710588789, -38.00336224536118834 ) ) ;
#3898 = DIRECTION ( 'NONE',  ( -1.000000000000000000, -0.000000000000000000, -1.765621858500567205E-16 ) ) ;
#3899 = EDGE_CURVE ( 'NONE', #7403, #2131, #3672, .T. ) ;
#3900 = VERTEX_POINT ( 'NONE', #6857 ) ;
#3901 = ORIENTED_EDGE ( 'NONE', *, *, #4531, .F. ) ;
#3902 = DIRECTION ( 'NONE',  ( -2.312964634635742957E-16, 0.000000000000000000, 1.000000000000000000 ) ) ;
#3903 = FACE_OUTER_BOUND ( 'NONE', #1168, .T. ) ;
#3904 = CARTESIAN_POINT ( 'NONE',  ( 15.12499999999998579, 5.250000000000000000, 24.15000000000001990 ) ) ;
#3905 = TOROIDAL_SURFACE ( 'NONE', #2277, 7.999999999999994671, 4.000000000000000000 ) ;
#3906 = CARTESIAN_POINT ( 'NONE',  ( -25.66303729896118213, -7.485947735668025516, 6.128892488983187725 ) ) ;
#3907 = CARTESIAN_POINT ( 'NONE',  ( 12.22901478587320234, 14.49486514259852399, -25.00407478481146839 ) ) ;
#3908 = EDGE_CURVE ( 'NONE', #1443, #8328, #6111, .T. ) ;
#3909 = ORIENTED_EDGE ( 'NONE', *, *, #5506, .F. ) ;
#3910 = CARTESIAN_POINT ( 'NONE',  ( -1.122604028082864192, 14.52279140376062649, -13.99999999999999822 ) ) ;
#3911 = ORIENTED_EDGE ( 'NONE', *, *, #4309, .T. ) ;
#3912 = EDGE_CURVE ( 'NONE', #6628, #4193, #1155, .T. ) ;
#3913 = VERTEX_POINT ( 'NONE', #357 ) ;
#3914 = DIRECTION ( 'NONE',  ( 0.000000000000000000, 0.000000000000000000, -1.000000000000000000 ) ) ;
#3915 = CARTESIAN_POINT ( 'NONE',  ( 26.62499999999998934, 5.250000000000000000, 21.10000000000002274 ) ) ;
#3916 = AXIS2_PLACEMENT_3D ( 'NONE', #2731, #680, #4308 ) ;
#3917 = VECTOR ( 'NONE', #6515, 1000.000000000000000 ) ;
#3918 = DIRECTION ( 'NONE',  ( 0.000000000000000000, 0.7071067811865477948, -0.7071067811865473507 ) ) ;
#3919 = DIRECTION ( 'NONE',  ( 0.000000000000000000, 0.000000000000000000, -1.000000000000000000 ) ) ;
#3920 = CARTESIAN_POINT ( 'NONE',  ( 7.074999999999296740, -10.10000000000000853, -33.70000000000065654 ) ) ;
#3921 = CARTESIAN_POINT ( 'NONE',  ( 22.82263458254888278, -11.99999999999999645, 0.8505596004243505259 ) ) ;
#3922 = B_SPLINE_CURVE_WITH_KNOTS ( 'NONE', 3,
 ( #5315, #8153, #1762, #3214 ),
 .UNSPECIFIED., .F., .F.,
 ( 4, 4 ),
 ( 3.122839673876387306E-07, 0.001878738707039214742 ),
 .UNSPECIFIED. ) ;
#3923 = CARTESIAN_POINT ( 'NONE',  ( -22.64343502986708501, 2.361298561010813923, 20.54022771790734581 ) ) ;
#3924 = EDGE_LOOP ( 'NONE', ( #3660, #2754, #2132, #784 ) ) ;
#3925 = ORIENTED_EDGE ( 'NONE', *, *, #6388, .F. ) ;
#3926 = VERTEX_POINT ( 'NONE', #2550 ) ;
#3927 = CARTESIAN_POINT ( 'NONE',  ( 9.010819090633896522, -10.84535857606640796, -29.29999999999998650 ) ) ;
#3928 = DIRECTION ( 'NONE',  ( 1.000000000000000000, 0.000000000000000000, 2.881657216719182496E-16 ) ) ;
#3929 = CARTESIAN_POINT ( 'NONE',  ( 1.637829418935812464, -12.10000000000000853, -32.30531719236735455 ) ) ;
#3930 = CARTESIAN_POINT ( 'NONE',  ( 17.62499999999999289, 11.99999999999999645, 15.00000000000000178 ) ) ;
#3931 = EDGE_CURVE ( 'NONE', #3221, #7077, #7260, .T. ) ;
#3932 = DIRECTION ( 'NONE',  ( 1.000000000000000000, -0.000000000000000000, 2.881657216719182496E-16 ) ) ;
#3933 = PLANE ( 'NONE',  #6163 ) ;
#3934 = ADVANCED_FACE ( 'NONE', ( #6153 ), #4034, .F. ) ;
#3935 = EDGE_LOOP ( 'NONE', ( #8608, #4639, #7412, #3901 ) ) ;
#3936 = VERTEX_POINT ( 'NONE', #1847 ) ;
#3937 = ORIENTED_EDGE ( 'NONE', *, *, #7459, .F. ) ;
#3938 = CARTESIAN_POINT ( 'NONE',  ( -26.56973264026098036, -8.506152794394568062, 1.120804665816896639 ) ) ;
#3939 = CIRCLE ( 'NONE', #4831, 1.000000000000000888 ) ;
#3940 = CARTESIAN_POINT ( 'NONE',  ( 5.366461884613094036, 14.13458759949276278, -32.00036131045460053 ) ) ;
#3941 = CARTESIAN_POINT ( 'NONE',  ( 7.675000000000005151, 7.200000000000004619, -13.04999999999999893 ) ) ;
#3942 = CARTESIAN_POINT ( 'NONE',  ( -5.575000000000010836, 10.10000000000000497, -10.00000000000000000 ) ) ;
#3943 = CARTESIAN_POINT ( 'NONE',  ( 5.655364982463150447, -13.13700804694066271, -32.93444780706888508 ) ) ;
#3944 = DIRECTION ( 'NONE',  ( 0.000000000000000000, 0.000000000000000000, -1.000000000000000000 ) ) ;
#3945 = VERTEX_POINT ( 'NONE', #2594 ) ;
#3946 = ORIENTED_EDGE ( 'NONE', *, *, #2487, .T. ) ;
#3947 = VERTEX_POINT ( 'NONE', #7498 ) ;
#3948 = EDGE_CURVE ( 'NONE', #3945, #1018, #7341, .T. ) ;
#3949 = CARTESIAN_POINT ( 'NONE',  ( -22.78999999999999204, -8.000000000000000000, -37.79999999999998295 ) ) ;
#3950 = CARTESIAN_POINT ( 'NONE',  ( 15.12499999999998579, 2.624999999999998668, 17.50336663013172256 ) ) ;
#3951 = CARTESIAN_POINT ( 'NONE',  ( -19.62499999999999645, -15.00000000000000000, -14.07106781186553945 ) ) ;
#3952 = B_SPLINE_CURVE_WITH_KNOTS ( 'NONE', 3,
 ( #2448, #3099, #8934, #5203 ),
 .UNSPECIFIED., .F., .F.,
 ( 4, 4 ),
 ( 0.000000000000000000, 0.0004035918833342052258 ),
 .UNSPECIFIED. ) ;
#3953 = CARTESIAN_POINT ( 'NONE',  ( -10.62712255461673649, 12.09999999999999254, -37.37460308772480744 ) ) ;
#3954 = CARTESIAN_POINT ( 'NONE',  ( -27.56654623471037979, 8.276995421061167590, 0.2410015263129540730 ) ) ;
#3955 = CARTESIAN_POINT ( 'NONE',  ( 20.62499999999998934, -2.624999999999998224, 20.55336663013171972 ) ) ;
#3957 = ORIENTED_EDGE ( 'NONE', *, *, #7941, .F. ) ;
#3956 = AXIS2_PLACEMENT_3D ( 'NONE', #7503, #973, #6020 ) ;
#3958 = EDGE_CURVE ( 'NONE', #8315, #3726, #2637, .T. ) ;
#3959 = ORIENTED_EDGE ( 'NONE', *, *, #3285, .F. ) ;
#3960 = VERTEX_POINT ( 'NONE', #1933 ) ;
#3961 = AXIS2_PLACEMENT_3D ( 'NONE', #5543, #3439, #3395 ) ;
#3962 = DIRECTION ( 'NONE',  ( 1.000000000000000000, -0.000000000000000000, 2.881657216719182496E-16 ) ) ;
#3963 = CARTESIAN_POINT ( 'NONE',  ( 0.6843457781373816218, 14.42956196939671543, -13.99999999999999822 ) ) ;
#3964 = DIRECTION ( 'NONE',  ( 0.000000000000000000, 0.000000000000000000, -1.000000000000000000 ) ) ;
#3965 = VECTOR ( 'NONE', #316, 1000.000000000000227 ) ;
#3966 = PLANE ( 'NONE',  #4283 ) ;
#3967 = DIRECTION ( 'NONE',  ( 1.000000000000000000, -0.000000000000000000, 2.881657216719182496E-16 ) ) ;
#3968 = EDGE_CURVE ( 'NONE', #7919, #5397, #7631, .T. ) ;
#3969 = CARTESIAN_POINT ( 'NONE',  ( 22.56627866080043532, -12.50566558229501801, 2.078415564654712000E-13 ) ) ;
#3970 = ADVANCED_FACE ( 'NONE', ( #7076 ), #4169, .F. ) ;
#3971 = LINE ( 'NONE', #1868, #5641 ) ;
#3972 = EDGE_LOOP ( 'NONE', ( #2399, #6878, #6133, #506 ) ) ;
#3973 = VERTEX_POINT ( 'NONE', #7125 ) ;
#3974 = ORIENTED_EDGE ( 'NONE', *, *, #9160, .F. ) ;
#3975 = CARTESIAN_POINT ( 'NONE',  ( -23.16053390593275196, -7.900000000000000355, -23.53553390593271288 ) ) ;
#3976 = VECTOR ( 'NONE', #4077, 1000.000000000000000 ) ;
#3977 = LINE ( 'NONE', #6928, #8370 ) ;
#3978 = DIRECTION ( 'NONE',  ( 1.000000000000000000, 0.000000000000000000, 2.881657216719182496E-16 ) ) ;
#3979 = CARTESIAN_POINT ( 'NONE',  ( -23.57499999999998863, 8.000000000000000000, -33.09999999999998721 ) ) ;
#3980 = CARTESIAN_POINT ( 'NONE',  ( 16.62499999999998934, 11.99999999999999645, 15.00000000000000178 ) ) ;
#3981 = AXIS2_PLACEMENT_3D ( 'NONE', #1534, #7185, #2378 ) ;
#3982 = ORIENTED_EDGE ( 'NONE', *, *, #158, .T. ) ;
#3983 = EDGE_LOOP ( 'NONE', ( #6180, #9226, #1463, #5489 ) ) ;
#3984 = B_SPLINE_CURVE_WITH_KNOTS ( 'NONE', 3,
 ( #8384, #1353, #8434, #4230, #5643, #4185, #6310, #7140, #9049, #2047, #9142, #3402, #8482, #696, #1446, #4894 ),
 .UNSPECIFIED., .F., .F.,
 ( 4, 2, 2, 2, 2, 2, 2, 4 ),
 ( 0.009381318014384644119, 0.009771873844464621858, 0.01016242967454460133, 0.01055298550462457907, 0.01094354133470455681, 0.01133409716478453455, 0.01172465299486451229, 0.01250576465502446777 ),
 .UNSPECIFIED. ) ;
#3985 = DIRECTION ( 'NONE',  ( -0.000000000000000000, -0.000000000000000000, -1.000000000000000000 ) ) ;
#3986 = CARTESIAN_POINT ( 'NONE',  ( -19.62499999999999645, 15.00000000000000000, -19.99999999999999289 ) ) ;
#3987 = CARTESIAN_POINT ( 'NONE',  ( 7.829014785873203763, 15.63421494571413639, -15.00000000000000000 ) ) ;
#3988 = CARTESIAN_POINT ( 'NONE',  ( -18.41983870986238969, -13.99857898409430668, -38.27975541886302580 ) ) ;
#3989 = CARTESIAN_POINT ( 'NONE',  ( 20.62499999999998934, -2.625000000000002220, 27.64663336986832576 ) ) ;
#3990 = AXIS2_PLACEMENT_3D ( 'NONE', #4233, #5646, #8484 ) ;
#3991 = AXIS2_PLACEMENT_3D ( 'NONE', #1187, #386, #6044 ) ;
#3992 = ORIENTED_EDGE ( 'NONE', *, *, #9162, .T. ) ;
#3993 = ORIENTED_EDGE ( 'NONE', *, *, #8988, .F. ) ;
#3994 = ORIENTED_EDGE ( 'NONE', *, *, #478, .F. ) ;
#3995 = VECTOR ( 'NONE', #1181, 1000.000000000000000 ) ;
#3996 = CARTESIAN_POINT ( 'NONE',  ( -26.62499999999998934, 7.099999999999995204, -33.09999999999998721 ) ) ;
#3997 = CARTESIAN_POINT ( 'NONE',  ( -25.05217333776665711, 12.05932126526990977, -1.019773755089961265 ) ) ;
#3998 = CARTESIAN_POINT ( 'NONE',  ( -10.37500000000001243, -11.14377953517930919, 5.155254275226485439E-15 ) ) ;
#3999 = CARTESIAN_POINT ( 'NONE',  ( 23.60056713688813801, 11.88420646067461206, 0.8673651169069260813 ) ) ;
#4000 =( BOUNDED_SURFACE ( )  B_SPLINE_SURFACE ( 3, 2, ( 
 ( #3872, #5465, #3969 ),
 ( #3921, #8877, #8830 ),
 ( #5992, #3318, #1867 ),
 ( #334, #4712, #290 ),
 ( #6783, #7567, #2440 ),
 ( #1180, #3135, #8301 ),
 ( #4013, #6131, #7386 ),
 ( #1735, #992, #4667 ),
 ( #5286, #3186, #2484 ),
 ( #5332, #8963, #3232 ) ),
 .UNSPECIFIED., .F., .F., .T. ) 
 B_SPLINE_SURFACE_WITH_KNOTS ( ( 4, 2, 2, 2, 4 ),
 ( 3, 3 ),
 ( 0.001636794673171459123, 0.002372869161654406114, 0.003108943650137353104, 0.003845018138620300095, 0.004581092627103247085 ),
 ( 0.000000000000000000, 1.000000000000000000 ),
 .UNSPECIFIED. ) 
 GEOMETRIC_REPRESENTATION_ITEM ( )  RATIONAL_B_SPLINE_SURFACE ( (
 ( 1.000000000000000000, 0.8643883437740755848, 1.000000000000000000),
 ( 1.000000000000000000, 0.8735723788269951218, 1.000000000000000000),
 ( 1.000000000000000000, 0.8770543645121952059, 1.000000000000000000),
 ( 1.000000000000000000, 0.8729098835549068403, 1.000000000000000000),
 ( 1.000000000000000000, 0.8652968742433397864, 1.000000000000000000),
 ( 1.000000000000000000, 0.8385899055182282069, 1.000000000000000000),
 ( 1.000000000000000000, 0.8198043619806530957, 1.000000000000000000),
 ( 1.000000000000000000, 0.7716288363713429410, 1.000000000000000000),
 ( 1.000000000000000000, 0.7422190280219161940, 1.000000000000000000),
 ( 1.000000000000000000, 0.7071067811865474617, 1.000000000000000000) ) ) 
 REPRESENTATION_ITEM ( '' )  SURFACE ( )  );
#4001 = VECTOR ( 'NONE', #6657, 1000.000000000000000 ) ;
#4002 = CARTESIAN_POINT ( 'NONE',  ( -70.47777777777830011, 7.999999999999992895, 23.10000000000000853 ) ) ;
#4003 = ADVANCED_FACE ( 'NONE', ( #6292 ), #725, .F. ) ;
#4004 = ORIENTED_EDGE ( 'NONE', *, *, #8120, .T. ) ;
#4005 = ORIENTED_EDGE ( 'NONE', *, *, #7368, .T. ) ;
#4006 = VERTEX_POINT ( 'NONE', #6386 ) ;
#4007 = CARTESIAN_POINT ( 'NONE',  ( -22.96368532365237769, -12.68377223143208887, -1.227924077144022297 ) ) ;
#4008 = CARTESIAN_POINT ( 'NONE',  ( 2.523636507233421256, 14.32039042085528280, -13.99999999999999822 ) ) ;
#4009 = CARTESIAN_POINT ( 'NONE',  ( 22.62499999999999645, 11.99999999999999645, 0.8672861625754167969 ) ) ;
#4010 = FACE_OUTER_BOUND ( 'NONE', #762, .T. ) ;
#4011 = ADVANCED_FACE ( 'NONE', ( #3572 ), #7677, .F. ) ;
#4012 = DIRECTION ( 'NONE',  ( -0.000000000000000000, -0.000000000000000000, 1.000000000000000000 ) ) ;
#4013 = CARTESIAN_POINT ( 'NONE',  ( 24.15746495181240050, -11.69997307742944237, 0.9376401327063176305 ) ) ;
#4014 = DIRECTION ( 'NONE',  ( -2.478176394252581634E-16, 0.000000000000000000, 1.000000000000000000 ) ) ;
#4015 = ADVANCED_FACE ( 'NONE', ( #6987 ), #5723, .F. ) ;
#4016 = VERTEX_POINT ( 'NONE', #6433 ) ;
#4017 = ORIENTED_EDGE ( 'NONE', *, *, #3715, .T. ) ;
#4018 = ORIENTED_EDGE ( 'NONE', *, *, #7848, .T. ) ;
#4019 = CARTESIAN_POINT ( 'NONE',  ( 8.624999999999992895, 12.99999999999999645, 5.147263975624272985E-15 ) ) ;
#4020 = EDGE_CURVE ( 'NONE', #7357, #8700, #8719, .T. ) ;
#4021 = DIRECTION ( 'NONE',  ( -1.000000000000000000, 0.000000000000000000, -1.765621858500567205E-16 ) ) ;
#4022 = CYLINDRICAL_SURFACE ( 'NONE', #5958, 1.834999999999999742 ) ;
#4023 = CARTESIAN_POINT ( 'NONE',  ( -14.53289302001722838, -2.599999999999995648, -29.29999999999998650 ) ) ;
#4024 = LINE ( 'NONE', #3980, #7643 ) ;
#4025 = EDGE_CURVE ( 'NONE', #5931, #4545, #44, .T. ) ;
#4026 = EDGE_LOOP ( 'NONE', ( #6525, #715, #5887, #3595, #8470, #7510, #4320, #5184, #6341, #3094, #6606, #6502, #3149 ) ) ;
#4027 = EDGE_CURVE ( 'NONE', #4006, #350, #3427, .T. ) ;
#4028 = ORIENTED_EDGE ( 'NONE', *, *, #5110, .F. ) ;
#4029 = VECTOR ( 'NONE', #6411, 1000.000000000000000 ) ;
#4030 = DIRECTION ( 'NONE',  ( 0.000000000000000000, 0.000000000000000000, -1.000000000000000000 ) ) ;
#4031 = PLANE ( 'NONE',  #7918 ) ;
#4032 = DIRECTION ( 'NONE',  ( 0.7071067811865524577, -0.7071067811865426878, 0.000000000000000000 ) ) ;
#4033 = CARTESIAN_POINT ( 'NONE',  ( -16.57500000000001350, 5.250000000000000000, 23.10000000000001208 ) ) ;
#4034 = CYLINDRICAL_SURFACE ( 'NONE', #5618, 2.000000000000001776 ) ;
#4035 = VECTOR ( 'NONE', #6553, 1000.000000000000000 ) ;
#4036 = ORIENTED_EDGE ( 'NONE', *, *, #5106, .F. ) ;
#4037 = EDGE_LOOP ( 'NONE', ( #6226, #397, #5923, #4827 ) ) ;
#4038 = EDGE_LOOP ( 'NONE', ( #4227, #1831, #6329, #384, #2503, #6296, #2639, #7954 ) ) ;
#4039 = B_SPLINE_CURVE_WITH_KNOTS ( 'NONE', 3,
 ( #6234, #1326, #8359, #9158, #4958, #5565, #2764, #7156 ),
 .UNSPECIFIED., .F., .F.,
 ( 4, 2, 2, 4 ),
 ( 0.000000000000000000, 0.003262527695790461580, 0.006525055391580923160, 0.01305011078316185846 ),
 .UNSPECIFIED. ) ;
#4040 = DIRECTION ( 'NONE',  ( 0.000000000000000000, -0.9486832980505135460, 0.3162277660168385518 ) ) ;
#4041 = CARTESIAN_POINT ( 'NONE',  ( 7.675000000000007816, -7.100000000000003197, -36.29999999999998295 ) ) ;
#4042 = DIRECTION ( 'NONE',  ( 1.765621858500567205E-16, 0.000000000000000000, -1.000000000000000000 ) ) ;
#4043 = CARTESIAN_POINT ( 'NONE',  ( 7.675000000000007816, -2.599999999999995648, -36.29999999999998295 ) ) ;
#4044 = EDGE_CURVE ( 'NONE', #6213, #6401, #7770, .T. ) ;
#4045 = UNCERTAINTY_MEASURE_WITH_UNIT (LENGTH_MEASURE( 1.000000000000000082E-05 ), #2522, 'distance_accuracy_value', 'NONE');
#4046 = CARTESIAN_POINT ( 'NONE',  ( -25.54054415919492982, -11.75032004146288855, -0.9167733471542871548 ) ) ;
#4047 = ORIENTED_EDGE ( 'NONE', *, *, #1615, .T. ) ;
#4048 = ORIENTED_EDGE ( 'NONE', *, *, #2602, .F. ) ;
#4049 = ADVANCED_FACE ( 'NONE', ( #632 ), #1980, .T. ) ;
#4050 = CARTESIAN_POINT ( 'NONE',  ( -26.48993482744619854, -8.979899622083806321, 0.9335664954569944385 ) ) ;
#4051 = AXIS2_PLACEMENT_3D ( 'NONE', #5834, #2061, #4244 ) ;
#4052 = DIRECTION ( 'NONE',  ( -1.765621858500567205E-16, -0.000000000000000000, 1.000000000000000000 ) ) ;
#4053 = CARTESIAN_POINT ( 'NONE',  ( 26.62499999999999645, -7.999999999999994671, 1.000000000000004441 ) ) ;
#4054 = CARTESIAN_POINT ( 'NONE',  ( -15.68237869131492168, -14.98895488141518584, -3.999999999999996447 ) ) ;
#4055 = LINE ( 'NONE', #3450, #6656 ) ;
#4056 = CARTESIAN_POINT ( 'NONE',  ( 26.62499999999998934, -7.999999999999994671, 23.10000000000002274 ) ) ;
#4057 = VECTOR ( 'NONE', #2321, 1000.000000000000000 ) ;
#4058 = DIRECTION ( 'NONE',  ( -1.000000000000000000, -0.000000000000000000, -2.881657216719182496E-16 ) ) ;
#4059 = EDGE_LOOP ( 'NONE', ( #9185, #846 ) ) ;
#4060 = ORIENTED_EDGE ( 'NONE', *, *, #146, .F. ) ;
#4061 = VECTOR ( 'NONE', #3289, 1000.000000000000000 ) ;
#4062 = EDGE_LOOP ( 'NONE', ( #1723, #2668, #2910, #5289 ) ) ;
#4063 = CARTESIAN_POINT ( 'NONE',  ( 8.282295850159680839, 14.91516259938647693, -25.00000000000000000 ) ) ;
#4064 = ADVANCED_FACE ( 'NONE', ( #5016 ), #6337, .F. ) ;
#4065 = CARTESIAN_POINT ( 'NONE',  ( -26.62500000000001066, 2.624999999999995559, 27.64663336986831155 ) ) ;
#4066 = CARTESIAN_POINT ( 'NONE',  ( -12.07775100597418039, 12.10000000000000675, -35.58940280389291644 ) ) ;
#4067 = DIRECTION ( 'NONE',  ( -0.000000000000000000, 0.000000000000000000, 1.000000000000000000 ) ) ;
#4068 = DIRECTION ( 'NONE',  ( -0.000000000000000000, 0.000000000000000000, -1.000000000000000000 ) ) ;
#4069 = VECTOR ( 'NONE', #2846, 999.9999999999998863 ) ;
#4070 = CARTESIAN_POINT ( 'NONE',  ( -22.57500000000001705, 0.000000000000000000, 23.10000000000000853 ) ) ;
#4071 = ORIENTED_EDGE ( 'NONE', *, *, #3574, .T. ) ;
#4072 = ORIENTED_EDGE ( 'NONE', *, *, #8196, .T. ) ;
#4073 = CARTESIAN_POINT ( 'NONE',  ( -23.57499999999998863, 8.000000000000000000, -30.13015151901649347 ) ) ;
#4074 = CARTESIAN_POINT ( 'NONE',  ( -16.57500000000001350, -2.624999999999998668, 16.55336663013170195 ) ) ;
#4075 = CARTESIAN_POINT ( 'NONE',  ( -4.575000000000037481, -7.200000000000004619, -13.04999999999999893 ) ) ;
#4076 = CARTESIAN_POINT ( 'NONE',  ( -17.29264573336427091, -14.99291452750210141, -37.21682414284655493 ) ) ;
#4077 = DIRECTION ( 'NONE',  ( 1.000000000000000000, 0.000000000000000000, 0.000000000000000000 ) ) ;
#4078 = EDGE_CURVE ( 'NONE', #359, #1983, #4606, .T. ) ;
#4079 = EDGE_LOOP ( 'NONE', ( #1637, #5568, #3129, #8607 ) ) ;
#4080 = EDGE_LOOP ( 'NONE', ( #2563, #1236 ) ) ;
#4081 = ORIENTED_EDGE ( 'NONE', *, *, #2750, .T. ) ;
#4082 = ORIENTED_EDGE ( 'NONE', *, *, #6002, .F. ) ;
#4083 = VECTOR ( 'NONE', #5596, 1000.000000000000000 ) ;
#4084 = LINE ( 'NONE', #3996, #7834 ) ;
#4085 = LINE ( 'NONE', #5539, #1947 ) ;
#4086 = DIRECTION ( 'NONE',  ( 2.881657216719182496E-16, 7.509625437129028195E-17, -1.000000000000000000 ) ) ;
#4087 = CIRCLE ( 'NONE', #4381, 11.99999999999999467 ) ;
#4088 = CARTESIAN_POINT ( 'NONE',  ( -25.67499999999998650, 8.000000000000000000, -30.13015151901649347 ) ) ;
#4089 = ORIENTED_EDGE ( 'NONE', *, *, #5099, .F. ) ;
#4090 = ORIENTED_EDGE ( 'NONE', *, *, #3285, .T. ) ;
#4091 = CARTESIAN_POINT ( 'NONE',  ( -26.25632916295234054, -9.746094682312429924, -0.2486982274375437174 ) ) ;
#4092 = CARTESIAN_POINT ( 'NONE',  ( -18.45487324279418928, -14.99821716673800509, -37.27720088795381770 ) ) ;
#4093 = CARTESIAN_POINT ( 'NONE',  ( -0.07098521412679612008, 19.28421494571414030, -25.00000000000000000 ) ) ;
#4094 = CARTESIAN_POINT ( 'NONE',  ( 17.62499999999998934, 0.000000000000000000, 23.10000000000001918 ) ) ;
#4095 = CARTESIAN_POINT ( 'NONE',  ( -22.57726411104222208, 3.302433966182222846, 22.57569511865128220 ) ) ;
#4096 = DIRECTION ( 'NONE',  ( 0.000000000000000000, 0.000000000000000000, 1.000000000000000000 ) ) ;
#4097 = PLANE ( 'NONE',  #3556 ) ;
#4098 = AXIS2_PLACEMENT_3D ( 'NONE', #7199, #3735, #2950 ) ;
#4099 = ORIENTED_EDGE ( 'NONE', *, *, #6423, .T. ) ;
#4100 = VERTEX_POINT ( 'NONE', #2779 ) ;
#4101 = ORIENTED_EDGE ( 'NONE', *, *, #6293, .T. ) ;
#4102 = B_SPLINE_CURVE_WITH_KNOTS ( 'NONE', 3,
 ( #4551, #920, #6626, #8757, #2372, #1662, #4503, #7410 ),
 .UNSPECIFIED., .F., .F.,
 ( 4, 2, 2, 4 ),
 ( 2.797441715884729423E-07, 0.0003828889238479028659, 0.0007654981035242172833, 0.001530716462876848070 ),
 .UNSPECIFIED. ) ;
#4103 = FACE_OUTER_BOUND ( 'NONE', #3411, .T. ) ;
#4104 = AXIS2_PLACEMENT_3D ( 'NONE', #5728, #7264, #3579 ) ;
#4105 = CYLINDRICAL_SURFACE ( 'NONE', #6695, 6.999999999999999112 ) ;
#4106 = CARTESIAN_POINT ( 'NONE',  ( 18.55986236122783950, 12.95899549045727994, -24.78275314810725050 ) ) ;
#4107 = CARTESIAN_POINT ( 'NONE',  ( 5.469611402389620736, 12.10000000000000675, -30.94698572586898422 ) ) ;
#4108 = FACE_OUTER_BOUND ( 'NONE', #7499, .T. ) ;
#4109 = AXIS2_PLACEMENT_3D ( 'NONE', #2383, #7420, #1119 ) ;
#4110 = LINE ( 'NONE', #9, #4849 ) ;
#4111 = DIRECTION ( 'NONE',  ( 1.000000000000000000, 0.000000000000000000, 1.765621858500567205E-16 ) ) ;
#4112 = ADVANCED_FACE ( 'NONE', ( #9218 ), #2828, .F. ) ;
#4113 = VERTEX_POINT ( 'NONE', #7815 ) ;
#4114 = EDGE_LOOP ( 'NONE', ( #5345, #9194, #8867, #6790 ) ) ;
#4115 = FACE_OUTER_BOUND ( 'NONE', #1239, .T. ) ;
#4116 = CARTESIAN_POINT ( 'NONE',  ( -24.64286387438665926, -7.572323063075421246, 9.177109940973128488 ) ) ;
#4117 = CARTESIAN_POINT ( 'NONE',  ( -13.57500000000000995, -14.25802513008863670, -1.752675043362871055 ) ) ;
#4118 = DIRECTION ( 'NONE',  ( 2.881657216719182496E-16, 0.000000000000000000, -1.000000000000000000 ) ) ;
#4119 = CARTESIAN_POINT ( 'NONE',  ( -26.63704962331287973, 7.664555726090361176, 0.4451480913032230813 ) ) ;
#4120 = DIRECTION ( 'NONE',  ( 0.7071067811865675568, 0.000000000000000000, 0.7071067811865274777 ) ) ;
#4121 = EDGE_CURVE ( 'NONE', #4604, #2537, #4663, .T. ) ;
#4122 = VERTEX_POINT ( 'NONE', #5063 ) ;
#4123 = ORIENTED_EDGE ( 'NONE', *, *, #554, .T. ) ;
#4124 = ORIENTED_EDGE ( 'NONE', *, *, #8416, .F. ) ;
#4126 = EDGE_CURVE ( 'NONE', #6969, #6889, #4205, .T. ) ;
#4125 = VERTEX_POINT ( 'NONE', #6617 ) ;
#4127 = B_SPLINE_CURVE_WITH_KNOTS ( 'NONE', 3,
 ( #5059, #7900, #5902, #4347, #6565, #2262 ),
 .UNSPECIFIED., .F., .F.,
 ( 4, 2, 4 ),
 ( 0.1153086141205881127, 0.5041822430632247887, 0.8469001093288095472 ),
 .UNSPECIFIED. ) ;
#4128 = CARTESIAN_POINT ( 'NONE',  ( -10.37500000000000178, 14.88096929338442109, -4.000000000000000000 ) ) ;
#4129 = DIRECTION ( 'NONE',  ( -1.000000000000000000, 0.000000000000000000, 0.000000000000000000 ) ) ;
#4130 = EDGE_CURVE ( 'NONE', #4483, #95, #5155, .T. ) ;
#4131 = PLANE ( 'NONE',  #6612 ) ;
#4132 = EDGE_CURVE ( 'NONE', #3198, #406, #5722, .T. ) ;
#4133 = PLANE ( 'NONE',  #1999 ) ;
#4134 = CARTESIAN_POINT ( 'NONE',  ( 12.67500000000000604, 10.10000000000000142, -29.70912988879060279 ) ) ;
#4135 = EDGE_LOOP ( 'NONE', ( #7681, #5443, #6250, #2686 ) ) ;
#4136 = ORIENTED_EDGE ( 'NONE', *, *, #6492, .F. ) ;
#4137 = VECTOR ( 'NONE', #3028, 1000.000000000000000 ) ;
#4138 = EDGE_CURVE ( 'NONE', #141, #1494, #1094, .T. ) ;
#4139 = CARTESIAN_POINT ( 'NONE',  ( 22.82263458254879396, 11.99999999999999645, 0.8505596004202935490 ) ) ;
#4140 = CARTESIAN_POINT ( 'NONE',  ( 5.029014785873203053, 17.98421494571413604, -15.00000000000000000 ) ) ;
#4141 = VECTOR ( 'NONE', #6806, 1000.000000000000000 ) ;
#4142 = PLANE ( 'NONE',  #4487 ) ;
#4143 = CARTESIAN_POINT ( 'NONE',  ( -10.17224623924378513, -14.87568846737827144, -3.999999999999996447 ) ) ;
#4144 = CARTESIAN_POINT ( 'NONE',  ( -22.60640312694456000, 4.247899120829496056, 21.36423295541333900 ) ) ;
#4145 = DIRECTION ( 'NONE',  ( -2.164016633576081161E-32, 1.000000000000000000, 7.509625437129028195E-17 ) ) ;
#4146 = DIRECTION ( 'NONE',  ( 3.003850174851611278E-16, 7.509625437129028195E-17, -1.000000000000000000 ) ) ;
#4147 = VECTOR ( 'NONE', #8681, 1000.000000000000000 ) ;
#4148 = ORIENTED_EDGE ( 'NONE', *, *, #4572, .T. ) ;
#4149 = VERTEX_POINT ( 'NONE', #7213 ) ;
#4150 = ORIENTED_EDGE ( 'NONE', *, *, #7710, .T. ) ;
#4151 = DIRECTION ( 'NONE',  ( 1.000000000000000000, -0.000000000000000000, 2.881657216719182496E-16 ) ) ;
#4152 = DIRECTION ( 'NONE',  ( 2.164016633576080887E-32, 1.000000000000000000, -7.509625437129028195E-17 ) ) ;
#4153 = CARTESIAN_POINT ( 'NONE',  ( -22.57500000000001705, -2.625000000000002220, 25.64663336986830799 ) ) ;
#4154 = DIRECTION ( 'NONE',  ( -1.334402673828310480E-15, -1.000000000000000000, 0.000000000000000000 ) ) ;
#4155 = CARTESIAN_POINT ( 'NONE',  ( -24.44989154727508662, -14.32379000772444222, -1.774596669241474745 ) ) ;
#4156 = CARTESIAN_POINT ( 'NONE',  ( 12.22901478587320234, 19.28421494571414030, -25.00000000000000000 ) ) ;
#4157 = DIRECTION ( 'NONE',  ( 1.765621858500567205E-16, 0.000000000000000000, -1.000000000000000000 ) ) ;
#4158 = EDGE_CURVE ( 'NONE', #5829, #951, #3484, .T. ) ;
#4159 = ORIENTED_EDGE ( 'NONE', *, *, #1216, .F. ) ;
#4160 = ADVANCED_FACE ( 'NONE', ( #1701 ), #815, .T. ) ;
#4161 = ORIENTED_EDGE ( 'NONE', *, *, #3770, .T. ) ;
#4162 = CARTESIAN_POINT ( 'NONE',  ( -22.89712706023620470, -0.8882946088938040718, 17.55295425654984953 ) ) ;
#4163 = DIRECTION ( 'NONE',  ( 1.000000000000000000, 0.000000000000000000, 2.881657216719182496E-16 ) ) ;
#4164 = FACE_OUTER_BOUND ( 'NONE', #4520, .T. ) ;
#4165 = DIRECTION ( 'NONE',  ( 1.000000000000000000, 0.000000000000000000, 2.881657216719182496E-16 ) ) ;
#4166 = EDGE_CURVE ( 'NONE', #7712, #4783, #6523, .T. ) ;
#4167 = FACE_OUTER_BOUND ( 'NONE', #7839, .T. ) ;
#4168 = CARTESIAN_POINT ( 'NONE',  ( -22.61413842740328306, -5.767879397350162307, 21.16381966209599241 ) ) ;
#4169 = PLANE ( 'NONE',  #5172 ) ;
#4170 = VERTEX_POINT ( 'NONE', #6708 ) ;
#4171 = VERTEX_POINT ( 'NONE', #2265 ) ;
#4172 = EDGE_LOOP ( 'NONE', ( #3617, #2511 ) ) ;
#4173 = VERTEX_POINT ( 'NONE', #208 ) ;
#4174 = CARTESIAN_POINT ( 'NONE',  ( 9.010819090633892969, -11.10000000000000142, -29.29999999999999005 ) ) ;
#4175 = DIRECTION ( 'NONE',  ( -1.000000000000000000, 0.000000000000000000, -3.469446951953614189E-16 ) ) ;
#4176 = CARTESIAN_POINT ( 'NONE',  ( 10.81812077838098674, 14.70904383310137753, -15.00000000000000000 ) ) ;
#4177 = DIRECTION ( 'NONE',  ( -1.000000000000000000, 0.000000000000000000, -3.469446951953614189E-16 ) ) ;
#4178 = AXIS2_PLACEMENT_3D ( 'NONE', #5620, #2070, #4915 ) ;
#4179 = CARTESIAN_POINT ( 'NONE',  ( 15.12499999999998579, 8.572527594031474176E-16, 30.10000000000002274 ) ) ;
#4180 = ORIENTED_EDGE ( 'NONE', *, *, #3089, .T. ) ;
#4181 = VECTOR ( 'NONE', #5972, 1000.000000000000000 ) ;
#4182 = ORIENTED_EDGE ( 'NONE', *, *, #8627, .F. ) ;
#4183 = VECTOR ( 'NONE', #906, 1000.000000000000000 ) ;
#4184 = CARTESIAN_POINT ( 'NONE',  ( -26.58130259014061281, -7.999999999999996447, 1.321357987355051389 ) ) ;
#4185 = CARTESIAN_POINT ( 'NONE',  ( -22.58305295106123722, -3.452484088230071801, 22.21335582036242329 ) ) ;
#4186 = LINE ( 'NONE', #5080, #2310 ) ;
#4187 = DIRECTION ( 'NONE',  ( 0.000000000000000000, 0.000000000000000000, 1.000000000000000000 ) ) ;
#4188 = CARTESIAN_POINT ( 'NONE',  ( -22.57500000000002416, 3.249999999999996447, 22.83900980909182366 ) ) ;
#4189 = EDGE_CURVE ( 'NONE', #5455, #2742, #6466, .T. ) ;
#4190 = DIRECTION ( 'NONE',  ( -1.000000000000000000, 0.000000000000000000, 0.000000000000000000 ) ) ;
#4191 = ADVANCED_FACE ( 'NONE', ( #5251, #300 ), #3054, .F. ) ;
#4192 = FACE_OUTER_BOUND ( 'NONE', #7600, .T. ) ;
#4193 = VERTEX_POINT ( 'NONE', #3010 ) ;
#4194 = ORIENTED_EDGE ( 'NONE', *, *, #8107, .F. ) ;
#4195 = VECTOR ( 'NONE', #8996, 1000.000000000000000 ) ;
#4196 = VERTEX_POINT ( 'NONE', #3147 ) ;
#4197 = DIRECTION ( 'NONE',  ( 1.000000000000000000, -9.221531102568233694E-32, 0.000000000000000000 ) ) ;
#4198 = PLANE ( 'NONE',  #6247 ) ;
#4199 = CARTESIAN_POINT ( 'NONE',  ( -26.62206294398554007, 9.039307291334404582, 0.4090886241134754076 ) ) ;
#4200 = CARTESIAN_POINT ( 'NONE',  ( 7.129014785873204474, 19.28421494571414030, -25.00000000000000000 ) ) ;
#4201 = FACE_OUTER_BOUND ( 'NONE', #7909, .T. ) ;
#4202 = CARTESIAN_POINT ( 'NONE',  ( 9.546225644514768405, 13.81566563497296407, -15.00000000000000000 ) ) ;
#4203 = VECTOR ( 'NONE', #9038, 1000.000000000000000 ) ;
#4204 = CARTESIAN_POINT ( 'NONE',  ( 26.62500000000000000, 7.999999999999996447, -12.03976285529074630 ) ) ;
#4205 = CIRCLE ( 'NONE', #7940, 2.000000000000001776 ) ;
#4206 = ORIENTED_EDGE ( 'NONE', *, *, #3958, .F. ) ;
#4207 = ORIENTED_EDGE ( 'NONE', *, *, #7114, .F. ) ;
#4208 = DIRECTION ( 'NONE',  ( 1.090688100681365123E-15, -0.7071067811865464625, -0.7071067811865486830 ) ) ;
#4209 = EDGE_CURVE ( 'NONE', #6504, #9011, #1817, .T. ) ;
#4210 = CARTESIAN_POINT ( 'NONE',  ( -26.62500000000001066, 2.624999999999995559, 26.59663336986831794 ) ) ;
#4211 = DIRECTION ( 'NONE',  ( -1.765621858500567205E-16, -8.587739980083203670E-17, 1.000000000000000000 ) ) ;
#4212 = AXIS2_PLACEMENT_3D ( 'NONE', #2585, #5432, #8269 ) ;
#4213 = CARTESIAN_POINT ( 'NONE',  ( 19.90166607170690938, -11.87823058962852940, -24.88088807945116088 ) ) ;
#4214 = CARTESIAN_POINT ( 'NONE',  ( 13.16965708596492490, 13.49610295378894342, -26.00000000000000355 ) ) ;
#4215 = CARTESIAN_POINT ( 'NONE',  ( -22.71502485562535867, 4.423496654290675068, 19.43799272330013395 ) ) ;
#4216 = DIRECTION ( 'NONE',  ( 0.000000000000000000, 0.000000000000000000, -1.000000000000000000 ) ) ;
#4217 = SHAPE_DEFINITION_REPRESENTATION ( #152, #1323 ) ;
#4218 = ORIENTED_EDGE ( 'NONE', *, *, #2801, .T. ) ;
#4219 = EDGE_LOOP ( 'NONE', ( #1225, #7174, #2032, #6125 ) ) ;
#4220 = ORIENTED_EDGE ( 'NONE', *, *, #1971, .T. ) ;
#4221 = ORIENTED_EDGE ( 'NONE', *, *, #4189, .T. ) ;
#4222 = CARTESIAN_POINT ( 'NONE',  ( -10.37500000000000888, 14.47596703200235169, -2.226950543191622334 ) ) ;
#4223 = CARTESIAN_POINT ( 'NONE',  ( -14.53289302001722838, 2.599999999999987654, -37.09999999999998721 ) ) ;
#4224 = CARTESIAN_POINT ( 'NONE',  ( 5.029014785873203053, 17.98421494571413604, -25.00000000000000000 ) ) ;
#4225 = FACE_OUTER_BOUND ( 'NONE', #4114, .T. ) ;
#4226 = EDGE_CURVE ( 'NONE', #371, #3386, #4542, .T. ) ;
#4227 = ORIENTED_EDGE ( 'NONE', *, *, #8610, .T. ) ;
#4228 = ORIENTED_EDGE ( 'NONE', *, *, #3038, .T. ) ;
#4229 = CARTESIAN_POINT ( 'NONE',  ( -25.98550289468592212, -11.38925323846377502, -0.7964177461545837167 ) ) ;
#4230 = CARTESIAN_POINT ( 'NONE',  ( -22.57762620140924881, -3.313754815810148191, 22.58240209971663504 ) ) ;
#4231 = DIRECTION ( 'NONE',  ( 1.000000000000000000, -0.000000000000000000, 2.881657216719182496E-16 ) ) ;
#4232 = PRESENTATION_LAYER_ASSIGNMENT (  '', '', ( #68 ) ) ;
#4233 = CARTESIAN_POINT ( 'NONE',  ( 20.62499999999998934, 2.624999999999998668, 18.55336663013172327 ) ) ;
#4234 = EDGE_CURVE ( 'NONE', #4905, #2850, #2435, .T. ) ;
#4235 = CYLINDRICAL_SURFACE ( 'NONE', #3225, 1.049999999999995381 ) ;
#4236 = EDGE_CURVE ( 'NONE', #9151, #4568, #8313, .T. ) ;
#4237 = CARTESIAN_POINT ( 'NONE',  ( 10.91052012100197111, -12.25059632237617713, 0.3261038174236941534 ) ) ;
#4238 = VERTEX_POINT ( 'NONE', #6186 ) ;
#4239 = ORIENTED_EDGE ( 'NONE', *, *, #6423, .F. ) ;
#4240 = EDGE_LOOP ( 'NONE', ( #4890, #3714, #1960, #9034 ) ) ;
#4241 = CARTESIAN_POINT ( 'NONE',  ( 4.329014785873203763, 14.78421494571413852, -25.00000000000000000 ) ) ;
#4242 = DIRECTION ( 'NONE',  ( 1.675015967832395207E-16, 0.3162277660168386073, -0.9486832980505136570 ) ) ;
#4243 = CARTESIAN_POINT ( 'NONE',  ( 8.282295850159680839, 14.91516259938647693, -25.00000000000000000 ) ) ;
#4244 = DIRECTION ( 'NONE',  ( 0.000000000000000000, 0.000000000000000000, -1.000000000000000000 ) ) ;
#4245 = EDGE_CURVE ( 'NONE', #733, #1444, #5709, .T. ) ;
#4246 = CARTESIAN_POINT ( 'NONE',  ( -1.122604028082864192, 14.52279140376062649, -13.99999999999999822 ) ) ;
#4247 = EDGE_CURVE ( 'NONE', #1679, #4878, #6099, .T. ) ;
#4248 = CARTESIAN_POINT ( 'NONE',  ( 9.627731881091571964, 14.81235149570611576, -15.00000000000000000 ) ) ;
#4249 = CIRCLE ( 'NONE', #2040, 1.000000000000000000 ) ;
#4250 = FACE_OUTER_BOUND ( 'NONE', #5088, .T. ) ;
#4251 = FACE_OUTER_BOUND ( 'NONE', #8178, .T. ) ;
#4252 = VECTOR ( 'NONE', #6066, 1000.000000000000000 ) ;
#4253 = ORIENTED_EDGE ( 'NONE', *, *, #1415, .T. ) ;
#4254 = ORIENTED_EDGE ( 'NONE', *, *, #6500, .T. ) ;
#4255 = CARTESIAN_POINT ( 'NONE',  ( -19.62499999999999645, -15.00000000000000000, -19.99999999999999289 ) ) ;
#4256 = AXIS2_PLACEMENT_3D ( 'NONE', #5179, #2984, #5841 ) ;
#4257 = CARTESIAN_POINT ( 'NONE',  ( -14.96738962843980758, 14.97172528884706288, -37.01050788596694474 ) ) ;
#4258 = FACE_OUTER_BOUND ( 'NONE', #5747, .T. ) ;
#4259 = CARTESIAN_POINT ( 'NONE',  ( -3.105511449717897943, -13.63789767402077224, -35.75011292574657773 ) ) ;
#4260 = DIRECTION ( 'NONE',  ( 1.000000000000000000, 0.000000000000000000, 2.881657216719182003E-16 ) ) ;
#4261 = VECTOR ( 'NONE', #3294, 1000.000000000000000 ) ;
#4262 = CARTESIAN_POINT ( 'NONE',  ( -21.05653770288402882, 8.434924871185867090, -35.79999999999999005 ) ) ;
#4263 = CARTESIAN_POINT ( 'NONE',  ( -13.57500000000001172, -8.768250222726479137, 6.088209185381284527 ) ) ;
#4264 = CIRCLE ( 'NONE', #3526, 2.000000000000001776 ) ;
#4265 = ORIENTED_EDGE ( 'NONE', *, *, #4166, .T. ) ;
#4266 = ORIENTED_EDGE ( 'NONE', *, *, #526, .T. ) ;
#4267 = ORIENTED_EDGE ( 'NONE', *, *, #4234, .T. ) ;
#4268 = ORIENTED_EDGE ( 'NONE', *, *, #6985, .F. ) ;
#4269 = DIRECTION ( 'NONE',  ( 1.000000000000000000, 0.000000000000000000, 0.000000000000000000 ) ) ;
#4270 = CARTESIAN_POINT ( 'NONE',  ( 25.72204213933581940, 12.11657782259062266, -13.21276241932221929 ) ) ;
#4271 = CARTESIAN_POINT ( 'NONE',  ( 22.58570401745162926, 11.99999999999999645, 0.2869032494204900030 ) ) ;
#4272 = AXIS2_PLACEMENT_3D ( 'NONE', #6874, #5991, #2395 ) ;
#4273 = CARTESIAN_POINT ( 'NONE',  ( -24.49373389049654648, -7.999999999999996447, 9.678233104402590214 ) ) ;
#4274 = ORIENTED_EDGE ( 'NONE', *, *, #862, .T. ) ;
#4275 = ORIENTED_EDGE ( 'NONE', *, *, #4636, .F. ) ;
#4276 = EDGE_CURVE ( 'NONE', #5410, #6392, #4024, .T. ) ;
#4277 = CARTESIAN_POINT ( 'NONE',  ( 22.11226431117475499, 11.63897299620245462, -22.79028448350985414 ) ) ;
#4278 = CARTESIAN_POINT ( 'NONE',  ( -13.81139126692113805, -14.95487009742796403, -36.86560697003816500 ) ) ;
#4279 = CARTESIAN_POINT ( 'NONE',  ( -11.07500000000001705, 5.250000000000000000, 22.05000000000001492 ) ) ;
#4280 = LINE ( 'NONE', #7143, #5344 ) ;
#4281 = ADVANCED_FACE ( 'NONE', ( #4588, #4769, #4724 ), #1839, .F. ) ;
#4282 = CARTESIAN_POINT ( 'NONE',  ( 12.22901478587320234, 18.28421494571414030, -15.00000000000000000 ) ) ;
#4283 = AXIS2_PLACEMENT_3D ( 'NONE', #3316, #9006, #7696 ) ;
#4284 = DIRECTION ( 'NONE',  ( 1.000000000000000000, 0.000000000000000000, 0.000000000000000000 ) ) ;
#4285 = CIRCLE ( 'NONE', #4736, 2.000000000000001776 ) ;
#4286 = EDGE_LOOP ( 'NONE', ( #8048, #37, #1655, #7953, #6638, #6685, #8759, #6639 ) ) ;
#4287 = VERTEX_POINT ( 'NONE', #6887 ) ;
#4288 = EDGE_LOOP ( 'NONE', ( #6924, #4771, #4782, #6877, #3333 ) ) ;
#4289 = DIRECTION ( 'NONE',  ( 0.7806247497997996776, -0.6249999999999998890, 0.000000000000000000 ) ) ;
#4290 = CARTESIAN_POINT ( 'NONE',  ( -11.07500000000001705, 0.000000000000000000, 23.10000000000001208 ) ) ;
#4291 = EDGE_CURVE ( 'NONE', #3913, #7088, #8159, .T. ) ;
#4292 = CARTESIAN_POINT ( 'NONE',  ( -26.62499999999999645, 10.67871917582953323, -0.5595730586098358605 ) ) ;
#4293 = AXIS2_PLACEMENT_3D ( 'NONE', #7387, #8034, #4436 ) ;
#4294 = LINE ( 'NONE', #7154, #2071 ) ;
#4295 = CARTESIAN_POINT ( 'NONE',  ( -23.02445639404654187, -2.757473497370383164, 16.55336663013170195 ) ) ;
#4296 = AXIS2_PLACEMENT_3D ( 'NONE', #9156, #1965, #8267 ) ;
#4297 = PLANE ( 'NONE',  #8984 ) ;
#4298 = EDGE_CURVE ( 'NONE', #6801, #4453, #9019, .T. ) ;
#4299 = FACE_OUTER_BOUND ( 'NONE', #3972, .T. ) ;
#4300 = EDGE_LOOP ( 'NONE', ( #7099, #2244, #8849, #7682 ) ) ;
#4301 = CARTESIAN_POINT ( 'NONE',  ( -22.57554727908818748, 7.237010599822087720, 22.83781328052168291 ) ) ;
#4302 = CARTESIAN_POINT ( 'NONE',  ( -22.93551974485752254, -1.116908859365769002, 17.23327459680585250 ) ) ;
#4303 = CARTESIAN_POINT ( 'NONE',  ( 24.97526552109794906, 12.21129302254747628, -16.63555032930892708 ) ) ;
#4304 = CARTESIAN_POINT ( 'NONE',  ( -23.16053390593261696, -7.900000000000000355, -10.53553390593271288 ) ) ;
#4305 = PLANE ( 'NONE',  #2517 ) ;
#4306 = CARTESIAN_POINT ( 'NONE',  ( 2.523597582109471382, 14.32039303762954319, -25.00000000000000000 ) ) ;
#4307 = CARTESIAN_POINT ( 'NONE',  ( -23.01701222997095186, 3.152949541701191460, 16.60676691396146865 ) ) ;
#4308 = DIRECTION ( 'NONE',  ( 0.000000000000000000, 0.000000000000000000, -1.000000000000000000 ) ) ;
#4309 = EDGE_CURVE ( 'NONE', #3947, #6391, #5299, .T. ) ;
#4310 = ADVANCED_FACE ( 'NONE', ( #2451 ), #3933, .T. ) ;
#4311 = ORIENTED_EDGE ( 'NONE', *, *, #4298, .T. ) ;
#4312 = ORIENTED_EDGE ( 'NONE', *, *, #6891, .T. ) ;
#4313 = VERTEX_POINT ( 'NONE', #2542 ) ;
#4314 = VERTEX_POINT ( 'NONE', #1234 ) ;
#4315 = LINE ( 'NONE', #734, #1872 ) ;
#4316 = CARTESIAN_POINT ( 'NONE',  ( 23.34369617841160505, 11.50064477179163447, -21.29587450074561161 ) ) ;
#4317 = PLANE ( 'NONE',  #190 ) ;
#4318 = CARTESIAN_POINT ( 'NONE',  ( -25.91713593385939163, -8.194083986671785169, 5.260524439187841850 ) ) ;
#4319 = ORIENTED_EDGE ( 'NONE', *, *, #3948, .T. ) ;
#4320 = ORIENTED_EDGE ( 'NONE', *, *, #3618, .F. ) ;
#4321 = CARTESIAN_POINT ( 'NONE',  ( 23.77825679652980639, 12.35968223302922198, 4.474389587294279056E-13 ) ) ;
#4322 = FACE_OUTER_BOUND ( 'NONE', #7559, .T. ) ;
#4323 = EDGE_CURVE ( 'NONE', #463, #774, #524, .T. ) ;
#4324 = LINE ( 'NONE', #9143, #9112 ) ;
#4325 = FACE_OUTER_BOUND ( 'NONE', #6943, .T. ) ;
#4326 = VECTOR ( 'NONE', #801, 1000.000000000000000 ) ;
#4327 = DIRECTION ( 'NONE',  ( 0.000000000000000000, 0.000000000000000000, -1.000000000000000000 ) ) ;
#4328 = EDGE_CURVE ( 'NONE', #7055, #8621, #8975, .T. ) ;
#4329 = CARTESIAN_POINT ( 'NONE',  ( 9.935967509843548484, -12.54588346612058380, 0.1012979495127127177 ) ) ;
#4330 = ORIENTED_EDGE ( 'NONE', *, *, #5137, .F. ) ;
#4331 = ORIENTED_EDGE ( 'NONE', *, *, #7596, .F. ) ;
#4332 = AXIS2_PLACEMENT_3D ( 'NONE', #5573, #9167, #8412 ) ;
#4333 = ORIENTED_EDGE ( 'NONE', *, *, #2323, .F. ) ;
#4334 = DIRECTION ( 'NONE',  ( -1.492235248152092278E-16, 5.222823368532323219E-16, 1.000000000000000000 ) ) ;
#4335 = CARTESIAN_POINT ( 'NONE',  ( 15.12499999999998934, 0.000000000000000000, 16.10000000000001918 ) ) ;
#4336 = DIRECTION ( 'NONE',  ( -1.000000000000000000, 0.000000000000000000, -2.881657216719182496E-16 ) ) ;
#4337 = CARTESIAN_POINT ( 'NONE',  ( -0.07239137861977101851, 15.46844551391894385, -15.00000000000000000 ) ) ;
#4338 = CARTESIAN_POINT ( 'NONE',  ( -22.92404523084628920, -4.224514394404613959, 17.32477965099811357 ) ) ;
#4339 = CARTESIAN_POINT ( 'NONE',  ( -26.62499999999998934, 10.10000000000000142, -33.09999999999998721 ) ) ;
#4340 = CARTESIAN_POINT ( 'NONE',  ( -0.07098521412679563436, 15.52145826415290308, -15.00000000000000000 ) ) ;
#4341 = ADVANCED_FACE ( 'NONE', ( #3244 ), #3885, .T. ) ;
#4342 = ORIENTED_EDGE ( 'NONE', *, *, #8237, .F. ) ;
#4343 = DIRECTION ( 'NONE',  ( 2.881657216719182496E-16, 0.000000000000000000, -1.000000000000000000 ) ) ;
#4344 = LINE ( 'NONE', #808, #7023 ) ;
#4345 = DIRECTION ( 'NONE',  ( 1.000000000000000000, -0.000000000000000000, 2.881657216719182496E-16 ) ) ;
#4346 = VECTOR ( 'NONE', #5058, 1000.000000000000000 ) ;
#4347 = CARTESIAN_POINT ( 'NONE',  ( -5.063168374800933513, -12.09999999999999964, -34.20981753406818626 ) ) ;
#4348 = CARTESIAN_POINT ( 'NONE',  ( 26.35624596674858466, -11.15270694122549422, -15.02176315454140898 ) ) ;
#4349 = DIRECTION ( 'NONE',  ( -0.9157875096611444166, 0.4016630891040889884, 0.000000000000000000 ) ) ;
#4350 = DIRECTION ( 'NONE',  ( 1.000000000000000000, -0.000000000000000000, 2.881657216719182496E-16 ) ) ;
#4351 = CARTESIAN_POINT ( 'NONE',  ( 12.18901840247108659, 11.99999999999999467, 0.8290548454781964116 ) ) ;
#4352 = ORIENTED_EDGE ( 'NONE', *, *, #7117, .T. ) ;
#4353 = ORIENTED_EDGE ( 'NONE', *, *, #1228, .T. ) ;
#4354 = EDGE_LOOP ( 'NONE', ( #1108, #214, #7236, #212 ) ) ;
#4355 = AXIS2_PLACEMENT_3D ( 'NONE', #2858, #5003, #2816 ) ;
#4356 = CARTESIAN_POINT ( 'NONE',  ( -24.08416730868038869, -7.100000000000003197, -36.29999999999999005 ) ) ;
#4357 = CARTESIAN_POINT ( 'NONE',  ( 19.13882745303155986, 12.89685001661866970, -25.51493394246812585 ) ) ;
#4358 = LINE ( 'NONE', #7179, #6907 ) ;
#4359 = CARTESIAN_POINT ( 'NONE',  ( 25.75185937549460036, -12.11275902115984948, -12.03976285529074275 ) ) ;
#4360 = EDGE_CURVE ( 'NONE', #5113, #9225, #5343, .T. ) ;
#4361 = DIRECTION ( 'NONE',  ( -1.000000000000000000, -0.000000000000000000, -0.000000000000000000 ) ) ;
#4362 = EDGE_LOOP ( 'NONE', ( #8065, #8751, #1454, #9222 ) ) ;
#4363 = B_SPLINE_CURVE_WITH_KNOTS ( 'NONE', 3,
 ( #4864, #6373, #6978, #5706 ),
 .UNSPECIFIED., .F., .F.,
 ( 4, 4 ),
 ( 0.000000000000000000, 0.005000533879097862795 ),
 .UNSPECIFIED. ) ;
#4364 = ORIENTED_EDGE ( 'NONE', *, *, #6674, .F. ) ;
#4365 = CARTESIAN_POINT ( 'NONE',  ( -13.38122071277696890, 13.94988368877002749, -37.81461127519857968 ) ) ;
#4366 = CARTESIAN_POINT ( 'NONE',  ( 5.029014785873203053, 19.28421494571414030, -25.00000000000000000 ) ) ;
#4367 = LINE ( 'NONE', #5881, #6932 ) ;
#4368 = CARTESIAN_POINT ( 'NONE',  ( -23.95642740487876665, 12.51451051382812274, -1.171503504609366031 ) ) ;
#4369 = DIRECTION ( 'NONE',  ( 1.000000000000000000, -0.000000000000000000, 2.881657216719182496E-16 ) ) ;
#4370 = CARTESIAN_POINT ( 'NONE',  ( -22.78999999999998849, 8.000000000000000000, -39.29999999999999005 ) ) ;
#4371 = EDGE_LOOP ( 'NONE', ( #3237, #587, #6400, #3300 ) ) ;
#4372 = VERTEX_POINT ( 'NONE', #1790 ) ;
#4373 = EDGE_LOOP ( 'NONE', ( #717, #7129 ) ) ;
#4374 = DIRECTION ( 'NONE',  ( 1.000000000000000000, -0.000000000000000000, 2.881657216719182496E-16 ) ) ;
#4375 = CIRCLE ( 'NONE', #3351, 20.00000000000000711 ) ;
#4376 = CARTESIAN_POINT ( 'NONE',  ( -25.83922599815928578, 10.39032778894491926, 0.3758492409474136764 ) ) ;
#4377 = DIRECTION ( 'NONE',  ( -2.164016633576081161E-32, 1.000000000000000000, 7.509625437129028195E-17 ) ) ;
#4378 = DIRECTION ( 'NONE',  ( -0.7071067811865426878, 0.000000000000000000, 0.7071067811865523467 ) ) ;
#4379 = FACE_OUTER_BOUND ( 'NONE', #3058, .T. ) ;
#4380 = CARTESIAN_POINT ( 'NONE',  ( -4.575000000000009948, -7.200000000000004619, -13.04999999999999893 ) ) ;
#4381 = AXIS2_PLACEMENT_3D ( 'NONE', #8792, #3700, #2221 ) ;
#4382 = CARTESIAN_POINT ( 'NONE',  ( 2.190270947607406704, 15.33797634325253156, -15.00000000000000000 ) ) ;
#4383 = B_SPLINE_SURFACE_WITH_KNOTS ( 'NONE', 3, 1, ( 
 ( #8450, #4908 ),
 ( #1501, #755 ),
 ( #5610, #8398 ),
 ( #663, #7152 ),
 ( #2760, #616 ) ),
 .UNSPECIFIED., .F., .F., .F.,
 ( 4, 1, 4 ),
 ( 2, 2 ),
 ( 0.000000000000000000, 0.09958894902927595272, 1.000000000000000000 ),
 ( 0.000000000000000000, 1.000000000000000000 ),
 .UNSPECIFIED. ) ;
#4384 = EDGE_LOOP ( 'NONE', ( #8035, #9126, #6134, #6910 ) ) ;
#4385 = LINE ( 'NONE', #4440, #3917 ) ;
#4386 = CARTESIAN_POINT ( 'NONE',  ( -19.13203283571951019, 10.99982166713473752, 2.602085213965210642E-15 ) ) ;
#4387 = CARTESIAN_POINT ( 'NONE',  ( 21.14918185276682649, 12.67196774668391690, -22.47354010116608336 ) ) ;
#4388 = LINE ( 'NONE', #7350, #6892 ) ;
#4389 = CARTESIAN_POINT ( 'NONE',  ( 21.23248201867115625, -11.73591009800585994, -23.68747257881806689 ) ) ;
#4390 = CARTESIAN_POINT ( 'NONE',  ( -24.62499999999998579, 8.000000000000000000, -30.13015151901649347 ) ) ;
#4391 = FACE_OUTER_BOUND ( 'NONE', #6074, .T. ) ;
#4392 = DIRECTION ( 'NONE',  ( -1.000000000000000000, 0.000000000000000000, -2.881657216719182496E-16 ) ) ;
#4393 = ADVANCED_FACE ( 'NONE', ( #6797 ), #392, .F. ) ;
#4394 = ORIENTED_EDGE ( 'NONE', *, *, #5231, .T. ) ;
#4395 = AXIS2_PLACEMENT_3D ( 'NONE', #2718, #2113, #3557 ) ;
#4396 = EDGE_LOOP ( 'NONE', ( #8151, #3865 ) ) ;
#4397 = AXIS2_PLACEMENT_3D ( 'NONE', #1631, #4467, #7323 ) ;
#4398 = ORIENTED_EDGE ( 'NONE', *, *, #8732, .T. ) ;
#4399 =( BOUNDED_SURFACE ( )  B_SPLINE_SURFACE ( 3, 2, ( 
 ( #6615, #770, #2406 ),
 ( #1652, #3052, #960 ),
 ( #5061, #4306, #1607 ),
 ( #3793, #5764, #7167 ) ),
 .UNSPECIFIED., .F., .F., .F. ) 
 B_SPLINE_SURFACE_WITH_KNOTS ( ( 4, 4 ),
 ( 3, 3 ),
 ( 0.06662936873283500927, 0.07217176253109601480 ),
 ( 0.000000000000000000, 1.000000000000000000 ),
 .UNSPECIFIED. ) 
 GEOMETRIC_REPRESENTATION_ITEM ( )  RATIONAL_B_SPLINE_SURFACE ( (
 ( 1.000000000000000000, 0.7071067811865487940, 1.000000000000000000),
 ( 1.000000000000000000, 0.7071067811865487940, 1.000000000000000000),
 ( 1.000000000000000000, 0.7071067811865487940, 1.000000000000000000),
 ( 1.000000000000000000, 0.7071067811865487940, 1.000000000000000000) ) ) 
 REPRESENTATION_ITEM ( '' )  SURFACE ( )  );
#4400 = CARTESIAN_POINT ( 'NONE',  ( -25.86470155012994354, -7.967567188326075467, 5.462122649366376592 ) ) ;
#4401 = CARTESIAN_POINT ( 'NONE',  ( 23.67562408248745243, 12.37225126641399697, -19.24076401654789237 ) ) ;
#4402 = AXIS2_PLACEMENT_3D ( 'NONE', #5360, #8201, #1895 ) ;
#4403 = CARTESIAN_POINT ( 'NONE',  ( 21.10525806178179664, 12.67693674692995209, -2.617172259665233702E-13 ) ) ;
#4404 = ADVANCED_FACE ( 'NONE', ( #4676 ), #6143, .F. ) ;
#4405 = CARTESIAN_POINT ( 'NONE',  ( -26.62499999999999645, -11.99999999999999645, -0.9999999999999915623 ) ) ;
#4406 = DIRECTION ( 'NONE',  ( 1.000000000000000000, 0.000000000000000000, 2.881657216719182496E-16 ) ) ;
#4407 = VECTOR ( 'NONE', #7013, 1000.000000000000000 ) ;
#4408 = ADVANCED_FACE ( 'NONE', ( #1879 ), #1461, .F. ) ;
#4409 = ORIENTED_EDGE ( 'NONE', *, *, #5687, .T. ) ;
#4410 = ORIENTED_EDGE ( 'NONE', *, *, #4929, .T. ) ;
#4411 = B_SPLINE_CURVE_WITH_KNOTS ( 'NONE', 3,
 ( #1140, #479, #8970, #6138 ),
 .UNSPECIFIED., .F., .F.,
 ( 4, 4 ),
 ( 0.000000000000000000, 0.009250788860764962152 ),
 .UNSPECIFIED. ) ;
#4412 = ADVANCED_FACE ( 'NONE', ( #4250 ), #4297, .F. ) ;
#4413 = EDGE_CURVE ( 'NONE', #7711, #1553, #4363, .T. ) ;
#4414 = CARTESIAN_POINT ( 'NONE',  ( 23.61535644485251595, 11.46982326933384755, -20.93310424105682799 ) ) ;
#4415 = CARTESIAN_POINT ( 'NONE',  ( -25.67499999999999005, -8.000000000000000000, -33.09999999999998721 ) ) ;
#4416 = FACE_BOUND ( 'NONE', #8431, .T. ) ;
#4417 = CARTESIAN_POINT ( 'NONE',  ( -26.62500000000001066, 5.250000000000000000, 22.05000000000001137 ) ) ;
#4418 = DIRECTION ( 'NONE',  ( 0.000000000000000000, 0.000000000000000000, -1.000000000000000000 ) ) ;
#4419 = CARTESIAN_POINT ( 'NONE',  ( -5.575000000000010836, 7.200000000000004619, -13.04999999999999893 ) ) ;
#4420 = CIRCLE ( 'NONE', #3981, 1.050000000000002265 ) ;
#4421 = EDGE_CURVE ( 'NONE', #6675, #9173, #4039, .T. ) ;
#4422 = ORIENTED_EDGE ( 'NONE', *, *, #5978, .F. ) ;
#4423 = CARTESIAN_POINT ( 'NONE',  ( 26.62499999999998934, 2.624999999999999112, 20.55336663013172327 ) ) ;
#4424 = ORIENTED_EDGE ( 'NONE', *, *, #8354, .T. ) ;
#4425 = ORIENTED_EDGE ( 'NONE', *, *, #594, .T. ) ;
#4426 = ADVANCED_FACE ( 'NONE', ( #2675 ), #5615, .F. ) ;
#4427 = VERTEX_POINT ( 'NONE', #8453 ) ;
#4428 = CARTESIAN_POINT ( 'NONE',  ( -5.575000000000010836, 10.10000000000000497, -13.04999999999999893 ) ) ;
#4429 = CARTESIAN_POINT ( 'NONE',  ( 7.675000000000005151, 10.10000000000000497, -13.04999999999999893 ) ) ;
#4430 = CARTESIAN_POINT ( 'NONE',  ( -10.43261184457520763, 10.10000000000000142, -16.19238815542516718 ) ) ;
#4431 = CARTESIAN_POINT ( 'NONE',  ( -19.62499999999998934, 11.14271062174729465, -39.29999999999999005 ) ) ;
#4432 = CIRCLE ( 'NONE', #8010, 11.99999999999999289 ) ;
#4433 = FACE_OUTER_BOUND ( 'NONE', #9127, .T. ) ;
#4434 = VECTOR ( 'NONE', #7752, 1000.000000000000000 ) ;
#4435 = DIRECTION ( 'NONE',  ( 0.000000000000000000, 0.7071067811865477948, 0.7071067811865473507 ) ) ;
#4436 = DIRECTION ( 'NONE',  ( 1.000000000000000000, 0.000000000000000000, 0.000000000000000000 ) ) ;
#4437 = B_SPLINE_CURVE_WITH_KNOTS ( 'NONE', 3,
 ( #8619, #7050, #8387, #4757, #6963, #603, #2001, #2233, #4845, #5598 ),
 .UNSPECIFIED., .F., .F.,
 ( 4, 2, 2, 2, 4 ),
 ( 0.000000000000000000, 0.0004526161646366661483, 0.0009052323292733322965, 0.001357848493909998445, 0.001810464658546664593 ),
 .UNSPECIFIED. ) ;
#4438 = VERTEX_POINT ( 'NONE', #712 ) ;
#4439 = VECTOR ( 'NONE', #2003, 1000.000000000000000 ) ;
#4440 = CARTESIAN_POINT ( 'NONE',  ( 3.024999999999990585, 7.200000000000004619, -10.84999999999998543 ) ) ;
#4441 = DIRECTION ( 'NONE',  ( 1.000000000000000000, -0.000000000000000000, 2.881657216719182496E-16 ) ) ;
#4442 = LINE ( 'NONE', #7300, #6456 ) ;
#4443 = DIRECTION ( 'NONE',  ( -1.000000000000000000, 0.000000000000000000, -2.881657216719182496E-16 ) ) ;
#4444 = VECTOR ( 'NONE', #20, 1000.000000000000000 ) ;
#4445 = CARTESIAN_POINT ( 'NONE',  ( -25.43211802004501010, 7.999999999999992895, 6.803845367150708867 ) ) ;
#4446 = EDGE_CURVE ( 'NONE', #2343, #2045, #8846, .T. ) ;
#4447 = FACE_OUTER_BOUND ( 'NONE', #2178, .T. ) ;
#4448 = CARTESIAN_POINT ( 'NONE',  ( 10.91054843646070616, 12.25058882117457948, 0.3261124891460547293 ) ) ;
#4449 = EDGE_CURVE ( 'NONE', #1359, #1184, #7203, .T. ) ;
#4450 = AXIS2_PLACEMENT_3D ( 'NONE', #4722, #8972, #618 ) ;
#4451 = ORIENTED_EDGE ( 'NONE', *, *, #155, .T. ) ;
#4452 = ORIENTED_EDGE ( 'NONE', *, *, #3201, .T. ) ;
#4453 = VERTEX_POINT ( 'NONE', #9066 ) ;
#4454 = CARTESIAN_POINT ( 'NONE',  ( -26.58798372446628022, -8.254278903674581613, 1.220453660500058213 ) ) ;
#4455 = CARTESIAN_POINT ( 'NONE',  ( 22.96068956107382775, 11.54388028404930644, -21.77714458156798116 ) ) ;
#4456 = CARTESIAN_POINT ( 'NONE',  ( -11.07500000000001528, -2.624999999999998668, 19.60336663013170977 ) ) ;
#4457 = CARTESIAN_POINT ( 'NONE',  ( 24.51840438134604128, -12.26840863824335948, -17.70661279494435192 ) ) ;
#4458 = LINE ( 'NONE', #2975, #3066 ) ;
#4459 = ORIENTED_EDGE ( 'NONE', *, *, #7170, .T. ) ;
#4460 = ORIENTED_EDGE ( 'NONE', *, *, #148, .T. ) ;
#4461 = EDGE_CURVE ( 'NONE', #5821, #7997, #2015, .T. ) ;
#4462 = CARTESIAN_POINT ( 'NONE',  ( 25.76625461077465573, 11.22151204584505457, -17.01491498440700312 ) ) ;
#4463 = DIRECTION ( 'NONE',  ( 1.292857237214521664E-16, -1.000000000000000000, 0.000000000000000000 ) ) ;
#4464 = DIRECTION ( 'NONE',  ( 2.881657216719182496E-16, 0.000000000000000000, -1.000000000000000000 ) ) ;
#4465 = DIRECTION ( 'NONE',  ( 1.000000000000000000, 0.000000000000000000, 2.881657216719182496E-16 ) ) ;
#4466 = CARTESIAN_POINT ( 'NONE',  ( -25.54112211021335455, 10.75381358589539182, -0.5846045286320223910 ) ) ;
#4467 = DIRECTION ( 'NONE',  ( 0.000000000000000000, 0.000000000000000000, 1.000000000000000000 ) ) ;
#4468 = VERTEX_POINT ( 'NONE', #7667 ) ;
#4469 = DIRECTION ( 'NONE',  ( -0.7806247497997997886, 0.6250000000000001110, 0.000000000000000000 ) ) ;
#4470 = ORIENTED_EDGE ( 'NONE', *, *, #247, .T. ) ;
#4471 = ORIENTED_EDGE ( 'NONE', *, *, #1389, .F. ) ;
#4472 = ORIENTED_EDGE ( 'NONE', *, *, #1995, .F. ) ;
#4473 = CARTESIAN_POINT ( 'NONE',  ( -0.6747704704591255265, 14.59596867415589294, -25.55597441056904984 ) ) ;
#4474 = DIRECTION ( 'NONE',  ( 0.000000000000000000, -0.000000000000000000, 1.000000000000000000 ) ) ;
#4475 = FACE_OUTER_BOUND ( 'NONE', #4026, .T. ) ;
#4476 = ADVANCED_FACE ( 'NONE', ( #574 ), #6279, .F. ) ;
#4477 = CARTESIAN_POINT ( 'NONE',  ( -21.85674754639860140, -11.00000000000000000, 2.602085213965210642E-15 ) ) ;
#4479 = EDGE_CURVE ( 'NONE', #6989, #5073, #3027, .T. ) ;
#4478 = PLANE ( 'NONE',  #3223 ) ;
#4480 = PLANE ( 'NONE',  #796 ) ;
#4481 = FACE_OUTER_BOUND ( 'NONE', #4219, .T. ) ;
#4482 = EDGE_LOOP ( 'NONE', ( #7224, #6260, #2651, #5697, #7658, #3212, #8516, #2987 ) ) ;
#4483 = VERTEX_POINT ( 'NONE', #4912 ) ;
#4484 = AXIS2_PLACEMENT_3D ( 'NONE', #8812, #410, #1811 ) ;
#4485 = DIRECTION ( 'NONE',  ( -1.000000000000000000, 4.956352788505168198E-15, 0.000000000000000000 ) ) ;
#4486 = DIRECTION ( 'NONE',  ( 0.000000000000000000, 0.000000000000000000, -1.000000000000000000 ) ) ;
#4487 = AXIS2_PLACEMENT_3D ( 'NONE', #8625, #7786, #7924 ) ;
#4488 = DIRECTION ( 'NONE',  ( 1.000000000000000000, -0.000000000000000000, 2.881657216719182496E-16 ) ) ;
#4489 = LINE ( 'NONE', #2307, #3307 ) ;
#4490 = CARTESIAN_POINT ( 'NONE',  ( 22.62499999999998579, 0.000000000000000000, 35.10000000000002274 ) ) ;
#4491 = PLANE ( 'NONE',  #8116 ) ;
#4492 = DIRECTION ( 'NONE',  ( -1.000000000000000000, -0.000000000000000000, -0.000000000000000000 ) ) ;
#4493 = B_SPLINE_CURVE_WITH_KNOTS ( 'NONE', 3,
 ( #6735, #8828, #5284, #7384 ),
 .UNSPECIFIED., .F., .F.,
 ( 4, 4 ),
 ( 4.906538933386797396E-18, 0.008000123665385645497 ),
 .UNSPECIFIED. ) ;
#4494 = ORIENTED_EDGE ( 'NONE', *, *, #8680, .F. ) ;
#4495 = VERTEX_POINT ( 'NONE', #11 ) ;
#4496 = EDGE_CURVE ( 'NONE', #1495, #1478, #2065, .T. ) ;
#4497 = ORIENTED_EDGE ( 'NONE', *, *, #1468, .F. ) ;
#4498 = AXIS2_PLACEMENT_3D ( 'NONE', #1070, #5270, #3166 ) ;
#4499 = CARTESIAN_POINT ( 'NONE',  ( -25.16583269131959000, -7.100000000000002309, -33.09999999999998721 ) ) ;
#4500 = CARTESIAN_POINT ( 'NONE',  ( 9.983099579256411005, 12.81289243824371304, -31.09963160365956369 ) ) ;
#4501 = LINE ( 'NONE', #3802, #5349 ) ;
#4502 = CARTESIAN_POINT ( 'NONE',  ( 19.60278446116974038, -12.84595755207044476, -25.13462972912551763 ) ) ;
#4503 = CARTESIAN_POINT ( 'NONE',  ( -24.41174799755176039, -8.292450748520531434, 9.938512023662031680 ) ) ;
#4504 = AXIS2_PLACEMENT_3D ( 'NONE', #3206, #8899, #4598 ) ;
#4505 = ORIENTED_EDGE ( 'NONE', *, *, #2421, .T. ) ;
#4506 = VECTOR ( 'NONE', #7709, 1000.000000000000000 ) ;
#4507 = ORIENTED_EDGE ( 'NONE', *, *, #5567, .F. ) ;
#4508 = FACE_OUTER_BOUND ( 'NONE', #5592, .T. ) ;
#4509 = LINE ( 'NONE', #6449, #6589 ) ;
#4510 = LINE ( 'NONE', #975, #4949 ) ;
#4511 = LINE ( 'NONE', #8105, #8556 ) ;
#4512 = AXIS2_PLACEMENT_3D ( 'NONE', #427, #3278, #4799 ) ;
#4513 = CARTESIAN_POINT ( 'NONE',  ( -26.23859775632507407, 9.712810463680039419, 0.6441078416052182787 ) ) ;
#4514 = EDGE_CURVE ( 'NONE', #395, #5019, #6328, .T. ) ;
#4515 = LINE ( 'NONE', #8952, #5009 ) ;
#4516 = EDGE_CURVE ( 'NONE', #72, #2142, #1685, .T. ) ;
#4517 = ORIENTED_EDGE ( 'NONE', *, *, #6196, .T. ) ;
#4518 = CARTESIAN_POINT ( 'NONE',  ( -26.62499999999999645, 10.28922221495734490, -0.4297407383191026997 ) ) ;
#4519 = ORIENTED_EDGE ( 'NONE', *, *, #5865, .F. ) ;
#4520 = EDGE_LOOP ( 'NONE', ( #5795, #4658, #6050, #8055 ) ) ;
#4521 = EDGE_LOOP ( 'NONE', ( #2502, #8419, #2840, #6911 ) ) ;
#4522 = CYLINDRICAL_SURFACE ( 'NONE', #2781, 1.049999999999995381 ) ;
#4523 = DIRECTION ( 'NONE',  ( 0.000000000000000000, 0.000000000000000000, 1.000000000000000000 ) ) ;
#4524 = DIRECTION ( 'NONE',  ( 0.000000000000000000, 0.000000000000000000, 1.000000000000000000 ) ) ;
#4525 = EDGE_CURVE ( 'NONE', #6534, #3764, #5659, .T. ) ;
#4526 = DIRECTION ( 'NONE',  ( 1.000000000000000000, -0.000000000000000000, 2.881657216719182496E-16 ) ) ;
#4527 = EDGE_CURVE ( 'NONE', #6618, #2956, #2878, .T. ) ;
#4528 = CARTESIAN_POINT ( 'NONE',  ( 3.649014785873204936, 16.14421494571413263, -25.00000000000000000 ) ) ;
#4529 = LINE ( 'NONE', #4339, #3188 ) ;
#4530 = CARTESIAN_POINT ( 'NONE',  ( -23.02265337674017331, 2.362298855452810376, 16.56639837073853627 ) ) ;
#4531 = EDGE_CURVE ( 'NONE', #5677, #6155, #7893, .T. ) ;
#4532 = ORIENTED_EDGE ( 'NONE', *, *, #2595, .F. ) ;
#4533 = AXIS2_PLACEMENT_3D ( 'NONE', #3860, #6725, #6023 ) ;
#4534 = VERTEX_POINT ( 'NONE', #2300 ) ;
#4535 = CARTESIAN_POINT ( 'NONE',  ( 11.22901478587320234, 18.28421494571414030, -25.00000000000000000 ) ) ;
#4536 = FACE_OUTER_BOUND ( 'NONE', #8316, .T. ) ;
#4537 = EDGE_CURVE ( 'NONE', #8264, #2363, #1505, .T. ) ;
#4538 = EDGE_CURVE ( 'NONE', #6628, #7217, #57, .T. ) ;
#4539 = FACE_OUTER_BOUND ( 'NONE', #3562, .T. ) ;
#4540 = CARTESIAN_POINT ( 'NONE',  ( -16.57500000000001350, -5.250000000000000000, 23.10000000000000853 ) ) ;
#4541 = CARTESIAN_POINT ( 'NONE',  ( -23.16053390593271644, -15.00000000000000000, -19.99999999999999289 ) ) ;
#4542 = LINE ( 'NONE', #864, #9135 ) ;
#4543 = VERTEX_POINT ( 'NONE', #2350 ) ;
#4544 = ORIENTED_EDGE ( 'NONE', *, *, #1529, .T. ) ;
#4545 = VERTEX_POINT ( 'NONE', #5895 ) ;
#4546 = LINE ( 'NONE', #8191, #89 ) ;
#4547 = CARTESIAN_POINT ( 'NONE',  ( -17.29264573336123689, 14.99291452750208364, -37.21682414285058371 ) ) ;
#4548 = CARTESIAN_POINT ( 'NONE',  ( 20.62499999999998934, 2.624999999999999112, 20.55336663013172327 ) ) ;
#4549 = DIRECTION ( 'NONE',  ( 0.000000000000000000, -1.000000000000000000, -2.312964634635738322E-15 ) ) ;
#4550 = LINE ( 'NONE', #1528, #5298 ) ;
#4551 = CARTESIAN_POINT ( 'NONE',  ( -24.18491745666283776, -9.475357003913027043, 9.730388396368681470 ) ) ;
#4552 = AXIS2_PLACEMENT_3D ( 'NONE', #6930, #7666, #3510 ) ;
#4553 = ORIENTED_EDGE ( 'NONE', *, *, #7612, .T. ) ;
#4554 = ORIENTED_EDGE ( 'NONE', *, *, #7825, .F. ) ;
#4555 = DIRECTION ( 'NONE',  ( 0.000000000000000000, -1.000000000000000000, 0.000000000000000000 ) ) ;
#4556 = DIRECTION ( 'NONE',  ( 1.000000000000000000, -0.000000000000000000, 2.881657216719182496E-16 ) ) ;
#4557 = DIRECTION ( 'NONE',  ( 1.000000000000000000, -0.000000000000000000, 2.881657216719182496E-16 ) ) ;
#4558 = AXIS2_PLACEMENT_3D ( 'NONE', #706, #6415, #7797 ) ;
#4559 = DIRECTION ( 'NONE',  ( 0.000000000000000000, 7.509625437129028195E-17, -1.000000000000000000 ) ) ;
#4560 = CARTESIAN_POINT ( 'NONE',  ( -25.73357842861904388, 11.60337120205301353, -0.8677904006843298879 ) ) ;
#4561 = VECTOR ( 'NONE', #8552, 1000.000000000000000 ) ;
#4562 = DIRECTION ( 'NONE',  ( 1.000000000000000000, 0.000000000000000000, 2.881657216719182496E-16 ) ) ;
#4563 = ORIENTED_EDGE ( 'NONE', *, *, #9209, .F. ) ;
#4564 = CARTESIAN_POINT ( 'NONE',  ( -13.39993915504746447, 7.099999999999994316, -33.09999999999998010 ) ) ;
#4565 = ORIENTED_EDGE ( 'NONE', *, *, #9207, .T. ) ;
#4566 = EDGE_CURVE ( 'NONE', #1429, #8774, #6464, .T. ) ;
#4567 = B_SPLINE_CURVE_WITH_KNOTS ( 'NONE', 3,
 ( #4835, #4318, #2041, #2089, #7734, #9230 ),
 .UNSPECIFIED., .F., .F.,
 ( 4, 2, 4 ),
 ( 2.677242000581813233E-07, 0.0003642996020123868300, 0.0007283314798247154725 ),
 .UNSPECIFIED. ) ;
#4568 = VERTEX_POINT ( 'NONE', #4380 ) ;
#4569 = CARTESIAN_POINT ( 'NONE',  ( -23.19629326595356744, -11.96729085271073956, -0.9890969509039601038 ) ) ;
#4570 = CARTESIAN_POINT ( 'NONE',  ( 0.7410227657034920146, 15.42796785373118951, -15.00000000000000000 ) ) ;
#4571 = LINE ( 'NONE', #99, #4035 ) ;
#4572 = EDGE_CURVE ( 'NONE', #7973, #5677, #8683, .T. ) ;
#4573 = CARTESIAN_POINT ( 'NONE',  ( -22.57500000000001350, 12.99999999999999645, -0.2792407799438629823 ) ) ;
#4575 = CIRCLE ( 'NONE', #7268, 1.049999999999998934 ) ;
#4574 = AXIS2_PLACEMENT_3D ( 'NONE', #403, #2509, #3253 ) ;
#4576 = CARTESIAN_POINT ( 'NONE',  ( -22.64274064696087763, -2.755827823865543369, 20.55336663013170551 ) ) ;
#4577 = DIRECTION ( 'NONE',  ( 0.000000000000000000, 0.000000000000000000, -1.000000000000000000 ) ) ;
#4578 = CARTESIAN_POINT ( 'NONE',  ( -22.96959223057302424, 1.404280725778658256, 16.96373068483043056 ) ) ;
#4579 = ORIENTED_EDGE ( 'NONE', *, *, #7400, .T. ) ;
#4580 = VERTEX_POINT ( 'NONE', #804 ) ;
#4581 = EDGE_LOOP ( 'NONE', ( #7421, #3366, #5503, #1271, #5196, #4903 ) ) ;
#4582 = CARTESIAN_POINT ( 'NONE',  ( 7.892821784336615742, -12.09999999999999964, -29.80643373951743058 ) ) ;
#4583 = CARTESIAN_POINT ( 'NONE',  ( -19.12649554331193613, 14.99981966397715993, -3.246947528864265308E-12 ) ) ;
#4584 = CARTESIAN_POINT ( 'NONE',  ( -19.62499999999999645, 15.00000000000000000, -37.29999999999998295 ) ) ;
#4585 = CARTESIAN_POINT ( 'NONE',  ( -13.96814575050796670, -14.95551785225859120, -19.72792206135788717 ) ) ;
#4586 = EDGE_CURVE ( 'NONE', #1890, #6851, #4813, .T. ) ;
#4587 = CARTESIAN_POINT ( 'NONE',  ( -13.06994207441243461, 10.93994555975521799, 5.147263975624272985E-15 ) ) ;
#4588 = FACE_BOUND ( 'NONE', #2154, .T. ) ;
#4589 = CIRCLE ( 'NONE', #279, 1.049999999999998934 ) ;
#4590 = AXIS2_PLACEMENT_3D ( 'NONE', #4065, #5472, #8307 ) ;
#4591 = ORIENTED_EDGE ( 'NONE', *, *, #8164, .F. ) ;
#4592 = ORIENTED_EDGE ( 'NONE', *, *, #4765, .T. ) ;
#4593 = ORIENTED_EDGE ( 'NONE', *, *, #4977, .T. ) ;
#4594 = B_SPLINE_CURVE_WITH_KNOTS ( 'NONE', 3,
 ( #97, #193, #2295, #2900, #1639, #8587, #7844, #5797 ),
 .UNSPECIFIED., .F., .F.,
 ( 4, 2, 2, 4 ),
 ( -1.264911065889954143E-05, 0.001582014037859475614, 0.002379345612118665375, 0.003176677186377855136 ),
 .UNSPECIFIED. ) ;
#4595 = CARTESIAN_POINT ( 'NONE',  ( 16.62499999999998934, 11.99999999999999645, 15.00000000000000178 ) ) ;
#4596 = CARTESIAN_POINT ( 'NONE',  ( -19.62500000000000000, 13.99999999999999822, -38.29999999999999005 ) ) ;
#4597 = DIRECTION ( 'NONE',  ( 1.000000000000000000, 0.000000000000000000, 2.881657216719182496E-16 ) ) ;
#4598 = DIRECTION ( 'NONE',  ( 0.000000000000000000, 0.000000000000000000, -1.000000000000000000 ) ) ;
#4599 = CARTESIAN_POINT ( 'NONE',  ( -1.272133005797947636, -14.53741996349236310, -34.21754195586910186 ) ) ;
#4600 = EDGE_CURVE ( 'NONE', #8294, #8139, #150, .T. ) ;
#4601 = CARTESIAN_POINT ( 'NONE',  ( -23.61354721332486051, -10.82374532944479029, 8.605745400281710644 ) ) ;
#4602 = ADVANCED_FACE ( 'NONE', ( #8783 ), #1689, .F. ) ;
#4603 = VECTOR ( 'NONE', #1651, 1000.000000000000000 ) ;
#4604 = VERTEX_POINT ( 'NONE', #2952 ) ;
#4605 = ORIENTED_EDGE ( 'NONE', *, *, #244, .T. ) ;
#4606 = B_SPLINE_CURVE_WITH_KNOTS ( 'NONE', 3,
 ( #3525, #1381, #2077, #5578, #4922, #3478, #8415, #7169, #9171, #772 ),
 .UNSPECIFIED., .F., .F.,
 ( 4, 3, 3, 4 ),
 ( 4.336808689942017736E-19, 0.001382567468032238961, 0.003647587077313474077, 0.003648995325149957669 ),
 .UNSPECIFIED. ) ;
#4607 = DIRECTION ( 'NONE',  ( 1.000000000000000000, -0.000000000000000000, 2.881657216719182496E-16 ) ) ;
#4608 = CARTESIAN_POINT ( 'NONE',  ( -11.07500000000001705, -5.250000000000000000, 24.15000000000000924 ) ) ;
#4609 = CARTESIAN_POINT ( 'NONE',  ( 8.282295850159680839, 14.91516259938647693, -15.00000000000000000 ) ) ;
#4610 = PRESENTATION_STYLE_ASSIGNMENT (( #2516 ) ) ;
#4611 = CARTESIAN_POINT ( 'NONE',  ( -25.84821093924977831, -7.902763757320330207, 5.519797205070840818 ) ) ;
#4612 = CARTESIAN_POINT ( 'NONE',  ( -13.57500000000001705, 0.000000000000000000, 23.10000000000001208 ) ) ;
#4613 = ORIENTED_EDGE ( 'NONE', *, *, #8185, .T. ) ;
#4614 = DIRECTION ( 'NONE',  ( 1.000000000000000000, -0.000000000000000000, 2.881657216719182496E-16 ) ) ;
#4615 = ORIENTED_EDGE ( 'NONE', *, *, #982, .F. ) ;
#4616 = ORIENTED_EDGE ( 'NONE', *, *, #2604, .T. ) ;
#4617 = EDGE_CURVE ( 'NONE', #9173, #7761, #201, .T. ) ;
#4618 = CARTESIAN_POINT ( 'NONE',  ( -25.18930712855252807, -11.98905772928349656, -0.9963525764278248209 ) ) ;
#4619 = DIRECTION ( 'NONE',  ( 0.000000000000000000, 0.000000000000000000, -1.000000000000000000 ) ) ;
#4620 = CARTESIAN_POINT ( 'NONE',  ( -22.68367146858663830, -1.117219822310267618, 19.87384120914456176 ) ) ;
#4621 = CARTESIAN_POINT ( 'NONE',  ( -26.84991221830399866, -8.103426060940032372, 5.341209296556018060 ) ) ;
#4622 = EDGE_CURVE ( 'NONE', #1359, #1124, #8734, .T. ) ;
#4623 = DIRECTION ( 'NONE',  ( 0.7071067811865275887, -3.693093820828877675E-16, -0.7071067811865674457 ) ) ;
#4624 = CARTESIAN_POINT ( 'NONE',  ( -22.76707918757223581, 0.6375768672975571372, 18.81258921511583537 ) ) ;
#4625 = VERTEX_POINT ( 'NONE', #759 ) ;
#4626 = VERTEX_POINT ( 'NONE', #3041 ) ;
#4627 = ORIENTED_EDGE ( 'NONE', *, *, #4078, .T. ) ;
#4628 = CARTESIAN_POINT ( 'NONE',  ( -19.62499999999999645, -15.00000000000000000, -19.99999999999999289 ) ) ;
#4629 = CARTESIAN_POINT ( 'NONE',  ( -5.575000000000010836, 10.10000000000000497, -13.04999999999999893 ) ) ;
#4630 = CARTESIAN_POINT ( 'NONE',  ( 20.62499999999998934, -5.250000000000000000, 23.10000000000002274 ) ) ;
#4631 = VECTOR ( 'NONE', #1956, 1000.000000000000114 ) ;
#4632 = CARTESIAN_POINT ( 'NONE',  ( 25.75185937549461102, 12.11275902115985126, -12.03976285529073920 ) ) ;
#4633 = VECTOR ( 'NONE', #1798, 1000.000000000000000 ) ;
#4634 = LINE ( 'NONE', #4675, #86 ) ;
#4635 = CARTESIAN_POINT ( 'NONE',  ( -23.16053390593286210, -10.10000000000000853, -33.09999999999965326 ) ) ;
#4636 = EDGE_CURVE ( 'NONE', #6482, #3778, #6621, .T. ) ;
#4637 = VECTOR ( 'NONE', #130, 1000.000000000000000 ) ;
#4638 = ORIENTED_EDGE ( 'NONE', *, *, #656, .T. ) ;
#4639 = ORIENTED_EDGE ( 'NONE', *, *, #545, .F. ) ;
#4640 = AXIS2_PLACEMENT_3D ( 'NONE', #7628, #676, #3520 ) ;
#4641 = ORIENTED_EDGE ( 'NONE', *, *, #3003, .T. ) ;
#4642 = CARTESIAN_POINT ( 'NONE',  ( -21.95833333333332860, 15.00000000000000000, -3.999999999999996447 ) ) ;
#4643 = CARTESIAN_POINT ( 'NONE',  ( 8.892457260923899653, 14.86758063145116715, -25.00000000000000000 ) ) ;
#4644 = DIRECTION ( 'NONE',  ( 1.765621858500567205E-16, 2.312964634635738322E-15, -1.000000000000000000 ) ) ;
#4645 = DIRECTION ( 'NONE',  ( 0.000000000000000000, 0.000000000000000000, 1.000000000000000000 ) ) ;
#4646 = CARTESIAN_POINT ( 'NONE',  ( 5.709934696934950260, -14.11076571725603834, -32.91384736214038043 ) ) ;
#4647 = DIRECTION ( 'NONE',  ( -0.000000000000000000, 1.000000000000000000, -0.000000000000000000 ) ) ;
#4648 = ADVANCED_FACE ( 'NONE', ( #8594 ), #2211, .F. ) ;
#4649 = ORIENTED_EDGE ( 'NONE', *, *, #7727, .T. ) ;
#4650 = ORIENTED_EDGE ( 'NONE', *, *, #1133, .T. ) ;
#4651 = FACE_OUTER_BOUND ( 'NONE', #8560, .T. ) ;
#4652 = CARTESIAN_POINT ( 'NONE',  ( 9.675000000000006040, 10.10000000000000142, 13.64553149005147326 ) ) ;
#4653 = EDGE_CURVE ( 'NONE', #6016, #2043, #4529, .T. ) ;
#4654 = CARTESIAN_POINT ( 'NONE',  ( -10.37500000000001243, -13.31728961320078852, -0.8172274775063896879 ) ) ;
#4655 = AXIS2_PLACEMENT_3D ( 'NONE', #1188, #2012, #4021 ) ;
#4656 = CARTESIAN_POINT ( 'NONE',  ( -26.53641116005843159, 8.988317928249580646, 0.003894023917447978194 ) ) ;
#4657 = DIRECTION ( 'NONE',  ( -0.7071067811865274777, 3.693093820828877675E-16, 0.7071067811865675568 ) ) ;
#4658 = ORIENTED_EDGE ( 'NONE', *, *, #6520, .T. ) ;
#4659 = ORIENTED_EDGE ( 'NONE', *, *, #6268, .T. ) ;
#4660 = ORIENTED_EDGE ( 'NONE', *, *, #5729, .F. ) ;
#4661 = LINE ( 'NONE', #420, #6513 ) ;
#4662 = CARTESIAN_POINT ( 'NONE',  ( 17.62499999999998934, 11.99999999999999467, 23.10000000000001918 ) ) ;
#4663 = CIRCLE ( 'NONE', #6908, 1.000000000000001776 ) ;
#4664 = DIRECTION ( 'NONE',  ( -0.9977157321920605559, -5.072927206086209945E-18, 0.06755233331618197556 ) ) ;
#4665 = CARTESIAN_POINT ( 'NONE',  ( -12.92707508023937990, -14.94821963887966021, 1.182048324092162855E-11 ) ) ;
#4666 = CARTESIAN_POINT ( 'NONE',  ( 7.829014785873205540, 13.94727521435340911, -26.00000000000000355 ) ) ;
#4667 = CARTESIAN_POINT ( 'NONE',  ( 24.95714645859993652, -12.21356952179276689, -4.761008233921347592E-12 ) ) ;
#4668 = CARTESIAN_POINT ( 'NONE',  ( -26.84991221830399866, -7.902763757320330207, 5.519797205070840818 ) ) ;
#4669 = ORIENTED_EDGE ( 'NONE', *, *, #6410, .F. ) ;
#4670 = ORIENTED_EDGE ( 'NONE', *, *, #7447, .F. ) ;
#4671 = ORIENTED_EDGE ( 'NONE', *, *, #899, .T. ) ;
#4672 = CARTESIAN_POINT ( 'NONE',  ( -11.26692902785662298, 11.22137110790017012, -37.48421074192334146 ) ) ;
#4673 = DIRECTION ( 'NONE',  ( -1.000000000000000000, -0.000000000000000000, -2.881657216719182496E-16 ) ) ;
#4674 = DIRECTION ( 'NONE',  ( -1.000000000000000000, 0.000000000000000000, 0.000000000000000000 ) ) ;
#4675 = CARTESIAN_POINT ( 'NONE',  ( 0.9290147858732040742, 19.28421494571414030, -25.00000000000000000 ) ) ;
#4676 = FACE_OUTER_BOUND ( 'NONE', #153, .T. ) ;
#4677 = VERTEX_POINT ( 'NONE', #5944 ) ;
#4678 = ORIENTED_EDGE ( 'NONE', *, *, #3442, .F. ) ;
#4679 = FACE_OUTER_BOUND ( 'NONE', #910, .T. ) ;
#4680 = VECTOR ( 'NONE', #6302, 1000.000000000000000 ) ;
#4681 = DIRECTION ( 'NONE',  ( 0.000000000000000000, 0.000000000000000000, -1.000000000000000000 ) ) ;
#4682 = CARTESIAN_POINT ( 'NONE',  ( -16.57500000000001350, 5.250000000000000000, 23.10000000000000853 ) ) ;
#4683 = EDGE_CURVE ( 'NONE', #7689, #3364, #5805, .T. ) ;
#4684 = CARTESIAN_POINT ( 'NONE',  ( -18.45663140135663483, -14.99857502726098524, -37.28044889998775346 ) ) ;
#4685 = CARTESIAN_POINT ( 'NONE',  ( 4.329014785873203763, 14.60955516338450622, -25.17055586201990280 ) ) ;
#4686 = ORIENTED_EDGE ( 'NONE', *, *, #5156, .T. ) ;
#4687 = ORIENTED_EDGE ( 'NONE', *, *, #3158, .F. ) ;
#4688 = ORIENTED_EDGE ( 'NONE', *, *, #8732, .F. ) ;
#4689 = ADVANCED_FACE ( 'NONE', ( #5095 ), #4480, .F. ) ;
#4690 = CYLINDRICAL_SURFACE ( 'NONE', #989, 2.000000000000001776 ) ;
#4691 = DIRECTION ( 'NONE',  ( -2.881657216719182496E-16, 0.000000000000000000, 1.000000000000000000 ) ) ;
#4692 = CARTESIAN_POINT ( 'NONE',  ( -10.37500000000000888, -12.65279301558620517, -0.4046339766574049146 ) ) ;
#4693 = CARTESIAN_POINT ( 'NONE',  ( 1.730477740541584319, 12.10000000000000142, -34.60693595387235177 ) ) ;
#4694 = ADVANCED_FACE ( 'NONE', ( #3785 ), #7295, .F. ) ;
#4695 = B_SPLINE_CURVE_WITH_KNOTS ( 'NONE', 3,
 ( #7655, #8389, #9239, #2002 ),
 .UNSPECIFIED., .F., .F.,
 ( 4, 4 ),
 ( 0.000000000000000000, 1.000000000000000000 ),
 .UNSPECIFIED. ) ;
#4696 = FACE_OUTER_BOUND ( 'NONE', #5605, .T. ) ;
#4698 = EDGE_LOOP ( 'NONE', ( #7175, #8999, #3974, #2943, #3137 ) ) ;
#4697 = CIRCLE ( 'NONE', #687, 4.000000000000000000 ) ;
#4699 = ORIENTED_EDGE ( 'NONE', *, *, #5106, .T. ) ;
#4700 = EDGE_CURVE ( 'NONE', #8372, #1480, #7359, .T. ) ;
#4701 = ORIENTED_EDGE ( 'NONE', *, *, #4737, .F. ) ;
#4702 = CIRCLE ( 'NONE', #5603, 3.999999999999999556 ) ;
#4703 = DIRECTION ( 'NONE',  ( 0.000000000000000000, 0.000000000000000000, -1.000000000000000000 ) ) ;
#4704 = FACE_OUTER_BOUND ( 'NONE', #4079, .T. ) ;
#4705 =( BOUNDED_SURFACE ( )  B_SPLINE_SURFACE ( 3, 2, ( 
 ( #4359, #8659, #7363 ),
 ( #5260, #8803, #5873 ),
 ( #3062, #5966, #5071 ),
 ( #7916, #7221, #7409 ),
 ( #8005, #825, #3711 ),
 ( #1619, #8098, #7311 ),
 ( #5166, #3018, #3666 ),
 ( #4457, #2417, #1014 ),
 ( #3759, #7958, #6531 ),
 ( #123, #6578, #968 ),
 ( #2275, #6717, #5119 ),
 ( #1570, #919, #2930 ),
 ( #172, #8706, #6625 ),
 ( #5777, #3803, #5918 ),
 ( #8756, #2371, #5214 ),
 ( #8052, #4502, #6670 ),
 ( #1244, #6807, #1800 ),
 ( #6195, #8148, #9026 ),
 ( #6897, #6060, #2460 ),
 ( #8943, #7452, #6110 ),
 ( #4732, #2592, #6014 ),
 ( #5440, #3159, #8195 ),
 ( #7630, #8854, #7539 ),
 ( #6758, #4646, #3943 ),
 ( #5307, #1887, #492 ),
 ( #4599, #2548, #309 ),
 ( #8235, #7587, #1199 ),
 ( #1757, #3340, #1060 ),
 ( #1106, #5394, #356 ),
 ( #2636, #1845, #8277 ),
 ( #8900, #3897, #402 ),
 ( #2508, #3207, #7497 ),
 ( #4076, #5355, #3252 ),
 ( #4684, #1154, #3988 ),
 ( #6856, #449, #8322 ),
 ( #3297, #6151, #8986 ) ),
 .UNSPECIFIED., .F., .F., .T. ) 
 B_SPLINE_SURFACE_WITH_KNOTS ( ( 4, 2, 2, 2, 2, 2, 2, 2, 2, 2, 2, 2, 2, 2, 2, 2, 2, 4 ),
 ( 3, 3 ),
 ( -6.938893903907228378E-18, 0.001743881902064802706, 0.003487763804129612351, 0.005231645706194422429, 0.006975527608259231641, 0.008719409510324040852, 0.01046329141238885180, 0.01395105521651847022, 0.01569493711858328117, 0.01743881902064808864, 0.02092658282477771053, 0.02790211043303694738, 0.03487763804129618422, 0.04185316564955542107, 0.04882869325781466485, 0.05231645706194427980, 0.05406033896400909422, 0.05580422086607390170 ),
 ( 0.000000000000000000, 1.000000000000000000 ),
 .UNSPECIFIED. ) 
 GEOMETRIC_REPRESENTATION_ITEM ( )  RATIONAL_B_SPLINE_SURFACE ( (
 ( 1.000000000000000000, 0.7506195359483399665, 1.000000000000000000),
 ( 1.000000000000000000, 0.7506194665513163944, 1.000000000000000000),
 ( 1.000000000000000000, 0.7505208385038081298, 1.000000000000000000),
 ( 1.000000000000000000, 0.7499561805693083505, 1.000000000000000000),
 ( 1.000000000000000000, 0.7494778683207179437, 1.000000000000000000),
 ( 1.000000000000000000, 0.7481229984395310062, 1.000000000000000000),
 ( 1.000000000000000000, 0.7472557252710155806, 1.000000000000000000),
 ( 1.000000000000000000, 0.7455088390798717546, 1.000000000000000000),
 ( 1.000000000000000000, 0.7445558520405064495, 1.000000000000000000),
 ( 1.000000000000000000, 0.7425815427397981505, 1.000000000000000000),
 ( 1.000000000000000000, 0.7415602749515119996, 1.000000000000000000),
 ( 1.000000000000000000, 0.7395128639590773378, 1.000000000000000000),
 ( 1.000000000000000000, 0.7384983927976226381, 1.000000000000000000),
 ( 1.000000000000000000, 0.7355454585569040082, 1.000000000000000000),
 ( 1.000000000000000000, 0.7336942484320978508, 1.000000000000000000),
 ( 1.000000000000000000, 0.7311356594235467465, 1.000000000000000000),
 ( 1.000000000000000000, 0.7303178536055190406, 1.000000000000000000),
 ( 1.000000000000000000, 0.7287498020022309397, 1.000000000000000000),
 ( 1.000000000000000000, 0.7279988520241816863, 1.000000000000000000),
 ( 1.000000000000000000, 0.7258595379003262016, 1.000000000000000000),
 ( 1.000000000000000000, 0.7245759940874336724, 1.000000000000000000),
 ( 1.000000000000000000, 0.7210547829114122287, 1.000000000000000000),
 ( 1.000000000000000000, 0.7191396324680100482, 1.000000000000000000),
 ( 1.000000000000000000, 0.7158388813006816287, 1.000000000000000000),
 ( 1.000000000000000000, 0.7144544713341067776, 1.000000000000000000),
 ( 1.000000000000000000, 0.7120749638905505829, 1.000000000000000000),
 ( 1.000000000000000000, 0.7110765876400809704, 1.000000000000000000),
 ( 1.000000000000000000, 0.7093736361638131038, 1.000000000000000000),
 ( 1.000000000000000000, 0.7086663828137367283, 1.000000000000000000),
 ( 1.000000000000000000, 0.7078415938957032250, 1.000000000000000000),
 ( 1.000000000000000000, 0.7076057436349213470, 1.000000000000000000),
 ( 1.000000000000000000, 0.7073341366005050368, 1.000000000000000000),
 ( 1.000000000000000000, 0.7072574364266890345, 1.000000000000000000),
 ( 1.000000000000000000, 0.7071443148925260491, 1.000000000000000000),
 ( 1.000000000000000000, 0.7071075185243264061, 1.000000000000000000),
 ( 1.000000000000000000, 0.7071067811865475727, 1.000000000000000000) ) ) 
 REPRESENTATION_ITEM ( '' )  SURFACE ( )  );
#4706 = B_SPLINE_CURVE_WITH_KNOTS ( 'NONE', 3,
 ( #1899, #9041, #2696, #5499 ),
 .UNSPECIFIED., .F., .F.,
 ( 4, 4 ),
 ( 4.402234667233967475E-17, 0.001755105310259542743 ),
 .UNSPECIFIED. ) ;
#4707 = CARTESIAN_POINT ( 'NONE',  ( 13.13744632142985935, 13.49906635955071899, -26.00000000000000355 ) ) ;
#4708 = VECTOR ( 'NONE', #2504, 1000.000000000000000 ) ;
#4709 = DIRECTION ( 'NONE',  ( 1.000000000000000000, 0.000000000000000000, 0.000000000000000000 ) ) ;
#4710 = DIRECTION ( 'NONE',  ( 1.000000000000000000, 0.000000000000000000, 2.881657216719182496E-16 ) ) ;
#4711 = EDGE_CURVE ( 'NONE', #8834, #4625, #1779, .T. ) ;
#4712 = CARTESIAN_POINT ( 'NONE',  ( 23.43103606526226557, -11.92376514777261320, 0.2926866399607586100 ) ) ;
#4713 = CIRCLE ( 'NONE', #6820, 1.049999999999998934 ) ;
#4714 = EDGE_CURVE ( 'NONE', #5821, #2977, #8990, .T. ) ;
#4715 = DIRECTION ( 'NONE',  ( 0.000000000000000000, 0.000000000000000000, -1.000000000000000000 ) ) ;
#4716 = VERTEX_POINT ( 'NONE', #6176 ) ;
#4717 = ORIENTED_EDGE ( 'NONE', *, *, #3563, .T. ) ;
#4718 = ORIENTED_EDGE ( 'NONE', *, *, #6188, .F. ) ;
#4719 = FACE_OUTER_BOUND ( 'NONE', #292, .T. ) ;
#4720 = VECTOR ( 'NONE', #1061, 1000.000000000000000 ) ;
#4721 = CARTESIAN_POINT ( 'NONE',  ( -26.45999999999998664, 8.000000000000000000, -37.79999999999998295 ) ) ;
#4722 = CARTESIAN_POINT ( 'NONE',  ( -16.57500000000001350, 2.624999999999995559, 27.64663336986831510 ) ) ;
#4723 = DIRECTION ( 'NONE',  ( -1.492235248152092278E-16, 5.222823368532323219E-16, 1.000000000000000000 ) ) ;
#4724 = FACE_OUTER_BOUND ( 'NONE', #4286, .T. ) ;
#4725 = VECTOR ( 'NONE', #788, 1000.000000000000000 ) ;
#4726 = EDGE_LOOP ( 'NONE', ( #1487, #6550, #8662, #1521, #8596 ) ) ;
#4727 = ORIENTED_EDGE ( 'NONE', *, *, #247, .F. ) ;
#4728 = EDGE_CURVE ( 'NONE', #2256, #3246, #1132, .T. ) ;
#4729 = CARTESIAN_POINT ( 'NONE',  ( -24.62499999999998579, 8.000000000000000000, -37.79999999999998295 ) ) ;
#4730 = DIRECTION ( 'NONE',  ( -0.000000000000000000, 1.000000000000000000, -0.000000000000000000 ) ) ;
#4731 = CARTESIAN_POINT ( 'NONE',  ( 15.12499999999998579, -2.624999999999998668, 17.50336663013171190 ) ) ;
#4732 = CARTESIAN_POINT ( 'NONE',  ( 14.73756271127236417, -13.34972422427346750, -27.45180002890119297 ) ) ;
#4733 = CARTESIAN_POINT ( 'NONE',  ( -21.23179645888630773, -11.96978351649561922, 8.605745400281712421 ) ) ;
#4734 = EDGE_CURVE ( 'NONE', #2742, #5455, #949, .T. ) ;
#4735 = CIRCLE ( 'NONE', #716, 7.999999999999994671 ) ;
#4736 = AXIS2_PLACEMENT_3D ( 'NONE', #567, #6273, #7151 ) ;
#4737 = EDGE_CURVE ( 'NONE', #8750, #83, #8259, .T. ) ;
#4738 = ORIENTED_EDGE ( 'NONE', *, *, #4728, .F. ) ;
#4739 = ORIENTED_EDGE ( 'NONE', *, *, #7927, .T. ) ;
#4740 = EDGE_LOOP ( 'NONE', ( #3669, #1373, #260, #4471 ) ) ;
#4741 = B_SPLINE_CURVE_WITH_KNOTS ( 'NONE', 3,
 ( #2603, #3998, #6679, #318, #7461, #4692, #5404, #4654, #6819, #3216, #6161, #8203, #8104, #1025, #6068, #6118, #275, #8910 ),
 .UNSPECIFIED., .F., .F.,
 ( 4, 2, 2, 2, 2, 2, 2, 2, 4 ),
 ( 1.450584506784690339E-19, 0.0007812110322835759575, 0.001562422064567151915, 0.002343633096850727439, 0.003124844129134303396, 0.003906055161417878920, 0.004687266193701454878, 0.005468477225985029534, 0.006249688258268604191 ),
 .UNSPECIFIED. ) ;
#4742 = LINE ( 'NONE', #1252, #8137 ) ;
#4743 = CARTESIAN_POINT ( 'NONE',  ( -26.13704320855014629, 11.26255484390827100, -0.7541849479694153757 ) ) ;
#4744 = DIRECTION ( 'NONE',  ( 1.000000000000000000, -8.381007514813918854E-33, 1.765621858500567205E-16 ) ) ;
#4745 = FACE_OUTER_BOUND ( 'NONE', #3855, .T. ) ;
#4746 = CIRCLE ( 'NONE', #6105, 2.000000000000001776 ) ;
#4747 = CARTESIAN_POINT ( 'NONE',  ( -23.01812051288953498, -12.68377223398315934, -1.227924077994378971 ) ) ;
#4748 = EDGE_CURVE ( 'NONE', #5454, #7235, #1041, .T. ) ;
#4749 = ADVANCED_FACE ( 'NONE', ( #8174 ), #4000, .F. ) ;
#4750 = EDGE_LOOP ( 'NONE', ( #2756, #8947, #586, #8045 ) ) ;
#4751 = ORIENTED_EDGE ( 'NONE', *, *, #7080, .T. ) ;
#4752 = VECTOR ( 'NONE', #3688, 1000.000000000000000 ) ;
#4753 = CARTESIAN_POINT ( 'NONE',  ( -25.23665721231327908, -11.03946688514881380, -0.6798222950495123040 ) ) ;
#4754 = DIRECTION ( 'NONE',  ( 0.000000000000000000, 0.000000000000000000, -1.000000000000000000 ) ) ;
#4755 = DIRECTION ( 'NONE',  ( 0.000000000000000000, 1.000000000000000000, 0.000000000000000000 ) ) ;
#4756 = CARTESIAN_POINT ( 'NONE',  ( 21.67500000000000782, 1.734723475976807094E-15, -9.849999999999981881 ) ) ;
#4757 = CARTESIAN_POINT ( 'NONE',  ( 12.37858424892283438, 13.95158699385443590, -14.79781117111646971 ) ) ;
#4758 = DIRECTION ( 'NONE',  ( 1.000000000000000000, -0.000000000000000000, 2.881657216719182496E-16 ) ) ;
#4759 = LINE ( 'NONE', #7610, #5948 ) ;
#4760 = ORIENTED_EDGE ( 'NONE', *, *, #8324, .T. ) ;
#4761 = ORIENTED_EDGE ( 'NONE', *, *, #7198, .T. ) ;
#4762 = VERTEX_POINT ( 'NONE', #6085 ) ;
#4763 = CARTESIAN_POINT ( 'NONE',  ( -24.86337054842025651, -7.399999999999996803, 8.471193762254687343 ) ) ;
#4764 = CARTESIAN_POINT ( 'NONE',  ( -10.62712255461673649, -12.09999999999999964, -37.37460308602189940 ) ) ;
#4765 = EDGE_CURVE ( 'NONE', #6330, #4950, #2533, .T. ) ;
#4766 = ADVANCED_FACE ( 'NONE', ( #7520 ), #6835, .F. ) ;
#4767 = CARTESIAN_POINT ( 'NONE',  ( -5.575000000000010836, 8.200000000000020606, -13.04999999999999893 ) ) ;
#4768 = FACE_OUTER_BOUND ( 'NONE', #1420, .T. ) ;
#4769 = FACE_BOUND ( 'NONE', #2488, .T. ) ;
#4770 = AXIS2_PLACEMENT_3D ( 'NONE', #7481, #3192, #1694 ) ;
#4771 = ORIENTED_EDGE ( 'NONE', *, *, #2094, .F. ) ;
#4772 = ORIENTED_EDGE ( 'NONE', *, *, #3453, .F. ) ;
#4773 = CARTESIAN_POINT ( 'NONE',  ( -19.62499999999999645, 14.25140568865275092, -39.29999999999999005 ) ) ;
#4774 = DIRECTION ( 'NONE',  ( 0.000000000000000000, 0.000000000000000000, 1.000000000000000000 ) ) ;
#4775 = FACE_OUTER_BOUND ( 'NONE', #4521, .T. ) ;
#4776 = FACE_OUTER_BOUND ( 'NONE', #5233, .T. ) ;
#4777 = VECTOR ( 'NONE', #4978, 1000.000000000000000 ) ;
#4778 = DIRECTION ( 'NONE',  ( 1.000000000000000000, -0.000000000000000000, 2.881657216719182496E-16 ) ) ;
#4779 = AXIS2_PLACEMENT_3D ( 'NONE', #5799, #8827, #5237 ) ;
#4780 = ORIENTED_EDGE ( 'NONE', *, *, #3158, .T. ) ;
#4781 = ORIENTED_EDGE ( 'NONE', *, *, #8886, .T. ) ;
#4782 = ORIENTED_EDGE ( 'NONE', *, *, #841, .T. ) ;
#4783 = VERTEX_POINT ( 'NONE', #1357 ) ;
#4784 = LINE ( 'NONE', #5446, #5608 ) ;
#4785 = CARTESIAN_POINT ( 'NONE',  ( -24.62499999999998579, 8.000000000000000000, -37.79999999999998295 ) ) ;
#4786 = CARTESIAN_POINT ( 'NONE',  ( 8.509014785873199926, 16.14421494571413263, -25.00000000000000000 ) ) ;
#4787 = CARTESIAN_POINT ( 'NONE',  ( 7.892821782178217838, 12.10000000000000142, -31.98578938135694827 ) ) ;
#4788 = CARTESIAN_POINT ( 'NONE',  ( -26.62499999999999645, -10.67871917582953678, -0.5595730586098370818 ) ) ;
#4789 = ORIENTED_EDGE ( 'NONE', *, *, #4138, .T. ) ;
#4790 = EDGE_LOOP ( 'NONE', ( #8819, #4829, #7012, #2056 ) ) ;
#4791 = CARTESIAN_POINT ( 'NONE',  ( -26.23859775632497815, -9.712810463680293438, 0.6441078416051596589 ) ) ;
#4792 = AXIS2_PLACEMENT_3D ( 'NONE', #8182, #251, #5247 ) ;
#4793 = CARTESIAN_POINT ( 'NONE',  ( 3.160346692069830432, -14.28254109394018379, -32.80380711060330867 ) ) ;
#4794 = EDGE_CURVE ( 'NONE', #6213, #729, #3407, .T. ) ;
#4795 = DIRECTION ( 'NONE',  ( 0.000000000000000000, 0.000000000000000000, -1.000000000000000000 ) ) ;
#4796 = DIRECTION ( 'NONE',  ( 0.5556174052149462916, -0.8314380909136952491, 0.000000000000000000 ) ) ;
#4797 = DIRECTION ( 'NONE',  ( -4.785727636935510021E-32, -1.000000000000000000, 2.710505431213754182E-16 ) ) ;
#4798 = ADVANCED_FACE ( 'NONE', ( #2800 ), #655, .F. ) ;
#4799 = DIRECTION ( 'NONE',  ( 1.734723475976807094E-16, 0.000000000000000000, 1.000000000000000000 ) ) ;
#4800 = LINE ( 'NONE', #2941, #10 ) ;
#4801 = ORIENTED_EDGE ( 'NONE', *, *, #5567, .T. ) ;
#4802 = EDGE_LOOP ( 'NONE', ( #4579, #3376, #8794, #4717 ) ) ;
#4803 = VECTOR ( 'NONE', #8845, 1000.000000000000000 ) ;
#4804 = ORIENTED_EDGE ( 'NONE', *, *, #7720, .F. ) ;
#4805 = CARTESIAN_POINT ( 'NONE',  ( 7.675000000000007816, -10.10000000000000142, -19.99999999999999289 ) ) ;
#4806 = CARTESIAN_POINT ( 'NONE',  ( -18.78208254402114008, 14.99917817821592969, -3.999999999997640110 ) ) ;
#4807 = EDGE_CURVE ( 'NONE', #951, #1203, #4695, .T. ) ;
#4808 = CARTESIAN_POINT ( 'NONE',  ( 10.04334794077035298, 13.77685293241775533, -31.07156462202104308 ) ) ;
#4809 = CARTESIAN_POINT ( 'NONE',  ( -12.07775100597418216, -12.10000000000000675, -35.58940280389291644 ) ) ;
#4810 = CARTESIAN_POINT ( 'NONE',  ( -13.57500000000000995, -14.25802513008863670, -1.752675043362871055 ) ) ;
#4811 = B_SPLINE_CURVE_WITH_KNOTS ( 'NONE', 3,
 ( #4128, #6994, #5116, #7083, #2319, #4222, #685, #6574, #8703, #7821, #76, #7777, #3531, #1388, #6394, #9227, #168, #2833 ),
 .UNSPECIFIED., .F., .F.,
 ( 4, 2, 2, 2, 2, 2, 2, 2, 4 ),
 ( 2.602085213965210642E-18, 0.0007812108331739737793, 0.001562421666347944956, 0.002343632499521916025, 0.003124843332695887311, 0.003906054165869858597, 0.004687264999043829448, 0.005468475832217801168, 0.006249686665391772020 ),
 .UNSPECIFIED. ) ;
#4812 = DIRECTION ( 'NONE',  ( -2.164016633576080887E-32, 1.000000000000000000, 7.509625437129028195E-17 ) ) ;
#4813 = CIRCLE ( 'NONE', #50, 2.000000000000001776 ) ;
#4814 = CARTESIAN_POINT ( 'NONE',  ( -18.58227477541234407, 13.41655736295667012, -38.28299980056998209 ) ) ;
#4815 = EDGE_CURVE ( 'NONE', #415, #7700, #1691, .T. ) ;
#4816 = EDGE_LOOP ( 'NONE', ( #1431, #7998, #4330, #3081, #8632, #3528 ) ) ;
#4817 = EDGE_CURVE ( 'NONE', #2432, #7826, #2100, .T. ) ;
#4818 = EDGE_CURVE ( 'NONE', #9174, #8292, #2707, .T. ) ;
#4819 = EDGE_LOOP ( 'NONE', ( #843, #2129 ) ) ;
#4820 = CARTESIAN_POINT ( 'NONE',  ( -26.84991221830400221, -8.103426060940030595, 9.770281504007392925 ) ) ;
#4821 = CARTESIAN_POINT ( 'NONE',  ( -13.96814575050796670, -10.09999999999998366, -19.72792206135788717 ) ) ;
#4822 = CARTESIAN_POINT ( 'NONE',  ( 17.62499999999999289, -8.500000000000000000, 14.99999999999999822 ) ) ;
#4823 = CARTESIAN_POINT ( 'NONE',  ( 9.627731881092076449, 14.81235149570984078, -25.00000000000000000 ) ) ;
#4824 = CARTESIAN_POINT ( 'NONE',  ( -22.64274064696087407, 2.624999999999999112, 20.55336663013170906 ) ) ;
#4825 = DIRECTION ( 'NONE',  ( 0.7071067811865514585, 5.275848315469644235E-17, 0.7071067811865435759 ) ) ;
#4826 = EDGE_CURVE ( 'NONE', #7465, #3874, #6314, .T. ) ;
#4827 = ORIENTED_EDGE ( 'NONE', *, *, #6198, .F. ) ;
#4828 = EDGE_LOOP ( 'NONE', ( #7057, #6893 ) ) ;
#4829 = ORIENTED_EDGE ( 'NONE', *, *, #5779, .T. ) ;
#4830 = EDGE_LOOP ( 'NONE', ( #5633, #4659, #6147, #4218, #6867, #5479, #8939, #7805, #36, #7272 ) ) ;
#4831 = AXIS2_PLACEMENT_3D ( 'NONE', #548, #5497, #8332 ) ;
#4832 = DIRECTION ( 'NONE',  ( -1.675015967832395207E-16, 0.3162277660168386073, 0.9486832980505136570 ) ) ;
#4833 = DIRECTION ( 'NONE',  ( -1.000000000000000000, -0.000000000000000000, -1.765621858500567205E-16 ) ) ;
#4834 = CYLINDRICAL_SURFACE ( 'NONE', #7200, 2.000000000000001776 ) ;
#4835 = CARTESIAN_POINT ( 'NONE',  ( -25.89720774447073026, -8.103426060940032372, 5.341209296556018060 ) ) ;
#4836 = AXIS2_PLACEMENT_3D ( 'NONE', #6940, #3522, #4118 ) ;
#4837 = DIRECTION ( 'NONE',  ( -1.000000000000000000, 1.317361586081176046E-32, 0.000000000000000000 ) ) ;
#4838 = ORIENTED_EDGE ( 'NONE', *, *, #8446, .F. ) ;
#4839 = ORIENTED_EDGE ( 'NONE', *, *, #5218, .T. ) ;
#4840 = DIRECTION ( 'NONE',  ( 0.000000000000000000, 0.000000000000000000, 1.000000000000000000 ) ) ;
#4841 = PLANE ( 'NONE',  #8598 ) ;
#4842 = EDGE_CURVE ( 'NONE', #5922, #3503, #596, .T. ) ;
#4843 = CARTESIAN_POINT ( 'NONE',  ( 26.62499999999999645, 9.697630206026436994, 0.2388890956086721917 ) ) ;
#4844 = FACE_BOUND ( 'NONE', #189, .T. ) ;
#4845 = CARTESIAN_POINT ( 'NONE',  ( 13.03128605712474020, 13.50882830398447965, -14.10675737170960176 ) ) ;
#4846 = DIRECTION ( 'NONE',  ( -1.000000000000000000, 0.000000000000000000, -2.881657216719182496E-16 ) ) ;
#4847 = ADVANCED_FACE ( 'NONE', ( #8485 ), #6919, .F. ) ;
#4848 = FACE_OUTER_BOUND ( 'NONE', #3575, .T. ) ;
#4849 = VECTOR ( 'NONE', #573, 1000.000000000000000 ) ;
#4850 = ORIENTED_EDGE ( 'NONE', *, *, #8041, .T. ) ;
#4851 = CIRCLE ( 'NONE', #6957, 1.049999999999998934 ) ;
#4852 = ORIENTED_EDGE ( 'NONE', *, *, #2529, .T. ) ;
#4853 = VERTEX_POINT ( 'NONE', #1402 ) ;
#4854 = EDGE_CURVE ( 'NONE', #2786, #6813, #5760, .T. ) ;
#4855 = DIRECTION ( 'NONE',  ( -1.000000000000000000, 0.000000000000000000, 0.000000000000000000 ) ) ;
#4856 = AXIS2_PLACEMENT_3D ( 'NONE', #3313, #2433, #3914 ) ;
#4857 = CARTESIAN_POINT ( 'NONE',  ( 17.62499999999999645, -11.99999999999999645, 1.609473892513943501E-15 ) ) ;
#4858 = CARTESIAN_POINT ( 'NONE',  ( 4.329014785873203763, 14.69688142982449364, -14.86933681708046606 ) ) ;
#4859 = CYLINDRICAL_SURFACE ( 'NONE', #6604, 1.050000000000002265 ) ;
#4860 = B_SPLINE_CURVE_WITH_KNOTS ( 'NONE', 3,
 ( #4609, #5973, #6766, #7039, #4176, #2789, #5540 ),
 .UNSPECIFIED., .F., .F.,
 ( 4, 3, 4 ),
 ( 0.000000000000000000, 0.001836041645968951135, 0.003960488375354362031 ),
 .UNSPECIFIED. ) ;
#4861 = CARTESIAN_POINT ( 'NONE',  ( -24.18491745666283776, -9.475357003913027043, 9.730388396368681470 ) ) ;
#4862 = CIRCLE ( 'NONE', #4109, 1.049999999999998934 ) ;
#4863 = CARTESIAN_POINT ( 'NONE',  ( 3.024999999999989697, -14.28421494571413852, -10.00000000000000355 ) ) ;
#4864 = CARTESIAN_POINT ( 'NONE',  ( -13.96814575050796670, -14.95551785225859120, -19.72792206135788717 ) ) ;
#4865 = ORIENTED_EDGE ( 'NONE', *, *, #7443, .F. ) ;
#4866 = VECTOR ( 'NONE', #8149, 1000.000000000000000 ) ;
#4867 = VERTEX_POINT ( 'NONE', #1266 ) ;
#4868 = CARTESIAN_POINT ( 'NONE',  ( -13.57500000000000995, -14.25802513008863670, -1.752675043362871055 ) ) ;
#4869 = EDGE_CURVE ( 'NONE', #5516, #7378, #5552, .T. ) ;
#4870 = PLANE ( 'NONE',  #6961 ) ;
#4871 = CARTESIAN_POINT ( 'NONE',  ( -19.62499999999999645, 15.00000000000000000, -39.29999999999999005 ) ) ;
#4872 = DIRECTION ( 'NONE',  ( 0.000000000000000000, 0.000000000000000000, -1.000000000000000000 ) ) ;
#4873 = CARTESIAN_POINT ( 'NONE',  ( 13.26131578747432194, 14.49189343498346183, -25.00000000000000000 ) ) ;
#4874 = CARTESIAN_POINT ( 'NONE',  ( -26.65985759996508264, 7.927165286347738871, 0.3576115712174905426 ) ) ;
#4875 = CARTESIAN_POINT ( 'NONE',  ( 18.17312819401016100, -13.00000000567216141, 0.000000000000000000 ) ) ;
#4876 = VECTOR ( 'NONE', #4523, 1000.000000000000000 ) ;
#4877 = ORIENTED_EDGE ( 'NONE', *, *, #1412, .F. ) ;
#4878 = VERTEX_POINT ( 'NONE', #2662 ) ;
#4879 = EDGE_LOOP ( 'NONE', ( #2641, #1739, #4101, #6720 ) ) ;
#4880 = VERTEX_POINT ( 'NONE', #4056 ) ;
#4881 = ORIENTED_EDGE ( 'NONE', *, *, #4044, .T. ) ;
#4882 = PLANE ( 'NONE',  #8891 ) ;
#4883 = ADVANCED_FACE ( 'NONE', ( #3500 ), #4235, .F. ) ;
#4884 = CARTESIAN_POINT ( 'NONE',  ( -22.57500000000001705, -3.249999999999994671, 23.10000000000000853 ) ) ;
#4885 = CARTESIAN_POINT ( 'NONE',  ( 18.17312819460622464, 13.00000000560882185, 0.000000000000000000 ) ) ;
#4886 = ADVANCED_FACE ( 'NONE', ( #1310 ), #5511, .T. ) ;
#4887 = CARTESIAN_POINT ( 'NONE',  ( -16.57500000000001350, -2.624999999999998668, 18.55336663013170551 ) ) ;
#4888 = AXIS2_PLACEMENT_3D ( 'NONE', #6181, #6880, #6228 ) ;
#4889 = CARTESIAN_POINT ( 'NONE',  ( 21.67500000000000426, 1.734723475976807094E-15, -23.20588489187540304 ) ) ;
#4890 = ORIENTED_EDGE ( 'NONE', *, *, #4818, .F. ) ;
#4891 = EDGE_LOOP ( 'NONE', ( #1043, #7776, #1572, #6740, #326 ) ) ;
#4892 = VECTOR ( 'NONE', #897, 1000.000000000000000 ) ;
#4893 = CARTESIAN_POINT ( 'NONE',  ( -27.37462006939401604, -9.224052514321439133, -0.07468417144047040379 ) ) ;
#4894 = CARTESIAN_POINT ( 'NONE',  ( -22.61676944294264402, -5.250000000000000000, 21.10000000000000497 ) ) ;
#4895 = CIRCLE ( 'NONE', #7583, 6.999999999999999112 ) ;
#4896 = LINE ( 'NONE', #87, #7819 ) ;
#4897 = DIRECTION ( 'NONE',  ( -1.000000000000000000, 0.000000000000000000, -2.881657216719182496E-16 ) ) ;
#4898 = DIRECTION ( 'NONE',  ( 0.000000000000000000, -2.710505431213754182E-16, -1.000000000000000000 ) ) ;
#4899 = DIRECTION ( 'NONE',  ( 0.7071067811865523467, -0.000000000000000000, 0.7071067811865426878 ) ) ;
#4900 = CARTESIAN_POINT ( 'NONE',  ( -25.87284951123395160, -7.999999999999996447, 5.433257696160826100 ) ) ;
#4901 = AXIS2_PLACEMENT_3D ( 'NONE', #7292, #2394, #2993 ) ;
#4902 = EDGE_CURVE ( 'NONE', #1109, #3068, #6811, .T. ) ;
#4903 = ORIENTED_EDGE ( 'NONE', *, *, #1312, .F. ) ;
#4904 = EDGE_LOOP ( 'NONE', ( #1120, #4312, #8562, #8163, #7205 ) ) ;
#4905 = VERTEX_POINT ( 'NONE', #561 ) ;
#4906 = DIRECTION ( 'NONE',  ( -1.000000000000000000, -0.000000000000000000, -1.765621858500567205E-16 ) ) ;
#4907 = LINE ( 'NONE', #2809, #1172 ) ;
#4908 = CARTESIAN_POINT ( 'NONE',  ( 26.62500000000000000, -14.16799923439409703, -12.03976285529074097 ) ) ;
#4909 = CARTESIAN_POINT ( 'NONE',  ( -13.57500000000001172, -11.99999999999999645, 8.605745400281712421 ) ) ;
#4910 = CARTESIAN_POINT ( 'NONE',  ( 4.329014785873203763, 15.63421494571413639, -25.00000000000000000 ) ) ;
#4911 = CARTESIAN_POINT ( 'NONE',  ( 13.16965708596492313, 13.49610295378894520, -14.99999999999999822 ) ) ;
#4912 = CARTESIAN_POINT ( 'NONE',  ( -16.57500000000001350, -2.625000000000002220, 26.59663336986831794 ) ) ;
#4913 = ORIENTED_EDGE ( 'NONE', *, *, #4728, .T. ) ;
#4914 = ORIENTED_EDGE ( 'NONE', *, *, #1465, .F. ) ;
#4915 = DIRECTION ( 'NONE',  ( 0.000000000000000000, 0.000000000000000000, -1.000000000000000000 ) ) ;
#4916 = LINE ( 'NONE', #5010, #4561 ) ;
#4917 = CARTESIAN_POINT ( 'NONE',  ( -14.53289302001720884, 2.600000000000148415, -36.29999999999998295 ) ) ;
#4918 = CARTESIAN_POINT ( 'NONE',  ( -13.57500000000000995, -12.46046645559161270, -0.2660418730950038224 ) ) ;
#4919 = DIRECTION ( 'NONE',  ( -2.164016633576081161E-32, 1.000000000000000000, 7.509625437129028195E-17 ) ) ;
#4920 = ADVANCED_FACE ( 'NONE', ( #2051 ), #605, .T. ) ;
#4921 = CARTESIAN_POINT ( 'NONE',  ( -22.57500000000001705, -7.250000000000000888, 22.83900980909181655 ) ) ;
#4922 = CARTESIAN_POINT ( 'NONE',  ( 1.436660135228411184, 15.38382434811872024, -25.00000000000000000 ) ) ;
#4923 = ORIENTED_EDGE ( 'NONE', *, *, #4027, .F. ) ;
#4924 = ORIENTED_EDGE ( 'NONE', *, *, #2487, .F. ) ;
#4925 = ORIENTED_EDGE ( 'NONE', *, *, #2067, .F. ) ;
#4926 = ORIENTED_EDGE ( 'NONE', *, *, #6973, .T. ) ;
#4927 = DIRECTION ( 'NONE',  ( -1.000000000000000000, 0.000000000000000000, 0.000000000000000000 ) ) ;
#4928 = CARTESIAN_POINT ( 'NONE',  ( 21.10525806178436170, -12.67693674692933570, -1.899469790038620190E-13 ) ) ;
#4929 = EDGE_CURVE ( 'NONE', #1622, #359, #35, .T. ) ;
#4930 = LINE ( 'NONE', #4224, #8980 ) ;
#4931 = ADVANCED_FACE ( 'NONE', ( #3722 ), #1492, .F. ) ;
#4932 = DIRECTION ( 'NONE',  ( 1.765621858500567205E-16, 0.000000000000000000, -1.000000000000000000 ) ) ;
#4933 = VECTOR ( 'NONE', #674, 1000.000000000000000 ) ;
#4934 = EDGE_LOOP ( 'NONE', ( #8337, #705 ) ) ;
#4935 = CIRCLE ( 'NONE', #170, 1.049999999999998934 ) ;
#4936 = ORIENTED_EDGE ( 'NONE', *, *, #7607, .F. ) ;
#4937 = ADVANCED_FACE ( 'NONE', ( #2895 ), #2242, .F. ) ;
#4938 = EDGE_CURVE ( 'NONE', #2535, #4427, #5930, .T. ) ;
#4939 = AXIS2_PLACEMENT_3D ( 'NONE', #1998, #6872, #8256 ) ;
#4940 = FACE_OUTER_BOUND ( 'NONE', #1646, .T. ) ;
#4941 = DIRECTION ( 'NONE',  ( 1.000000000000000000, 0.000000000000000000, 2.881657216719182496E-16 ) ) ;
#4942 = CARTESIAN_POINT ( 'NONE',  ( -26.84991221830399866, -8.103426060940032372, 5.341209296556018060 ) ) ;
#4943 = DIRECTION ( 'NONE',  ( -0.000000000000000000, 0.000000000000000000, 1.000000000000000000 ) ) ;
#4944 = DIRECTION ( 'NONE',  ( -0.000000000000000000, 1.000000000000000000, -0.000000000000000000 ) ) ;
#4945 = B_SPLINE_CURVE_WITH_KNOTS ( 'NONE', 3,
 ( #4117, #7629, #8364, #7026, #1198, #6150, #4918, #9025 ),
 .UNSPECIFIED., .F., .F.,
 ( 4, 2, 2, 4 ),
 ( 2.168404344971008868E-19, 0.0007057003623282273944, 0.001411400724656454572, 0.002822801449312904373 ),
 .UNSPECIFIED. ) ;
#4946 = CARTESIAN_POINT ( 'NONE',  ( 9.282934774401484290, -12.76855301692050482, 0.02540615194721771233 ) ) ;
#4947 = EDGE_LOOP ( 'NONE', ( #1031, #5243, #2988, #8421 ) ) ;
#4948 = ORIENTED_EDGE ( 'NONE', *, *, #6266, .T. ) ;
#4949 = VECTOR ( 'NONE', #456, 1000.000000000000000 ) ;
#4950 = VERTEX_POINT ( 'NONE', #1538 ) ;
#4951 = CARTESIAN_POINT ( 'NONE',  ( 9.675000000000004263, -10.09999999999999609, -31.19659787680117802 ) ) ;
#4952 = FACE_OUTER_BOUND ( 'NONE', #5947, .T. ) ;
#4953 = FACE_BOUND ( 'NONE', #71, .T. ) ;
#4954 = PLANE ( 'NONE',  #183 ) ;
#4955 = CARTESIAN_POINT ( 'NONE',  ( -23.16053390593261696, 28.10000000000000853, -10.53553390593271288 ) ) ;
#4956 = CARTESIAN_POINT ( 'NONE',  ( 11.44533923317393587, 14.65904712452369907, -15.00000000000000000 ) ) ;
#4957 = CIRCLE ( 'NONE', #1240, 6.999999999999999112 ) ;
#4958 = CARTESIAN_POINT ( 'NONE',  ( -19.01214961609020904, 14.32379000772444755, -1.774596669241475411 ) ) ;
#4959 = CARTESIAN_POINT ( 'NONE',  ( 3.024999999999989697, -14.28421494571413852, 0.000000000000000000 ) ) ;
#4960 = AXIS2_PLACEMENT_3D ( 'NONE', #346, #6848, #8936 ) ;
#4961 = ORIENTED_EDGE ( 'NONE', *, *, #5676, .F. ) ;
#4962 = ORIENTED_EDGE ( 'NONE', *, *, #8969, .T. ) ;
#4963 = DIRECTION ( 'NONE',  ( 0.000000000000000000, 0.000000000000000000, 1.000000000000000000 ) ) ;
#4964 = CARTESIAN_POINT ( 'NONE',  ( -10.35275343889756172, 14.88781408119846184, -36.35085535828888936 ) ) ;
#4965 = DIRECTION ( 'NONE',  ( 1.000000000000000000, 0.000000000000000000, 2.881657216719182496E-16 ) ) ;
#4966 = AXIS2_PLACEMENT_3D ( 'NONE', #5374, #1084, #4577 ) ;
#4967 = CARTESIAN_POINT ( 'NONE',  ( -19.02337882328718877, -14.00000000000000178, -38.29999999999998295 ) ) ;
#4968 = CARTESIAN_POINT ( 'NONE',  ( -19.62499999999999645, -15.00000000000000000, -2.081668171172168513E-14 ) ) ;
#4969 = CARTESIAN_POINT ( 'NONE',  ( -22.84327970294965482, 4.561207988457402607, 18.03570117757276137 ) ) ;
#4970 = DIRECTION ( 'NONE',  ( -0.7071067811865431318, 0.000000000000000000, 0.7071067811865520136 ) ) ;
#4971 = APPLICATION_PROTOCOL_DEFINITION ( 'draft international standard', 'automotive_design', 1998, #7355 ) ;
#4972 = ORIENTED_EDGE ( 'NONE', *, *, #4842, .T. ) ;
#4973 = VERTEX_POINT ( 'NONE', #1584 ) ;
#4974 = ORIENTED_EDGE ( 'NONE', *, *, #2361, .F. ) ;
#4975 = VERTEX_POINT ( 'NONE', #6590 ) ;
#4976 = CARTESIAN_POINT ( 'NONE',  ( 5.297386856978961056, -2.602085213965210642E-15, -29.29999999999998650 ) ) ;
#4977 = EDGE_CURVE ( 'NONE', #7932, #7646, #5741, .T. ) ;
#4978 = DIRECTION ( 'NONE',  ( 1.000000000000000000, -0.000000000000000000, 2.881657216719182496E-16 ) ) ;
#4979 = CARTESIAN_POINT ( 'NONE',  ( 17.62499999999999289, 7.000000000000003553, 13.50000000000000178 ) ) ;
#4980 = DIRECTION ( 'NONE',  ( 2.164016633576080887E-32, 1.000000000000000000, -7.509625437129028195E-17 ) ) ;
#4981 = ORIENTED_EDGE ( 'NONE', *, *, #7455, .F. ) ;
#4982 = EDGE_CURVE ( 'NONE', #9174, #6591, #7280, .T. ) ;
#4983 = ORIENTED_EDGE ( 'NONE', *, *, #6367, .F. ) ;
#4984 = CARTESIAN_POINT ( 'NONE',  ( 25.18231851146954980, 12.18520486923940105, 7.806255641895631925E-15 ) ) ;
#4985 = CARTESIAN_POINT ( 'NONE',  ( -26.62500000000001066, 5.250000000000000000, 23.10000000000000853 ) ) ;
#4986 = EDGE_CURVE ( 'NONE', #8092, #1806, #94, .T. ) ;
#4987 = DIRECTION ( 'NONE',  ( -2.164016633576080887E-32, -1.000000000000000000, 7.509625437129028195E-17 ) ) ;
#4988 = AXIS2_PLACEMENT_3D ( 'NONE', #4043, #9180, #7686 ) ;
#4989 = PLANE ( 'NONE',  #3840 ) ;
#4990 = DIRECTION ( 'NONE',  ( 0.000000000000000000, 0.000000000000000000, 1.000000000000000000 ) ) ;
#4991 = CARTESIAN_POINT ( 'NONE',  ( -9.969448724536016826, -12.99999999999999822, -0.2792407799438627602 ) ) ;
#4992 = ORIENTED_EDGE ( 'NONE', *, *, #656, .F. ) ;
#4993 = VERTEX_POINT ( 'NONE', #6635 ) ;
#4994 = EDGE_LOOP ( 'NONE', ( #5500, #6573, #5324, #1703, #2201, #936, #1702 ) ) ;
#4995 = LINE ( 'NONE', #1456, #7850 ) ;
#4996 = DIRECTION ( 'NONE',  ( 0.000000000000000000, -1.000000000000000000, 0.000000000000000000 ) ) ;
#4997 = CARTESIAN_POINT ( 'NONE',  ( -13.96814575050769847, 10.10000000000000142, -32.72792206135788717 ) ) ;
#4998 = ADVANCED_FACE ( 'NONE', ( #2288 ), #8720, .F. ) ;
#4999 = DIRECTION ( 'NONE',  ( 0.000000000000000000, 0.000000000000000000, 1.000000000000000000 ) ) ;
#5001 = ADVANCED_FACE ( 'NONE', ( #3677 ), #887, .F. ) ;
#5000 = CARTESIAN_POINT ( 'NONE',  ( -11.07500000000001528, -2.624999999999998668, 17.50336663013170835 ) ) ;
#5002 = VECTOR ( 'NONE', #1179, 1000.000000000000000 ) ;
#5003 = DIRECTION ( 'NONE',  ( -0.000000000000000000, -0.000000000000000000, 1.000000000000000000 ) ) ;
#5004 = B_SPLINE_CURVE_WITH_KNOTS ( 'NONE', 3,
 ( #5766, #5015, #1473, #3612, #8605, #1517 ),
 .UNSPECIFIED., .F., .F.,
 ( 4, 2, 4 ),
 ( 0.000000000000000000, 0.0006996025100571128799, 0.001399205020114225760 ),
 .UNSPECIFIED. ) ;
#5005 = LINE ( 'NONE', #1506, #5492 ) ;
#5006 = ORIENTED_EDGE ( 'NONE', *, *, #3600, .F. ) ;
#5007 = CARTESIAN_POINT ( 'NONE',  ( 15.12499999999998579, 2.624999999999995559, 27.64663336986832221 ) ) ;
#5008 = CARTESIAN_POINT ( 'NONE',  ( -13.39993915504746447, -7.100000000000003197, -36.29999999999998295 ) ) ;
#5009 = VECTOR ( 'NONE', #2562, 1000.000000000000000 ) ;
#5010 = CARTESIAN_POINT ( 'NONE',  ( -23.16053390593271644, 15.00000000000000000, -19.99999999999999289 ) ) ;
#5011 = CYLINDRICAL_SURFACE ( 'NONE', #619, 2.000000000000001776 ) ;
#5012 = CARTESIAN_POINT ( 'NONE',  ( 25.86150557567424002, -11.21041554029328857, -16.75614846005042224 ) ) ;
#5013 = CARTESIAN_POINT ( 'NONE',  ( -22.57500000000001705, 11.99999999999999467, 23.10000000000000853 ) ) ;
#5014 = VECTOR ( 'NONE', #529, 1000.000000000000000 ) ;
#5015 = CARTESIAN_POINT ( 'NONE',  ( 7.829014785873201987, 14.55090690177087787, -25.05283586682872254 ) ) ;
#5016 = FACE_OUTER_BOUND ( 'NONE', #8394, .T. ) ;
#5017 = EDGE_LOOP ( 'NONE', ( #4182, #3082, #8325, #1065 ) ) ;
#5018 = EDGE_LOOP ( 'NONE', ( #7512, #7942 ) ) ;
#5019 = VERTEX_POINT ( 'NONE', #4282 ) ;
#5020 = EDGE_CURVE ( 'NONE', #3504, #2245, #2271, .T. ) ;
#5021 = ORIENTED_EDGE ( 'NONE', *, *, #9209, .T. ) ;
#5022 = CARTESIAN_POINT ( 'NONE',  ( 21.67500000000000782, 1.734723475976806897E-15, 13.64553149005147326 ) ) ;
#5023 = CARTESIAN_POINT ( 'NONE',  ( 25.75185937549460036, 12.11275902115985303, -12.03976285529074275 ) ) ;
#5024 = DIRECTION ( 'NONE',  ( 0.000000000000000000, 0.000000000000000000, -1.000000000000000000 ) ) ;
#5026 = AXIS2_PLACEMENT_3D ( 'NONE', #8958, #6830, #7603 ) ;
#5025 = VECTOR ( 'NONE', #6313, 1000.000000000000000 ) ;
#5027 = EDGE_CURVE ( 'NONE', #6339, #692, #6361, .T. ) ;
#5028 = FACE_OUTER_BOUND ( 'NONE', #4790, .T. ) ;
#5029 = ADVANCED_FACE ( 'NONE', ( #8017, #5131 ), #7970, .F. ) ;
#5030 = ORIENTED_EDGE ( 'NONE', *, *, #2412, .F. ) ;
#5031 = VERTEX_POINT ( 'NONE', #3773 ) ;
#5032 = CARTESIAN_POINT ( 'NONE',  ( 25.17418248664446878, 11.29059258346694250, -18.38890033815068392 ) ) ;
#5033 = CARTESIAN_POINT ( 'NONE',  ( 22.29518670628680965, -12.53797156923153899, -21.15400705038880957 ) ) ;
#5034 = CYLINDRICAL_SURFACE ( 'NONE', #2746, 2.000000000000001776 ) ;
#5035 = CARTESIAN_POINT ( 'NONE',  ( 12.67500000000000604, -10.09999999999999609, -9.849999999999983658 ) ) ;
#5036 = ADVANCED_FACE ( 'NONE', ( #228 ), #6452, .F. ) ;
#5037 = DIRECTION ( 'NONE',  ( -4.785727636935510021E-32, -1.000000000000000000, 2.710505431213754182E-16 ) ) ;
#5038 = VECTOR ( 'NONE', #724, 1000.000000000000000 ) ;
#5039 = CARTESIAN_POINT ( 'NONE',  ( -5.575000000000010836, 8.200000000000020606, -10.00000000000000000 ) ) ;
#5040 = VECTOR ( 'NONE', #7299, 1000.000000000000000 ) ;
#5041 = ORIENTED_EDGE ( 'NONE', *, *, #6325, .F. ) ;
#5042 = ORIENTED_EDGE ( 'NONE', *, *, #5267, .T. ) ;
#5043 = ORIENTED_EDGE ( 'NONE', *, *, #268, .T. ) ;
#5044 = DIRECTION ( 'NONE',  ( 1.000000000000000000, 0.000000000000000000, 2.881657216719182496E-16 ) ) ;
#5045 = CARTESIAN_POINT ( 'NONE',  ( -19.62499999999986144, -10.10000000000000853, -6.999999999999993783 ) ) ;
#5046 = CARTESIAN_POINT ( 'NONE',  ( 26.62500000000000000, 15.00000000000000000, -12.03976285529074630 ) ) ;
#5047 = AXIS2_PLACEMENT_3D ( 'NONE', #7939, #7202, #805 ) ;
#5048 = DIRECTION ( 'NONE',  ( 0.000000000000000000, 0.000000000000000000, -1.000000000000000000 ) ) ;
#5049 = CARTESIAN_POINT ( 'NONE',  ( -22.95872278651474829, -3.948431561191866113, 17.04820983808565416 ) ) ;
#5050 = VECTOR ( 'NONE', #4645, 1000.000000000000000 ) ;
#5051 = DIRECTION ( 'NONE',  ( 0.000000000000000000, 0.000000000000000000, -1.000000000000000000 ) ) ;
#5052 = PLANE ( 'NONE',  #2811 ) ;
#5053 = VERTEX_POINT ( 'NONE', #3590 ) ;
#5054 = B_SPLINE_CURVE_WITH_KNOTS ( 'NONE', 3,
 ( #1862, #6126, #8957, #5369 ),
 .UNSPECIFIED., .F., .F.,
 ( 4, 4 ),
 ( 2.670572845909465344E-17, 0.002792665828727951445 ),
 .UNSPECIFIED. ) ;
#5055 = CARTESIAN_POINT ( 'NONE',  ( 22.62499999999999645, -11.99999999999999645, 0.8672861625754182402 ) ) ;
#5056 = CARTESIAN_POINT ( 'NONE',  ( -23.02445639404653477, -2.360109242433667820, 16.55336663013170195 ) ) ;
#5057 = EDGE_CURVE ( 'NONE', #8929, #7582, #46, .T. ) ;
#5058 = DIRECTION ( 'NONE',  ( -1.000000000000000000, 0.000000000000000000, 0.000000000000000000 ) ) ;
#5059 = CARTESIAN_POINT ( 'NONE',  ( 7.892821784336615742, -12.09999999999999964, -29.80643373951743058 ) ) ;
#5060 = DIRECTION ( 'NONE',  ( 1.000000000000000000, 0.000000000000000000, 1.765621858500567205E-16 ) ) ;
#5061 = CARTESIAN_POINT ( 'NONE',  ( 2.523597582109687654, 14.32039303763195370, -26.00000000000000355 ) ) ;
#5062 = CARTESIAN_POINT ( 'NONE',  ( -22.93551974485752609, 4.133091140634228999, 17.23327459680585605 ) ) ;
#5063 = CARTESIAN_POINT ( 'NONE',  ( -22.64274064696087407, 2.624999999999999112, 20.55336663013170906 ) ) ;
#5064 = ORIENTED_EDGE ( 'NONE', *, *, #3851, .T. ) ;
#5065 = ORIENTED_EDGE ( 'NONE', *, *, #931, .T. ) ;
#5066 = ORIENTED_EDGE ( 'NONE', *, *, #2190, .T. ) ;
#5067 = ORIENTED_EDGE ( 'NONE', *, *, #6500, .F. ) ;
#5068 = FACE_OUTER_BOUND ( 'NONE', #1160, .T. ) ;
#5069 = CARTESIAN_POINT ( 'NONE',  ( 24.10094804774716337, 12.32097607832217179, -20.23910493708263658 ) ) ;
#5070 = CYLINDRICAL_SURFACE ( 'NONE', #937, 1.050000000000002265 ) ;
#5071 = CARTESIAN_POINT ( 'NONE',  ( 26.59359191899140029, -11.12464644838972028, -13.28568560375078000 ) ) ;
#5072 = CYLINDRICAL_SURFACE ( 'NONE', #701, 1.000000000000000000 ) ;
#5073 = VERTEX_POINT ( 'NONE', #8206 ) ;
#5074 = ORIENTED_EDGE ( 'NONE', *, *, #2586, .T. ) ;
#5075 = CARTESIAN_POINT ( 'NONE',  ( -12.05988476334711201, -10.91951526376750969, 5.204170427930421283E-15 ) ) ;
#5076 = DIRECTION ( 'NONE',  ( -0.000000000000000000, 0.000000000000000000, -1.000000000000000000 ) ) ;
#5077 = AXIS2_PLACEMENT_3D ( 'NONE', #7422, #8868, #3864 ) ;
#5078 = AXIS2_PLACEMENT_3D ( 'NONE', #8882, #3833, #5291 ) ;
#5079 = AXIS2_PLACEMENT_3D ( 'NONE', #7859, #63, #6380 ) ;
#5080 = CARTESIAN_POINT ( 'NONE',  ( -19.62499999999986144, -15.00000000000000000, -6.999999999999993783 ) ) ;
#5081 = LINE ( 'NONE', #7006, #8172 ) ;
#5082 = VECTOR ( 'NONE', #2038, 1000.000000000000000 ) ;
#5083 = CARTESIAN_POINT ( 'NONE',  ( 7.675000000000005151, -10.10000000000000497, -13.04999999999999893 ) ) ;
#5084 = CARTESIAN_POINT ( 'NONE',  ( -25.59450679630783299, -9.475357003913027043, 5.381102404194733957 ) ) ;
#5085 = VERTEX_POINT ( 'NONE', #8818 ) ;
#5086 = VERTEX_POINT ( 'NONE', #8109 ) ;
#5087 = AXIS2_PLACEMENT_3D ( 'NONE', #1377, #1285, #6240 ) ;
#5088 = EDGE_LOOP ( 'NONE', ( #3774, #7020, #4220 ) ) ;
#5089 = CARTESIAN_POINT ( 'NONE',  ( -0.7128906250000002220, -0.8904001052403969219, -35.79999999999999005 ) ) ;
#5090 = DIRECTION ( 'NONE',  ( 0.000000000000000000, 0.000000000000000000, -1.000000000000000000 ) ) ;
#5091 = FACE_BOUND ( 'NONE', #2898, .T. ) ;
#5092 = EDGE_CURVE ( 'NONE', #83, #6006, #4515, .T. ) ;
#5093 = LINE ( 'NONE', #7755, #8032 ) ;
#5094 = FACE_BOUND ( 'NONE', #4828, .T. ) ;
#5095 = FACE_OUTER_BOUND ( 'NONE', #3777, .T. ) ;
#5096 = CARTESIAN_POINT ( 'NONE',  ( -11.07500000000001705, -5.250000000000000000, 23.10000000000001208 ) ) ;
#5097 = ORIENTED_EDGE ( 'NONE', *, *, #3574, .F. ) ;
#5098 = CIRCLE ( 'NONE', #6306, 1.049999999999998934 ) ;
#5099 = EDGE_CURVE ( 'NONE', #8991, #8326, #5501, .T. ) ;
#5100 = CARTESIAN_POINT ( 'NONE',  ( -22.57917999369006523, 7.147911196020340086, 22.45569072149168122 ) ) ;
#5101 = CARTESIAN_POINT ( 'NONE',  ( -18.78208254402114008, 14.99917817821688715, 4.129675960998114174E-12 ) ) ;
#5102 = CARTESIAN_POINT ( 'NONE',  ( 25.62916715179393989, 12.12856087644367342, -14.37958119831648673 ) ) ;
#5103 = AXIS2_PLACEMENT_3D ( 'NONE', #3047, #5952, #2356 ) ;
#5104 = DIRECTION ( 'NONE',  ( 1.000000000000000000, -0.000000000000000000, 2.881657216719182496E-16 ) ) ;
#5105 = CARTESIAN_POINT ( 'NONE',  ( -14.70261314302102917, 2.428612866367529427E-13, -37.97280655551546147 ) ) ;
#5106 = EDGE_CURVE ( 'NONE', #8126, #2200, #4851, .T. ) ;
#5107 = CARTESIAN_POINT ( 'NONE',  ( -6.624999999999988454, 7.999999999999992895, 4.621590195025240580E-15 ) ) ;
#5108 = CARTESIAN_POINT ( 'NONE',  ( -22.95865502733948560, 3.949040309198245335, 17.04874072163216780 ) ) ;
#5109 = CARTESIAN_POINT ( 'NONE',  ( -26.62500000000001066, -2.625000000000002220, 26.59663336986831439 ) ) ;
#5110 = EDGE_CURVE ( 'NONE', #7262, #4149, #1674, .T. ) ;
#5111 = EDGE_CURVE ( 'NONE', #7357, #1097, #3171, .T. ) ;
#5112 = ORIENTED_EDGE ( 'NONE', *, *, #3948, .F. ) ;
#5113 = VERTEX_POINT ( 'NONE', #3309 ) ;
#5114 = ORIENTED_EDGE ( 'NONE', *, *, #3117, .F. ) ;
#5115 = VECTOR ( 'NONE', #254, 1000.000000000000000 ) ;
#5116 = CARTESIAN_POINT ( 'NONE',  ( -10.37500000000001066, 14.85505130323381451, -3.476107455576070038 ) ) ;
#5117 = CARTESIAN_POINT ( 'NONE',  ( 24.40428867060938600, 11.37960573136030185, -19.76927952217927498 ) ) ;
#5118 = CARTESIAN_POINT ( 'NONE',  ( 18.90741076758604677, 12.92197132995280562, 7.288444848488929516E-15 ) ) ;
#5119 = CARTESIAN_POINT ( 'NONE',  ( 24.06754393069439857, -11.41827254162190286, -20.28907860351803194 ) ) ;
#5120 = EDGE_CURVE ( 'NONE', #4716, #2387, #3817, .T. ) ;
#5121 = CARTESIAN_POINT ( 'NONE',  ( 26.62499999999998934, 7.999999999999994671, 23.10000000000001918 ) ) ;
#5122 = EDGE_CURVE ( 'NONE', #1479, #5604, #7691, .T. ) ;
#5123 = EDGE_LOOP ( 'NONE', ( #8954, #5639, #3537, #5336, #1372, #270, #5359, #6991 ) ) ;
#5124 = B_SPLINE_CURVE_WITH_KNOTS ( 'NONE', 3,
 ( #9094, #2705, #5550, #2658 ),
 .UNSPECIFIED., .F., .F.,
 ( 4, 4 ),
 ( 0.000000000000000000, 0.005000533879097862795 ),
 .UNSPECIFIED. ) ;
#5125 = ORIENTED_EDGE ( 'NONE', *, *, #7453, .T. ) ;
#5126 = CARTESIAN_POINT ( 'NONE',  ( 18.58143388881348912, 12.01608930126863761, -25.95379859605773021 ) ) ;
#5127 = DIRECTION ( 'NONE',  ( 1.000000000000000000, 0.000000000000000000, -0.000000000000000000 ) ) ;
#5128 = DIRECTION ( 'NONE',  ( -0.000000000000000000, -1.000000000000000000, -0.000000000000000000 ) ) ;
#5129 = CARTESIAN_POINT ( 'NONE',  ( 15.12499999999998757, 0.000000000000000000, 23.10000000000001918 ) ) ;
#5130 = CARTESIAN_POINT ( 'NONE',  ( -24.89842205948451337, 12.14945700914991633, -1.049819003049964561 ) ) ;
#5131 = FACE_OUTER_BOUND ( 'NONE', #8538, .T. ) ;
#5132 = EDGE_LOOP ( 'NONE', ( #6270, #6760, #1250, #1918 ) ) ;
#5133 = CARTESIAN_POINT ( 'NONE',  ( 16.62499999999998934, 8.500000000000000000, 15.00000000000000178 ) ) ;
#5134 = EDGE_LOOP ( 'NONE', ( #983, #8444 ) ) ;
#5135 = ORIENTED_EDGE ( 'NONE', *, *, #142, .T. ) ;
#5136 = ORIENTED_EDGE ( 'NONE', *, *, #5707, .T. ) ;
#5137 = EDGE_CURVE ( 'NONE', #732, #1638, #2155, .T. ) ;
#5138 = CARTESIAN_POINT ( 'NONE',  ( -19.62499999999999645, 14.25140568865275270, -38.26788180048652066 ) ) ;
#5139 = CIRCLE ( 'NONE', #3496, 1.050000000000002265 ) ;
#5140 = CARTESIAN_POINT ( 'NONE',  ( -19.62499999999999645, 14.25140568865275270, -39.29999999999999005 ) ) ;
#5141 = FACE_OUTER_BOUND ( 'NONE', #624, .T. ) ;
#5142 = CARTESIAN_POINT ( 'NONE',  ( -23.90028431221866256, -11.00000000000000000, 2.602085213965210642E-15 ) ) ;
#5143 = EDGE_CURVE ( 'NONE', #4677, #7659, #241, .T. ) ;
#5144 = CARTESIAN_POINT ( 'NONE',  ( -22.77914760580468823, -4.625209980841019863, 18.68028276270606014 ) ) ;
#5145 = CARTESIAN_POINT ( 'NONE',  ( 16.62499999999998934, 7.000000000000000000, 13.50000000000000178 ) ) ;
#5146 = CIRCLE ( 'NONE', #6347, 4.000000000000000000 ) ;
#5147 = CARTESIAN_POINT ( 'NONE',  ( 1.436660136607466720, 15.38382434803919807, -15.00000000000000000 ) ) ;
#5148 = EDGE_LOOP ( 'NONE', ( #3421, #4353, #7794, #5934, #7010, #8480, #6102 ) ) ;
#5149 = CARTESIAN_POINT ( 'NONE',  ( -22.58305295106123722, 7.047515911769930419, 22.21335582036242329 ) ) ;
#5150 = CARTESIAN_POINT ( 'NONE',  ( -23.90028431223046823, 15.00000000000000000, 4.336808689942017736E-15 ) ) ;
#5151 = CARTESIAN_POINT ( 'NONE',  ( -10.43261184457493940, -14.88244887111394377, -29.19238815542516718 ) ) ;
#5152 = LINE ( 'NONE', #2611, #6294 ) ;
#5153 = CARTESIAN_POINT ( 'NONE',  ( -14.26278408326025726, -4.310807081393952522, -37.92019194290224959 ) ) ;
#5154 = CYLINDRICAL_SURFACE ( 'NONE', #2006, 1.049999999999998934 ) ;
#5155 = LINE ( 'NONE', #5109, #5115 ) ;
#5156 = EDGE_CURVE ( 'NONE', #7148, #2443, #8141, .T. ) ;
#5157 = VECTOR ( 'NONE', #3164, 1000.000000000000000 ) ;
#5158 = ORIENTED_EDGE ( 'NONE', *, *, #3121, .F. ) ;
#5159 = ORIENTED_EDGE ( 'NONE', *, *, #7649, .F. ) ;
#5160 = AXIS2_PLACEMENT_3D ( 'NONE', #6999, #6953, #1257 ) ;
#5161 = ORIENTED_EDGE ( 'NONE', *, *, #6136, .T. ) ;
#5162 = CARTESIAN_POINT ( 'NONE',  ( -26.11717090199525515, -9.954330846538203659, 0.5486290890251436236 ) ) ;
#5163 = CARTESIAN_POINT ( 'NONE',  ( 25.31909719891172728, 12.16883917339349708, -18.09350114482492700 ) ) ;
#5164 = VECTOR ( 'NONE', #9118, 1000.000000000000000 ) ;
#5165 = DIRECTION ( 'NONE',  ( 2.478176394252581634E-16, 0.000000000000000000, -1.000000000000000000 ) ) ;
#5166 = CARTESIAN_POINT ( 'NONE',  ( 24.97799718031959060, -12.21094930979783477, -16.62823798630822836 ) ) ;
#5167 = DIRECTION ( 'NONE',  ( 0.000000000000000000, 0.000000000000000000, 1.000000000000000000 ) ) ;
#5168 = VECTOR ( 'NONE', #4151, 1000.000000000000000 ) ;
#5169 = VERTEX_POINT ( 'NONE', #8866 ) ;
#5170 = ORIENTED_EDGE ( 'NONE', *, *, #142, .F. ) ;
#5171 = EDGE_CURVE ( 'NONE', #2721, #3162, #4862, .T. ) ;
#5172 = AXIS2_PLACEMENT_3D ( 'NONE', #2870, #7719, #2918 ) ;
#5173 = ADVANCED_FACE ( 'NONE', ( #1856, #4696 ), #6865, .F. ) ;
#5174 = CARTESIAN_POINT ( 'NONE',  ( 6.134980648615409926, 13.09893389166608735, -32.71550444634797827 ) ) ;
#5175 = LINE ( 'NONE', #5878, #6291 ) ;
#5176 = CARTESIAN_POINT ( 'NONE',  ( -24.25585702937311794, 17.95905862189689017, -39.29999999999999005 ) ) ;
#5177 = CARTESIAN_POINT ( 'NONE',  ( -8.952528579312573953, 10.10000000000000320, -35.08564934601923113 ) ) ;
#5178 = CARTESIAN_POINT ( 'NONE',  ( -26.44546365250831244, 10.92327016355247160, -0.6410900545174815779 ) ) ;
#5179 = CARTESIAN_POINT ( 'NONE',  ( 0.9290147858732040742, 18.28421494571414030, -25.00000000000000000 ) ) ;
#5180 = AXIS2_PLACEMENT_3D ( 'NONE', #5326, #1175, #4754 ) ;
#5181 = EDGE_LOOP ( 'NONE', ( #5537, #2175, #8422, #9087, #4913, #4180, #8870, #2430 ) ) ;
#5182 = CARTESIAN_POINT ( 'NONE',  ( -26.62500000000001066, -5.250000000000000000, 22.05000000000001492 ) ) ;
#5183 = ORIENTED_EDGE ( 'NONE', *, *, #9027, .T. ) ;
#5184 = ORIENTED_EDGE ( 'NONE', *, *, #38, .F. ) ;
#5185 = ORIENTED_EDGE ( 'NONE', *, *, #3879, .T. ) ;
#5186 = DIRECTION ( 'NONE',  ( 1.000000000000000000, -0.000000000000000000, 2.881657216719182496E-16 ) ) ;
#5187 = CARTESIAN_POINT ( 'NONE',  ( 13.03128605712476151, 13.50882830398447787, -25.89324262829037337 ) ) ;
#5188 = CARTESIAN_POINT ( 'NONE',  ( -24.62499999999998579, 8.000000000000000000, -33.09999999999998721 ) ) ;
#5189 = CARTESIAN_POINT ( 'NONE',  ( 12.67500000000000959, 10.10000000000000142, -9.849999999999983658 ) ) ;
#5190 = AXIS2_PLACEMENT_3D ( 'NONE', #7606, #6174, #1177 ) ;
#5191 = CARTESIAN_POINT ( 'NONE',  ( -23.02265337674017331, -2.887701144547187404, 16.56639837073853627 ) ) ;
#5192 = VECTOR ( 'NONE', #5293, 1000.000000000000000 ) ;
#5193 = CARTESIAN_POINT ( 'NONE',  ( -13.57500000000000995, 10.09999999999998899, 1.040834085586084257E-14 ) ) ;
#5194 = EDGE_CURVE ( 'NONE', #5591, #8991, #4702, .T. ) ;
#5195 = CARTESIAN_POINT ( 'NONE',  ( -22.73440712732558922, 0.7256569247785935595, 19.19341015477776935 ) ) ;
#5196 = ORIENTED_EDGE ( 'NONE', *, *, #6520, .F. ) ;
#5197 = TOROIDAL_SURFACE ( 'NONE', #9219, 51.90277777777828305, 4.000000000000000000 ) ;
#5198 = DIRECTION ( 'NONE',  ( 1.000000000000000000, -0.000000000000000000, 2.881657216719182496E-16 ) ) ;
#5199 = LINE ( 'NONE', #7391, #3399 ) ;
#5200 = PLANE ( 'NONE',  #1085 ) ;
#5201 = DIRECTION ( 'NONE',  ( 1.000000000000000000, 0.000000000000000000, 2.881657216719182496E-16 ) ) ;
#5202 = TOROIDAL_SURFACE ( 'NONE', #6990, 7.999999999999994671, 4.000000000000000000 ) ;
#5203 = CARTESIAN_POINT ( 'NONE',  ( -19.31083502193769874, 13.99987239901617997, -38.29817666897892536 ) ) ;
#5204 = DIRECTION ( 'NONE',  ( 0.000000000000000000, -1.000000000000000000, 0.000000000000000000 ) ) ;
#5205 = CARTESIAN_POINT ( 'NONE',  ( 9.282991831072239464, 12.76853319019594757, 0.02541091977045459305 ) ) ;
#5206 = AXIS2_PLACEMENT_3D ( 'NONE', #2437, #4526, #3919 ) ;
#5207 = ORIENTED_EDGE ( 'NONE', *, *, #7052, .F. ) ;
#5208 = VERTEX_POINT ( 'NONE', #2470 ) ;
#5209 = ORIENTED_EDGE ( 'NONE', *, *, #1449, .F. ) ;
#5210 = CARTESIAN_POINT ( 'NONE',  ( -26.41519257919735253, -9.253111467567039838, 0.8257058661099554442 ) ) ;
#5211 = EDGE_CURVE ( 'NONE', #6115, #1946, #6072, .T. ) ;
#5212 = CARTESIAN_POINT ( 'NONE',  ( 5.709934696934293008, 14.11076571724738926, -32.91384736214528317 ) ) ;
#5213 = PLANE ( 'NONE',  #5263 ) ;
#5214 = CARTESIAN_POINT ( 'NONE',  ( 20.90426216776836199, -11.77159014294985440, -24.00277199230946934 ) ) ;
#5215 = DIRECTION ( 'NONE',  ( -2.164016633576081161E-32, 1.000000000000000000, 7.509625437129028195E-17 ) ) ;
#5216 = ORIENTED_EDGE ( 'NONE', *, *, #2886, .F. ) ;
#5217 = ORIENTED_EDGE ( 'NONE', *, *, #8590, .T. ) ;
#5218 = EDGE_CURVE ( 'NONE', #5113, #6989, #5320, .T. ) ;
#5219 = EDGE_CURVE ( 'NONE', #1946, #7055, #2520, .T. ) ;
#5220 = DIRECTION ( 'NONE',  ( 0.7071067811865436870, 0.000000000000000000, -0.7071067811865513475 ) ) ;
#5221 = CARTESIAN_POINT ( 'NONE',  ( 5.029014785873203053, 19.28421494571414030, -25.00000000000000000 ) ) ;
#5222 = DIRECTION ( 'NONE',  ( 0.000000000000000000, 0.000000000000000000, -1.000000000000000000 ) ) ;
#5223 = PLANE ( 'NONE',  #8263 ) ;
#5224 = DIRECTION ( 'NONE',  ( 1.000000000000000000, -0.000000000000000000, 2.881657216719182496E-16 ) ) ;
#5225 = EDGE_CURVE ( 'NONE', #5086, #6039, #7508, .T. ) ;
#5226 = DIRECTION ( 'NONE',  ( -1.000000000000000000, -0.000000000000000000, -0.000000000000000000 ) ) ;
#5227 = VERTEX_POINT ( 'NONE', #413 ) ;
#5228 = DIRECTION ( 'NONE',  ( 0.000000000000000000, 0.000000000000000000, -1.000000000000000000 ) ) ;
#5229 = EDGE_CURVE ( 'NONE', #4867, #3727, #4706, .T. ) ;
#5230 = ORIENTED_EDGE ( 'NONE', *, *, #1731, .T. ) ;
#5231 = EDGE_CURVE ( 'NONE', #2419, #7816, #6348, .T. ) ;
#5232 = ORIENTED_EDGE ( 'NONE', *, *, #1167, .F. ) ;
#5233 = EDGE_LOOP ( 'NONE', ( #3022, #9102, #7330, #6730 ) ) ;
#5234 = CIRCLE ( 'NONE', #5077, 1.049999999999998934 ) ;
#5235 = DIRECTION ( 'NONE',  ( 1.000000000000000000, -0.000000000000000000, 2.881657216719182496E-16 ) ) ;
#5236 = PLANE ( 'NONE',  #9200 ) ;
#5237 = DIRECTION ( 'NONE',  ( 0.000000000000000000, 0.000000000000000000, -1.000000000000000000 ) ) ;
#5238 = CARTESIAN_POINT ( 'NONE',  ( 20.62499999999998934, -5.250000000000000000, 21.10000000000002274 ) ) ;
#5239 = CARTESIAN_POINT ( 'NONE',  ( -26.84991221830399866, -8.103426060940030595, 9.770281504007392925 ) ) ;
#5240 = CARTESIAN_POINT ( 'NONE',  ( 12.67500000000000959, -10.09999999999999254, -9.849999999999983658 ) ) ;
#5241 = CIRCLE ( 'NONE', #1361, 47.90277777777828305 ) ;
#5242 = PLANE ( 'NONE',  #2659 ) ;
#5243 = ORIENTED_EDGE ( 'NONE', *, *, #2759, .T. ) ;
#5244 = ORIENTED_EDGE ( 'NONE', *, *, #7509, .T. ) ;
#5245 = DIRECTION ( 'NONE',  ( 0.000000000000000000, 0.000000000000000000, -1.000000000000000000 ) ) ;
#5246 = FACE_OUTER_BOUND ( 'NONE', #5946, .T. ) ;
#5247 = DIRECTION ( 'NONE',  ( -0.7071067811865514585, 0.000000000000000000, -0.7071067811865435759 ) ) ;
#5248 = DIRECTION ( 'NONE',  ( 0.000000000000000000, 1.000000000000000000, 0.000000000000000000 ) ) ;
#5249 = DIRECTION ( 'NONE',  ( 0.7565799289349143253, 0.000000000000000000, -0.6539012242937307651 ) ) ;
#5250 = B_SPLINE_CURVE_WITH_KNOTS ( 'NONE', 3,
 ( #6149, #7585, #8852, #1708 ),
 .UNSPECIFIED., .F., .F.,
 ( 4, 4 ),
 ( 0.000000000000000000, 0.008000123665385844990 ),
 .UNSPECIFIED. ) ;
#5251 = FACE_OUTER_BOUND ( 'NONE', #6742, .T. ) ;
#5252 = EDGE_LOOP ( 'NONE', ( #5264, #9196 ) ) ;
#5253 = ORIENTED_EDGE ( 'NONE', *, *, #5428, .F. ) ;
#5254 = ORIENTED_EDGE ( 'NONE', *, *, #4020, .F. ) ;
#5255 = VECTOR ( 'NONE', #592, 1000.000000000000000 ) ;
#5256 = DIRECTION ( 'NONE',  ( 1.000000000000000000, 0.000000000000000000, 0.000000000000000000 ) ) ;
#5257 = CARTESIAN_POINT ( 'NONE',  ( -14.87082891480833879, 13.97186769165245046, -38.00473614811709666 ) ) ;
#5258 = CARTESIAN_POINT ( 'NONE',  ( -70.47777777777830011, -11.99999999999999467, 23.10000000000000853 ) ) ;
#5259 = CARTESIAN_POINT ( 'NONE',  ( 18.17312819401016100, -13.00000000567216141, 0.000000000000000000 ) ) ;
#5260 = CARTESIAN_POINT ( 'NONE',  ( 25.75185937730834596, -12.11275902092788392, -12.62870287827041693 ) ) ;
#5261 = CARTESIAN_POINT ( 'NONE',  ( 4.329014785873204652, 14.25519680652298504, -25.61977132988756267 ) ) ;
#5262 = EDGE_CURVE ( 'NONE', #8549, #2852, #5590, .T. ) ;
#5263 = AXIS2_PLACEMENT_3D ( 'NONE', #8801, #1756, #3061 ) ;
#5264 = ORIENTED_EDGE ( 'NONE', *, *, #931, .F. ) ;
#5265 = AXIS2_PLACEMENT_3D ( 'NONE', #2029, #1290, #4970 ) ;
#5266 = ORIENTED_EDGE ( 'NONE', *, *, #2868, .T. ) ;
#5267 = EDGE_CURVE ( 'NONE', #4125, #1819, #7840, .T. ) ;
#5268 = CARTESIAN_POINT ( 'NONE',  ( -10.37500000000001954, -14.88096929338442287, -4.000000000000000000 ) ) ;
#5269 = DIRECTION ( 'NONE',  ( 0.000000000000000000, 0.000000000000000000, -1.000000000000000000 ) ) ;
#5270 = DIRECTION ( 'NONE',  ( 1.000000000000000000, -0.000000000000000000, 2.881657216719182496E-16 ) ) ;
#5271 = B_SPLINE_CURVE_WITH_KNOTS ( 'NONE', 3,
 ( #215, #7448, #4642, #1796 ),
 .UNSPECIFIED., .F., .F.,
 ( 4, 4 ),
 ( 0.000000000000000000, 1.000000000000000000 ),
 .UNSPECIFIED. ) ;
#5272 = CARTESIAN_POINT ( 'NONE',  ( -10.37500000000001243, -14.88096929326675166, -10.00000000000000000 ) ) ;
#5273 = AXIS2_PLACEMENT_3D ( 'NONE', #513, #700, #3545 ) ;
#5274 = CARTESIAN_POINT ( 'NONE',  ( -26.62500000000001066, 2.624999999999998668, 16.55336663013170195 ) ) ;
#5275 = CARTESIAN_POINT ( 'NONE',  ( -24.51880167001189648, -10.59999999999999609, 6.505745400281708335 ) ) ;
#5276 = VERTEX_POINT ( 'NONE', #8291 ) ;
#5277 = CARTESIAN_POINT ( 'NONE',  ( -23.16053390593260985, 10.10000000000000497, -9.849999999999987210 ) ) ;
#5278 = VERTEX_POINT ( 'NONE', #5452 ) ;
#5279 = VERTEX_POINT ( 'NONE', #4179 ) ;
#5280 = EDGE_CURVE ( 'NONE', #5650, #2164, #8169, .T. ) ;
#5281 = CARTESIAN_POINT ( 'NONE',  ( -23.95642740487877020, -12.51451051382841051, -1.171503504609461954 ) ) ;
#5282 = CARTESIAN_POINT ( 'NONE',  ( -21.67069441603601021, 11.99999999999999645, 5.443076293720569225 ) ) ;
#5283 = CARTESIAN_POINT ( 'NONE',  ( 18.80787611246691782, -3.217550140453791840, -25.78911225482779557 ) ) ;
#5284 = CARTESIAN_POINT ( 'NONE',  ( -15.85370546864773367, 14.98518995130042519, -17.84236234321801362 ) ) ;
#5285 = CARTESIAN_POINT ( 'NONE',  ( -22.57500000000001705, 5.250000000000000000, 23.10000000000000497 ) ) ;
#5286 = CARTESIAN_POINT ( 'NONE',  ( 24.68205776585331890, -11.43629060657973717, 0.9999999782100439383 ) ) ;
#5287 = CARTESIAN_POINT ( 'NONE',  ( -22.64274064696087407, 2.624999999999999112, 20.55336663013170906 ) ) ;
#5288 = VERTEX_POINT ( 'NONE', #3352 ) ;
#5289 = ORIENTED_EDGE ( 'NONE', *, *, #2782, .T. ) ;
#5290 = ORIENTED_EDGE ( 'NONE', *, *, #5310, .T. ) ;
#5291 = DIRECTION ( 'NONE',  ( -1.000000000000000000, 0.000000000000000000, -3.469446951953614189E-16 ) ) ;
#5292 = EDGE_CURVE ( 'NONE', #5913, #4170, #6303, .T. ) ;
#5293 = DIRECTION ( 'NONE',  ( 1.000000000000000000, -0.000000000000000000, 2.881657216719182496E-16 ) ) ;
#5294 = DIRECTION ( 'NONE',  ( 0.000000000000000000, 0.000000000000000000, -1.000000000000000000 ) ) ;
#5295 = EDGE_CURVE ( 'NONE', #2270, #647, #5912, .T. ) ;
#5296 = CARTESIAN_POINT ( 'NONE',  ( -11.07500000000001705, -5.250000000000000000, 23.10000000000001208 ) ) ;
#5297 = CARTESIAN_POINT ( 'NONE',  ( -10.93659505196373694, 10.89425855592814507, 5.147263975624272985E-15 ) ) ;
#5298 = VECTOR ( 'NONE', #5825, 1000.000000000000000 ) ;
#5299 = LINE ( 'NONE', #5478, #3474 ) ;
#5300 = ORIENTED_EDGE ( 'NONE', *, *, #3627, .T. ) ;
#5301 = ORIENTED_EDGE ( 'NONE', *, *, #6268, .F. ) ;
#5302 = VERTEX_POINT ( 'NONE', #1348 ) ;
#5303 = LINE ( 'NONE', #6010, #1740 ) ;
#5304 = CARTESIAN_POINT ( 'NONE',  ( 5.655364982454598177, 13.13700804694066271, -32.93444780707248754 ) ) ;
#5305 = FACE_OUTER_BOUND ( 'NONE', #7728, .T. ) ;
#5306 = CARTESIAN_POINT ( 'NONE',  ( -0.07098521412679599518, 18.28421494571414030, -15.00000000000000000 ) ) ;
#5307 = CARTESIAN_POINT ( 'NONE',  ( 3.167671483543948785, -14.28208442466059758, -32.80129964883222016 ) ) ;
#5308 = LINE ( 'NONE', #7960, #7831 ) ;
#5309 = VECTOR ( 'NONE', #1700, 1000.000000000000000 ) ;
#5310 = EDGE_CURVE ( 'NONE', #647, #2270, #7402, .T. ) ;
#5311 = ORIENTED_EDGE ( 'NONE', *, *, #3742, .F. ) ;
#5312 = EDGE_LOOP ( 'NONE', ( #7514, #8967, #4686, #8271 ) ) ;
#5313 = CIRCLE ( 'NONE', #2186, 1.049999999999995381 ) ;
#5314 = EDGE_CURVE ( 'NONE', #4238, #6628, #6258, .T. ) ;
#5315 = CARTESIAN_POINT ( 'NONE',  ( -25.59450679630783299, -9.475357003913027043, 5.381102404194733957 ) ) ;
#5316 = LINE ( 'NONE', #1163, #2257 ) ;
#5317 = VECTOR ( 'NONE', #8628, 1000.000000000000000 ) ;
#5318 = FILL_AREA_STYLE_COLOUR ( '', #6192 ) ;
#5319 = DIRECTION ( 'NONE',  ( 1.000000000000000000, -0.000000000000000000, 2.881657216719182496E-16 ) ) ;
#5320 = LINE ( 'NONE', #3219, #1580 ) ;
#5321 = VERTEX_POINT ( 'NONE', #1301 ) ;
#5322 = CARTESIAN_POINT ( 'NONE',  ( 16.62499999999998934, -11.99999999999999645, 15.00000000000000178 ) ) ;
#5323 = ORIENTED_EDGE ( 'NONE', *, *, #4902, .T. ) ;
#5324 = ORIENTED_EDGE ( 'NONE', *, *, #4446, .T. ) ;
#5325 = CARTESIAN_POINT ( 'NONE',  ( -23.95111556109343809, -11.78292209836018145, -0.1851011795679526339 ) ) ;
#5326 = CARTESIAN_POINT ( 'NONE',  ( -26.62500000000001066, 2.624999999999998668, 18.55336663013170906 ) ) ;
#5327 = CARTESIAN_POINT ( 'NONE',  ( -22.80394059819734665, -0.6250841199559499239, 18.42037660958907352 ) ) ;
#5328 = EDGE_CURVE ( 'NONE', #5347, #4580, #930, .T. ) ;
#5329 = CARTESIAN_POINT ( 'NONE',  ( -26.62500000000000000, -14.99999999999999645, 4.336808689942017736E-15 ) ) ;
#5330 = AXIS2_PLACEMENT_3D ( 'NONE', #1080, #8873, #3356 ) ;
#5331 = CARTESIAN_POINT ( 'NONE',  ( -22.64827982385930483, -3.270518597616633105, 20.45088813729063304 ) ) ;
#5332 = CARTESIAN_POINT ( 'NONE',  ( 24.84746962085978694, -11.32575236365477522, 1.000000000000007550 ) ) ;
#5333 = CARTESIAN_POINT ( 'NONE',  ( -22.66637166253893909, 1.402757649916313909, 20.14181336948905710 ) ) ;
#5334 = VERTEX_POINT ( 'NONE', #7736 ) ;
#5335 = ORIENTED_EDGE ( 'NONE', *, *, #6539, .T. ) ;
#5336 = ORIENTED_EDGE ( 'NONE', *, *, #3746, .T. ) ;
#5337 = CARTESIAN_POINT ( 'NONE',  ( 8.638988130832117918, -11.26263554206617634, -29.47293543252563452 ) ) ;
#5338 = CARTESIAN_POINT ( 'NONE',  ( 26.62500000000000000, -11.12083830918277094, -12.03976285529074630 ) ) ;
#5339 = EDGE_CURVE ( 'NONE', #9225, #3926, #8349, .T. ) ;
#5340 = CYLINDRICAL_SURFACE ( 'NONE', #5103, 1.049999999999998934 ) ;
#5341 = CARTESIAN_POINT ( 'NONE',  ( 22.62499999999998934, 0.000000000000000000, 23.10000000000001918 ) ) ;
#5342 = CARTESIAN_POINT ( 'NONE',  ( 4.670609093342600104, 12.10000000000000675, -31.22735693445578420 ) ) ;
#5343 = LINE ( 'NONE', #3197, #3323 ) ;
#5344 = VECTOR ( 'NONE', #9190, 1000.000000000000000 ) ;
#5345 = ORIENTED_EDGE ( 'NONE', *, *, #2118, .F. ) ;
#5346 = ADVANCED_FACE ( 'NONE', ( #8542 ), #1226, .T. ) ;
#5347 = VERTEX_POINT ( 'NONE', #1408 ) ;
#5348 = ORIENTED_EDGE ( 'NONE', *, *, #3499, .F. ) ;
#5349 = VECTOR ( 'NONE', #264, 1000.000000000000000 ) ;
#5350 = DIRECTION ( 'NONE',  ( 0.000000000000000000, 0.000000000000000000, -1.000000000000000000 ) ) ;
#5351 = CARTESIAN_POINT ( 'NONE',  ( -14.85836206505534562, 14.97038234710687554, -38.00336224535706720 ) ) ;
#5352 = CARTESIAN_POINT ( 'NONE',  ( 17.62499999999998934, -11.99999999999999467, 23.10000000000002274 ) ) ;
#5353 = DIRECTION ( 'NONE',  ( 1.765621858500567205E-16, 0.000000000000000000, -1.000000000000000000 ) ) ;
#5354 = B_SPLINE_CURVE_WITH_KNOTS ( 'NONE', 3,
 ( #7344, #3650, #8550, #2165 ),
 .UNSPECIFIED., .F., .F.,
 ( 4, 4 ),
 ( 0.000000000000000000, 0.005327345310463662414 ),
 .UNSPECIFIED. ) ;
#5355 = CARTESIAN_POINT ( 'NONE',  ( -17.22329836870479269, -14.99248877335611319, -38.21409733315777402 ) ) ;
#5356 = LINE ( 'NONE', #493, #3976 ) ;
#5357 = CIRCLE ( 'NONE', #8933, 1.049999999999998934 ) ;
#5358 = ORIENTED_EDGE ( 'NONE', *, *, #4929, .F. ) ;
#5359 = ORIENTED_EDGE ( 'NONE', *, *, #728, .T. ) ;
#5360 = CARTESIAN_POINT ( 'NONE',  ( -24.62499999999998579, 8.000000000000000000, -30.13015151901649347 ) ) ;
#5361 = CARTESIAN_POINT ( 'NONE',  ( -26.62499999999998934, -2.599999999999995648, -37.09999999999998721 ) ) ;
#5362 = LINE ( 'NONE', #8060, #5398 ) ;
#5363 = CARTESIAN_POINT ( 'NONE',  ( -11.07500000000001705, 0.000000000000000000, 23.10000000000001208 ) ) ;
#5364 = CARTESIAN_POINT ( 'NONE',  ( -22.60135776837801913, -6.469544229641023492, 21.50946383975193044 ) ) ;
#5365 = CARTESIAN_POINT ( 'NONE',  ( 15.12499999999998579, -2.625000000000002220, 27.64663336986832221 ) ) ;
#5366 = ORIENTED_EDGE ( 'NONE', *, *, #8374, .T. ) ;
#5367 = ORIENTED_EDGE ( 'NONE', *, *, #1667, .F. ) ;
#5368 = ORIENTED_EDGE ( 'NONE', *, *, #6658, .T. ) ;
#5369 = CARTESIAN_POINT ( 'NONE',  ( 9.675000000000004263, -10.09999999999999609, -31.19659787680117802 ) ) ;
#5370 = CARTESIAN_POINT ( 'NONE',  ( -1.155326325801825593, 14.52448124007498009, -13.99999999999999822 ) ) ;
#5371 = CARTESIAN_POINT ( 'NONE',  ( 18.17312819401020718, 11.99999999999999645, 1.000000000000005329 ) ) ;
#5372 = CARTESIAN_POINT ( 'NONE',  ( -12.92707508023931240, -14.94821963888455052, -3.999999999999996447 ) ) ;
#5373 = CARTESIAN_POINT ( 'NONE',  ( 18.17312819460622464, 13.00000000560882185, 0.000000000000000000 ) ) ;
#5374 = CARTESIAN_POINT ( 'NONE',  ( 20.62499999999998934, -5.250000000000000000, 23.10000000000002274 ) ) ;
#5375 = CARTESIAN_POINT ( 'NONE',  ( -22.64621121931100944, 2.104425641136453695, 20.48886598893701461 ) ) ;
#5376 = VERTEX_POINT ( 'NONE', #1363 ) ;
#5377 = ORIENTED_EDGE ( 'NONE', *, *, #3174, .F. ) ;
#5378 = EDGE_CURVE ( 'NONE', #4171, #3386, #3505, .T. ) ;
#5379 = DIRECTION ( 'NONE',  ( 0.000000000000000000, 0.000000000000000000, -1.000000000000000000 ) ) ;
#5380 = CARTESIAN_POINT ( 'NONE',  ( -10.37500000000000178, 14.88096929338442109, -19.26490000000000080 ) ) ;
#5381 = LINE ( 'NONE', #3748, #1182 ) ;
#5382 = AXIS2_PLACEMENT_3D ( 'NONE', #7119, #3471, #9117 ) ;
#5383 = DIRECTION ( 'NONE',  ( -0.000000000000000000, -0.000000000000000000, -1.000000000000000000 ) ) ;
#5384 = DIRECTION ( 'NONE',  ( -1.000000000000000000, 2.164016633576080887E-32, 0.000000000000000000 ) ) ;
#5385 = CIRCLE ( 'NONE', #917, 0.8499999999999957589 ) ;
#5386 = EDGE_CURVE ( 'NONE', #475, #8539, #9058, .T. ) ;
#5387 = EDGE_LOOP ( 'NONE', ( #25, #7896, #3152, #8020, #7115 ) ) ;
#5388 = VECTOR ( 'NONE', #65, 1000.000000000000000 ) ;
#5389 = ORIENTED_EDGE ( 'NONE', *, *, #3256, .F. ) ;
#5390 = EDGE_CURVE ( 'NONE', #5793, #658, #1736, .T. ) ;
#5391 = CARTESIAN_POINT ( 'NONE',  ( 25.75185937550015325, -12.11275902115914249, 0.000000000000000000 ) ) ;
#5392 = CARTESIAN_POINT ( 'NONE',  ( -16.57500000000001350, -5.250000000000000000, 22.05000000000001847 ) ) ;
#5393 = DIRECTION ( 'NONE',  ( 0.000000000000000000, 0.000000000000000000, 1.000000000000000000 ) ) ;
#5394 = CARTESIAN_POINT ( 'NONE',  ( -10.18077748137982752, -14.88356859425924306, -37.33196238567118286 ) ) ;
#5395 = CARTESIAN_POINT ( 'NONE',  ( -26.62500000000001066, -5.250000000000000000, 23.10000000000000497 ) ) ;
#5396 = ADVANCED_FACE ( 'NONE', ( #6321, #3552 ), #2757, .F. ) ;
#5397 = VERTEX_POINT ( 'NONE', #5606 ) ;
#5398 = VECTOR ( 'NONE', #6724, 1000.000000000000000 ) ;
#5399 = ORIENTED_EDGE ( 'NONE', *, *, #2412, .T. ) ;
#5400 = ORIENTED_EDGE ( 'NONE', *, *, #4291, .T. ) ;
#5401 = PLANE ( 'NONE',  #9178 ) ;
#5402 = EDGE_CURVE ( 'NONE', #794, #7215, #7751, .T. ) ;
#5403 = CARTESIAN_POINT ( 'NONE',  ( -24.53001319065534247, 12.31049989418532142, -1.103499964728432259 ) ) ;
#5404 = CARTESIAN_POINT ( 'NONE',  ( -10.37500000000001243, -12.88251047997596466, -0.5273352874246770572 ) ) ;
#5405 = ADVANCED_FACE ( 'NONE', ( #2156 ), #3367, .F. ) ;
#5406 = DIRECTION ( 'NONE',  ( 0.000000000000000000, 0.000000000000000000, -1.000000000000000000 ) ) ;
#5407 = VECTOR ( 'NONE', #1569, 1000.000000000000000 ) ;
#5408 = VECTOR ( 'NONE', #2161, 1000.000000000000000 ) ;
#5409 = DIRECTION ( 'NONE',  ( -2.164016633576080887E-32, 1.000000000000000000, 7.509625437129028195E-17 ) ) ;
#5410 = VERTEX_POINT ( 'NONE', #7058 ) ;
#5411 =( NAMED_UNIT ( * ) PLANE_ANGLE_UNIT ( ) SI_UNIT ( $, .RADIAN. ) );
#5412 = ORIENTED_EDGE ( 'NONE', *, *, #896, .T. ) ;
#5413 = VERTEX_POINT ( 'NONE', #2057 ) ;
#5414 = CARTESIAN_POINT ( 'NONE',  ( -22.62256308275782857, -12.68377223398315756, -1.227924077994378305 ) ) ;
#5415 = DIRECTION ( 'NONE',  ( 1.000000000000000000, -2.164016633576080887E-32, 0.000000000000000000 ) ) ;
#5416 = AXIS2_PLACEMENT_3D ( 'NONE', #900, #2573, #6737 ) ;
#5417 = DIRECTION ( 'NONE',  ( -0.06755233331618218373, -1.734723475976807094E-15, -0.9977157321920605559 ) ) ;
#5418 = CARTESIAN_POINT ( 'NONE',  ( -24.62499999999998579, 8.000000000000000000, -33.09999999999998721 ) ) ;
#5419 = CARTESIAN_POINT ( 'NONE',  ( -22.57500000000001705, 5.250000000000000000, 25.10000000000000853 ) ) ;
#5420 = CARTESIAN_POINT ( 'NONE',  ( -24.62499999999998934, -8.000000000000000000, -37.79999999999998295 ) ) ;
#5421 = CARTESIAN_POINT ( 'NONE',  ( -25.87284951123395160, -7.999999999999996447, 5.433257696160826100 ) ) ;
#5422 = EDGE_CURVE ( 'NONE', #6330, #5536, #7109, .T. ) ;
#5423 = ORIENTED_EDGE ( 'NONE', *, *, #3746, .F. ) ;
#5424 = VERTEX_POINT ( 'NONE', #7103 ) ;
#5425 = ORIENTED_EDGE ( 'NONE', *, *, #2283, .F. ) ;
#5426 = PLANE ( 'NONE',  #4888 ) ;
#5427 = TOROIDAL_SURFACE ( 'NONE', #9000, 7.999999999999994671, 4.000000000000000000 ) ;
#5428 = EDGE_CURVE ( 'NONE', #7445, #3080, #5466, .T. ) ;
#5429 = DIRECTION ( 'NONE',  ( -0.000000000000000000, 1.000000000000000000, -0.000000000000000000 ) ) ;
#5430 = CARTESIAN_POINT ( 'NONE',  ( -22.27478309455016614, -14.32379000772480460, -1.774596669241594427 ) ) ;
#5431 = LINE ( 'NONE', #7531, #6510 ) ;
#5432 = DIRECTION ( 'NONE',  ( 1.000000000000000000, -0.000000000000000000, 2.881657216719182496E-16 ) ) ;
#5433 = ORIENTED_EDGE ( 'NONE', *, *, #5231, .F. ) ;
#5434 = B_SPLINE_CURVE_WITH_KNOTS ( 'NONE', 3,
 ( #2199, #7098, #1493, #4946, #7792, #4329, #6501, #4237, #702, #2847, #230, #1076 ),
 .UNSPECIFIED., .F., .F.,
 ( 4, 2, 2, 2, 2, 4 ),
 ( -1.788855265391605111E-05, 0.0005022222289412534100, 0.001022333010536422915, 0.002062554573726767346, 0.003102776136917111127, 0.004142997700107454474 ),
 .UNSPECIFIED. ) ;
#5435 = VERTEX_POINT ( 'NONE', #8491 ) ;
#5436 = LINE ( 'NONE', #488, #4261 ) ;
#5437 = CIRCLE ( 'NONE', #813, 6.999999999999999112 ) ;
#5438 = CARTESIAN_POINT ( 'NONE',  ( 4.329014785873203763, 14.78421494571413852, -25.00000000000000000 ) ) ;
#5439 = CARTESIAN_POINT ( 'NONE',  ( 7.829014785873203763, 15.63421494571413639, -25.00000000000000000 ) ) ;
#5440 = CARTESIAN_POINT ( 'NONE',  ( 11.72693373567775410, -13.63166252398676370, -29.18520808325915183 ) ) ;
#5441 = EDGE_CURVE ( 'NONE', #5413, #2398, #2853, .T. ) ;
#5442 = CARTESIAN_POINT ( 'NONE',  ( -13.57500000000001528, 8.572527594031474176E-16, 16.10000000000000853 ) ) ;
#5443 = ORIENTED_EDGE ( 'NONE', *, *, #1624, .F. ) ;
#5444 = VERTEX_POINT ( 'NONE', #4063 ) ;
#5445 = ORIENTED_EDGE ( 'NONE', *, *, #6486, .T. ) ;
#5446 = CARTESIAN_POINT ( 'NONE',  ( 20.62499999999998934, -5.250000000000000000, 21.10000000000002274 ) ) ;
#5447 = CARTESIAN_POINT ( 'NONE',  ( -26.84991221830400221, -9.475357003913027043, 9.730388396368681470 ) ) ;
#5448 = FACE_OUTER_BOUND ( 'NONE', #2944, .T. ) ;
#5449 = FACE_OUTER_BOUND ( 'NONE', #445, .T. ) ;
#5450 = AXIS2_PLACEMENT_3D ( 'NONE', #1620, #7222, #3667 ) ;
#5451 = B_SPLINE_CURVE_WITH_KNOTS ( 'NONE', 3,
 ( #8438, #2660, #6265, #1530 ),
 .UNSPECIFIED., .F., .F.,
 ( 4, 4 ),
 ( 0.000000000000000000, 9.063217213256988497E-05 ),
 .UNSPECIFIED. ) ;
#5452 = CARTESIAN_POINT ( 'NONE',  ( -16.57500000000001350, -2.625000000000001776, 29.64663336986831510 ) ) ;
#5454 = VERTEX_POINT ( 'NONE', #2106 ) ;
#5453 = CIRCLE ( 'NONE', #1437, 0.8499999999999965361 ) ;
#5455 = VERTEX_POINT ( 'NONE', #7616 ) ;
#5456 = ADVANCED_FACE ( 'NONE', ( #4103 ), #5700, .F. ) ;
#5457 = EDGE_LOOP ( 'NONE', ( #2831, #2849, #5445, #1455 ) ) ;
#5458 = VECTOR ( 'NONE', #5694, 1000.000000000000000 ) ;
#5459 = CARTESIAN_POINT ( 'NONE',  ( 22.58570401745162570, 11.99999999999999467, 0.2869032494206335548 ) ) ;
#5460 = FACE_OUTER_BOUND ( 'NONE', #6503, .T. ) ;
#5461 = DIRECTION ( 'NONE',  ( -0.000000000000000000, -0.000000000000000000, -1.000000000000000000 ) ) ;
#5462 = AXIS2_PLACEMENT_3D ( 'NONE', #398, #8896, #2366 ) ;
#5463 = CARTESIAN_POINT ( 'NONE',  ( -18.78208254401997124, -14.99917817821541632, 2.997473439159461851E-13 ) ) ;
#5464 = DIRECTION ( 'NONE',  ( 1.000000000000000000, -0.000000000000000000, 2.881657216719182496E-16 ) ) ;
#5465 = CARTESIAN_POINT ( 'NONE',  ( 22.58570401745162926, -11.99999999999999645, 0.2869032494206295025 ) ) ;
#5466 = CIRCLE ( 'NONE', #1588, 1.049999999999995381 ) ;
#5468 = B_SPLINE_CURVE_WITH_KNOTS ( 'NONE', 3,
 ( #3074, #133, #3676, #3720, #5177, #5928 ),
 .UNSPECIFIED., .F., .F.,
 ( 4, 2, 4 ),
 ( 0.1240572820425831224, 0.5041822430629667728, 0.9052616718502549675 ),
 .UNSPECIFIED. ) ;
#5467 = DIRECTION ( 'NONE',  ( 0.000000000000000000, 0.000000000000000000, -1.000000000000000000 ) ) ;
#5469 = VERTEX_POINT ( 'NONE', #9105 ) ;
#5470 = EDGE_LOOP ( 'NONE', ( #7182, #672, #7479, #3480, #4852 ) ) ;
#5471 = VERTEX_POINT ( 'NONE', #4951 ) ;
#5472 = DIRECTION ( 'NONE',  ( 1.000000000000000000, -0.000000000000000000, 2.881657216719182496E-16 ) ) ;
#5473 = VECTOR ( 'NONE', #1866, 999.9999999999998863 ) ;
#5474 = FACE_OUTER_BOUND ( 'NONE', #5470, .T. ) ;
#5475 = DIRECTION ( 'NONE',  ( 1.000000000000000000, -0.000000000000000000, 2.881657216719182496E-16 ) ) ;
#5476 = EDGE_CURVE ( 'NONE', #1622, #4100, #1316, .T. ) ;
#5477 = DIRECTION ( 'NONE',  ( 0.000000000000000000, 1.000000000000000000, 0.000000000000000000 ) ) ;
#5478 = CARTESIAN_POINT ( 'NONE',  ( 20.62499999999998934, -2.625000000000002220, 25.64663336986832576 ) ) ;
#5479 = ORIENTED_EDGE ( 'NONE', *, *, #9138, .T. ) ;
#5480 = ORIENTED_EDGE ( 'NONE', *, *, #3092, .F. ) ;
#5481 = DIRECTION ( 'NONE',  ( 1.000000000000000000, 0.000000000000000000, -0.000000000000000000 ) ) ;
#5482 = DIRECTION ( 'NONE',  ( 1.000000000000000000, 0.000000000000000000, -0.000000000000000000 ) ) ;
#5483 = CARTESIAN_POINT ( 'NONE',  ( 21.67500000000000782, 1.734723475976806897E-15, 13.64553149005147326 ) ) ;
#5484 = DIRECTION ( 'NONE',  ( -1.000000000000000000, -0.000000000000000000, -2.881657216719182496E-16 ) ) ;
#5485 = CARTESIAN_POINT ( 'NONE',  ( 7.675000000000007816, -2.599999999999995648, -36.29999999999998295 ) ) ;
#5486 = VECTOR ( 'NONE', #6962, 1000.000000000000000 ) ;
#5487 = ORIENTED_EDGE ( 'NONE', *, *, #8003, .T. ) ;
#5488 = ORIENTED_EDGE ( 'NONE', *, *, #943, .F. ) ;
#5489 = ORIENTED_EDGE ( 'NONE', *, *, #3886, .F. ) ;
#5490 = ORIENTED_EDGE ( 'NONE', *, *, #5661, .F. ) ;
#5491 = EDGE_CURVE ( 'NONE', #6482, #785, #2712, .T. ) ;
#5492 = VECTOR ( 'NONE', #7854, 1000.000000000000000 ) ;
#5493 = CARTESIAN_POINT ( 'NONE',  ( -10.43261184457493940, 14.88244887111398285, -29.19238815542516718 ) ) ;
#5494 = EDGE_CURVE ( 'NONE', #1443, #2934, #4264, .T. ) ;
#5495 = CARTESIAN_POINT ( 'NONE',  ( 18.17312819460618911, -11.99999999999999645, -5.608822434277627167E-09 ) ) ;
#5496 = FACE_OUTER_BOUND ( 'NONE', #4371, .T. ) ;
#5497 = DIRECTION ( 'NONE',  ( 0.000000000000000000, 0.000000000000000000, 1.000000000000000000 ) ) ;
#5498 = VECTOR ( 'NONE', #2368, 1000.000000000000000 ) ;
#5499 = CARTESIAN_POINT ( 'NONE',  ( 9.010819090633875206, 10.84535857606643283, -29.29999999999998650 ) ) ;
#5500 = ORIENTED_EDGE ( 'NONE', *, *, #633, .T. ) ;
#5501 = B_SPLINE_CURVE_WITH_KNOTS ( 'NONE', 3,
 ( #7374, #8064, #7553, #5275 ),
 .UNSPECIFIED., .F., .F.,
 ( 4, 4 ),
 ( 0.001468777515977576307, 0.001510698092348517927 ),
 .UNSPECIFIED. ) ;
#5502 = EDGE_CURVE ( 'NONE', #2501, #4016, #3685, .T. ) ;
#5503 = ORIENTED_EDGE ( 'NONE', *, *, #3832, .T. ) ;
#5504 = CARTESIAN_POINT ( 'NONE',  ( -26.62500000000001066, 2.624999999999995559, 27.64663336986831510 ) ) ;
#5505 = CARTESIAN_POINT ( 'NONE',  ( -8.056247776888218581, -14.82092244828405292, -35.90081072814747642 ) ) ;
#5506 = EDGE_CURVE ( 'NONE', #4878, #1983, #8836, .T. ) ;
#5507 = FACE_OUTER_BOUND ( 'NONE', #2976, .T. ) ;
#5508 = CARTESIAN_POINT ( 'NONE',  ( -18.78208254401996768, -14.99917817821592614, -3.999999999999996447 ) ) ;
#5509 = CARTESIAN_POINT ( 'NONE',  ( -22.60135776837802979, 4.030455770358979173, 21.50946383975192688 ) ) ;
#5510 = EDGE_CURVE ( 'NONE', #2142, #1087, #4594, .T. ) ;
#5511 = CYLINDRICAL_SURFACE ( 'NONE', #2932, 20.00000000000000711 ) ;
#5512 = ADVANCED_FACE ( 'NONE', ( #3035 ), #2344, .F. ) ;
#5513 = DIRECTION ( 'NONE',  ( 1.000000000000000000, -0.000000000000000000, 2.881657216719182496E-16 ) ) ;
#5514 = ORIENTED_EDGE ( 'NONE', *, *, #28, .T. ) ;
#5515 = ORIENTED_EDGE ( 'NONE', *, *, #4537, .F. ) ;
#5516 = VERTEX_POINT ( 'NONE', #7332 ) ;
#5517 = CARTESIAN_POINT ( 'NONE',  ( -10.37500000000001066, -15.00000000000000000, 0.000000000000000000 ) ) ;
#5518 = DIRECTION ( 'NONE',  ( -1.000000000000000000, -0.000000000000000000, -0.000000000000000000 ) ) ;
#5519 = CARTESIAN_POINT ( 'NONE',  ( -10.20392200761318158, 13.88824220875862814, -37.33602832717056685 ) ) ;
#5520 = CARTESIAN_POINT ( 'NONE',  ( -11.07500000000001528, 8.572527594031473190E-16, 16.10000000000001208 ) ) ;
#5521 = CARTESIAN_POINT ( 'NONE',  ( -13.57500000000001172, -8.103426060940030595, 9.770281504007396478 ) ) ;
#5522 = CARTESIAN_POINT ( 'NONE',  ( -13.57500000000000995, 14.25802513008862604, -1.752675043362867058 ) ) ;
#5523 = DIRECTION ( 'NONE',  ( 0.000000000000000000, 0.000000000000000000, -1.000000000000000000 ) ) ;
#5524 = ORIENTED_EDGE ( 'NONE', *, *, #5386, .T. ) ;
#5525 = ORIENTED_EDGE ( 'NONE', *, *, #1235, .T. ) ;
#5526 = PRODUCT_DEFINITION_FORMATION_WITH_SPECIFIED_SOURCE ( 'ä»', '', #6054, .NOT_KNOWN. ) ;
#5527 = PLANE ( 'NONE',  #3076 ) ;
#5528 = CARTESIAN_POINT ( 'NONE',  ( 20.37076997924079436, -12.76646718822800786, 0.000000000000000000 ) ) ;
#5529 = CARTESIAN_POINT ( 'NONE',  ( 25.62499999999999289, 11.12083830918277094, -12.03976285529073920 ) ) ;
#5530 = CARTESIAN_POINT ( 'NONE',  ( -27.37462006939401249, 9.224052514321718022, -0.07468417144056321844 ) ) ;
#5531 = VECTOR ( 'NONE', #3664, 1000.000000000000000 ) ;
#5532 = CARTESIAN_POINT ( 'NONE',  ( -23.81394430696028763, -10.59999999999999609, 8.605745400281710644 ) ) ;
#5533 = AXIS2_PLACEMENT_3D ( 'NONE', #5759, #7713, #2216 ) ;
#5534 = EDGE_LOOP ( 'NONE', ( #3365, #1259, #4472, #8189 ) ) ;
#5535 = ORIENTED_EDGE ( 'NONE', *, *, #6057, .T. ) ;
#5536 = VERTEX_POINT ( 'NONE', #5138 ) ;
#5537 = ORIENTED_EDGE ( 'NONE', *, *, #1312, .T. ) ;
#5538 = PLANE ( 'NONE',  #2777 ) ;
#5539 = CARTESIAN_POINT ( 'NONE',  ( -23.16053390593285854, -10.10000000000000853, -33.09999999999965326 ) ) ;
#5540 = CARTESIAN_POINT ( 'NONE',  ( 12.22901478587320234, 14.58540566807859840, -15.00000000000000000 ) ) ;
#5541 = ADVANCED_FACE ( 'NONE', ( #7976 ), #7888, .F. ) ;
#5542 = CARTESIAN_POINT ( 'NONE',  ( -24.51060504994319444, -7.935166897823592080, 9.620532141584206443 ) ) ;
#5543 = CARTESIAN_POINT ( 'NONE',  ( 26.62499999999998934, -5.250000000000000000, 23.10000000000002274 ) ) ;
#5544 = EDGE_CURVE ( 'NONE', #4762, #1029, #7238, .T. ) ;
#5545 = EDGE_LOOP ( 'NONE', ( #3798, #6446 ) ) ;
#5546 = ORIENTED_EDGE ( 'NONE', *, *, #7324, .T. ) ;
#5547 = DIRECTION ( 'NONE',  ( 1.000000000000000000, -0.000000000000000000, 2.881657216719182496E-16 ) ) ;
#5548 = DIRECTION ( 'NONE',  ( 0.000000000000000000, 0.000000000000000000, 1.000000000000000000 ) ) ;
#5549 = CARTESIAN_POINT ( 'NONE',  ( 26.62500000000000000, 10.46907332258809653, 0.03758193132870879527 ) ) ;
#5550 = CARTESIAN_POINT ( 'NONE',  ( -11.61106307130702753, 14.91261882974663067, -17.37083938215696932 ) ) ;
#5551 = DIRECTION ( 'NONE',  ( 1.000000000000000000, 0.000000000000000000, 0.000000000000000000 ) ) ;
#5552 = LINE ( 'NONE', #2751, #5458 ) ;
#5553 = DIRECTION ( 'NONE',  ( 0.000000000000000000, 7.461176240760461390E-17, 1.000000000000000000 ) ) ;
#5554 = EDGE_CURVE ( 'NONE', #1247, #7435, #5937, .T. ) ;
#5555 = ORIENTED_EDGE ( 'NONE', *, *, #4734, .T. ) ;
#5556 = ORIENTED_EDGE ( 'NONE', *, *, #5428, .T. ) ;
#5557 = VECTOR ( 'NONE', #3644, 1000.000000000000000 ) ;
#5558 = ORIENTED_EDGE ( 'NONE', *, *, #4126, .F. ) ;
#5559 = CARTESIAN_POINT ( 'NONE',  ( 16.62499999999998934, 7.000000000000000000, 13.50000000000000178 ) ) ;
#5560 = DIRECTION ( 'NONE',  ( -0.000000000000000000, -1.000000000000000000, -0.000000000000000000 ) ) ;
#5561 = CARTESIAN_POINT ( 'NONE',  ( 4.329014785873204652, 14.47306816480127445, -14.69347450423130041 ) ) ;
#5562 = CARTESIAN_POINT ( 'NONE',  ( 9.010819090634267781, -12.10000000000000497, -29.29999999999981597 ) ) ;
#5563 = DIRECTION ( 'NONE',  ( 0.000000000000000000, 0.000000000000000000, -1.000000000000000000 ) ) ;
#5564 = DIRECTION ( 'NONE',  ( -1.000000000000000000, -0.000000000000000000, -1.765621858500567205E-16 ) ) ;
#5565 = CARTESIAN_POINT ( 'NONE',  ( -22.27479978062297761, 14.32379000772444755, -1.774596669241475633 ) ) ;
#5566 = B_SPLINE_CURVE_WITH_KNOTS ( 'NONE', 3,
 ( #3040, #1549, #7852, #3643 ),
 .UNSPECIFIED., .F., .F.,
 ( 4, 4 ),
 ( 3.878959614448864246E-18, 0.01300053146097861559 ),
 .UNSPECIFIED. ) ;
#5567 = EDGE_CURVE ( 'NONE', #1840, #8750, #2945, .T. ) ;
#5568 = ORIENTED_EDGE ( 'NONE', *, *, #6203, .T. ) ;
#5569 = ADVANCED_FACE ( 'NONE', ( #798 ), #6551, .F. ) ;
#5570 = ORIENTED_EDGE ( 'NONE', *, *, #7642, .T. ) ;
#5571 = CARTESIAN_POINT ( 'NONE',  ( -23.01701222997095186, -2.097050458298808540, 16.60676691396146154 ) ) ;
#5572 = LINE ( 'NONE', #2589, #7104 ) ;
#5573 = CARTESIAN_POINT ( 'NONE',  ( 20.62499999999998934, -2.624999999999998668, 18.55336663013171972 ) ) ;
#5574 = B_SPLINE_CURVE_WITH_KNOTS ( 'NONE', 3,
 ( #6263, #2704, #5549, #8385, #4843, #7694, #3588, #1400, #2938, #1490 ),
 .UNSPECIFIED., .F., .F.,
 ( 4, 2, 2, 2, 4 ),
 ( 1.779084782018157927E-21, 0.0007938098057435792002, 0.001587619611487158400, 0.002381429417230737818, 0.003175239222974316801 ),
 .UNSPECIFIED. ) ;
#5575 = CARTESIAN_POINT ( 'NONE',  ( -11.07500000000001528, -2.624999999999998668, 18.55336663013170906 ) ) ;
#5576 = FACE_BOUND ( 'NONE', #7306, .T. ) ;
#5577 = CARTESIAN_POINT ( 'NONE',  ( -22.66549305126176250, 3.856010311096722987, 20.15112453613202703 ) ) ;
#5578 = CARTESIAN_POINT ( 'NONE',  ( 2.190270945539226854, 15.33797634337835802, -25.00000000000000000 ) ) ;
#5579 = ORIENTED_EDGE ( 'NONE', *, *, #2951, .F. ) ;
#5580 = VERTEX_POINT ( 'NONE', #3779 ) ;
#5581 = ORIENTED_EDGE ( 'NONE', *, *, #6206, .T. ) ;
#5582 = ORIENTED_EDGE ( 'NONE', *, *, #1552, .F. ) ;
#5583 = AXIS2_PLACEMENT_3D ( 'NONE', #7230, #3167, #4559 ) ;
#5584 = PLANE ( 'NONE',  #1288 ) ;
#5585 = LINE ( 'NONE', #7684, #2108 ) ;
#5586 = CARTESIAN_POINT ( 'NONE',  ( -23.16053390593271644, 28.10000000000000853, -19.99999999999999289 ) ) ;
#5587 = DIRECTION ( 'NONE',  ( 1.292857237214521664E-16, -1.000000000000000000, 0.000000000000000000 ) ) ;
#5588 = EDGE_CURVE ( 'NONE', #6115, #1553, #4995, .T. ) ;
#5589 = VECTOR ( 'NONE', #207, 999.9999999999998863 ) ;
#5590 = LINE ( 'NONE', #6211, #2624 ) ;
#5591 = VERTEX_POINT ( 'NONE', #6505 ) ;
#5592 = EDGE_LOOP ( 'NONE', ( #2526, #2510, #7827, #3236, #3191 ) ) ;
#5593 = ADVANCED_FACE ( 'NONE', ( #2247 ), #1591, .T. ) ;
#5594 = CARTESIAN_POINT ( 'NONE',  ( 23.01810300570014789, 11.98543562041330190, 0.8430148220033247819 ) ) ;
#5595 = CARTESIAN_POINT ( 'NONE',  ( -19.62499999999999645, -15.00000000000000000, -37.29999999999998295 ) ) ;
#5596 = DIRECTION ( 'NONE',  ( 0.000000000000000000, 1.000000000000000000, 0.000000000000000000 ) ) ;
#5597 = PLANE ( 'NONE',  #1464 ) ;
#5598 = CARTESIAN_POINT ( 'NONE',  ( 13.13744632142985935, 13.49906635955071899, -13.99999999999999822 ) ) ;
#5599 = CARTESIAN_POINT ( 'NONE',  ( -26.62500000000001066, -5.250000000000000000, 23.10000000000000853 ) ) ;
#5600 = LINE ( 'NONE', #4668, #4439 ) ;
#5601 = CIRCLE ( 'NONE', #7981, 2.000000000000001776 ) ;
#5602 = VERTEX_POINT ( 'NONE', #7289 ) ;
#5603 = AXIS2_PLACEMENT_3D ( 'NONE', #8160, #322, #6026 ) ;
#5604 = VERTEX_POINT ( 'NONE', #893 ) ;
#5605 = EDGE_LOOP ( 'NONE', ( #304, #5183, #2860, #2174, #7545, #2829, #5158, #2187 ) ) ;
#5606 = CARTESIAN_POINT ( 'NONE',  ( -16.57500000000001350, -5.250000000000000000, 25.10000000000001208 ) ) ;
#5607 = ADVANCED_FACE ( 'NONE', ( #3730 ), #6596, .F. ) ;
#5608 = VECTOR ( 'NONE', #3304, 1000.000000000000000 ) ;
#5609 = CARTESIAN_POINT ( 'NONE',  ( -23.16053390593275196, 28.10000000000000853, -23.53553390593271288 ) ) ;
#5610 = CARTESIAN_POINT ( 'NONE',  ( 22.82088355718306971, 14.16787163341026634, -30.97828103410475720 ) ) ;
#5611 = DIRECTION ( 'NONE',  ( 1.000000000000000000, -0.000000000000000000, 2.881657216719182496E-16 ) ) ;
#5612 = CARTESIAN_POINT ( 'NONE',  ( -0.8976694187849388884, 14.52975329825957829, -14.22458919244636988 ) ) ;
#5613 = DIRECTION ( 'NONE',  ( 0.000000000000000000, -7.509625437129028195E-17, 1.000000000000000000 ) ) ;
#5614 =( BOUNDED_SURFACE ( )  B_SPLINE_SURFACE ( 3, 2, ( 
 ( #7685, #4271, #5824 ),
 ( #32, #2972, #5680 ),
 ( #8520, #1483, #4403 ),
 ( #3017, #7915, #3581 ),
 ( #6576, #7957, #5118 ),
 ( #7267, #5872, #1527 ) ),
 .UNSPECIFIED., .F., .F., .T. ) 
 B_SPLINE_SURFACE_WITH_KNOTS ( ( 4, 2, 4 ),
 ( 3, 3 ),
 ( 0.001549315374713455904, 0.003776729985490551514, 0.006004144596267647557 ),
 ( 0.000000000000000000, 1.000000000000000000 ),
 .UNSPECIFIED. ) 
 GEOMETRIC_REPRESENTATION_ITEM ( )  RATIONAL_B_SPLINE_SURFACE ( (
 ( 1.000000000000000000, 0.8643883437740986775, 1.000000000000000000),
 ( 1.000000000000000000, 0.8393155471294990733, 1.000000000000000000),
 ( 1.000000000000000000, 0.8137664013691222609, 1.000000000000000000),
 ( 1.000000000000000000, 0.7614546649053087757, 1.000000000000000000),
 ( 1.000000000000000000, 0.7346906500635985715, 1.000000000000000000),
 ( 1.000000000000000000, 0.7071067792035287125, 1.000000000000000000) ) ) 
 REPRESENTATION_ITEM ( '' )  SURFACE ( )  );
#5615 = PLANE ( 'NONE',  #8534 ) ;
#5616 = ORIENTED_EDGE ( 'NONE', *, *, #3563, .F. ) ;
#5617 = EDGE_CURVE ( 'NONE', #8223, #5471, #5054, .T. ) ;
#5618 = AXIS2_PLACEMENT_3D ( 'NONE', #5395, #1107, #8236 ) ;
#5619 = ORIENTED_EDGE ( 'NONE', *, *, #7695, .F. ) ;
#5620 = CARTESIAN_POINT ( 'NONE',  ( -22.57500000000001705, -5.250000000000000000, 23.10000000000000497 ) ) ;
#5621 = CARTESIAN_POINT ( 'NONE',  ( 18.54824500096449569, 12.96024285807543386, -24.79202795945005988 ) ) ;
#5622 = CARTESIAN_POINT ( 'NONE',  ( -24.51908135469476591, -7.902763757320330207, 9.591693595492579050 ) ) ;
#5623 = DIRECTION ( 'NONE',  ( 0.000000000000000000, 0.000000000000000000, -1.000000000000000000 ) ) ;
#5624 = CARTESIAN_POINT ( 'NONE',  ( 3.176357042979577994, -15.00000000000000000, -37.52379999999998716 ) ) ;
#5625 = CARTESIAN_POINT ( 'NONE',  ( -22.61257750512467624, -5.894939855941354168, 21.20230446494138832 ) ) ;
#5626 = CARTESIAN_POINT ( 'NONE',  ( 10.61169042085321657, -13.80351761211805872, 0.000000000000000000 ) ) ;
#5627 = AXIS2_PLACEMENT_3D ( 'NONE', #7239, #7977, #5798 ) ;
#5628 = ADVANCED_FACE ( 'NONE', ( #1125 ), #4522, .F. ) ;
#5629 = EDGE_CURVE ( 'NONE', #5580, #7118, #4713, .T. ) ;
#5630 = ORIENTED_EDGE ( 'NONE', *, *, #2482, .F. ) ;
#5631 = ORIENTED_EDGE ( 'NONE', *, *, #7245, .T. ) ;
#5632 = EDGE_LOOP ( 'NONE', ( #3937, #8807, #6839, #8199, #1738 ) ) ;
#5633 = ORIENTED_EDGE ( 'NONE', *, *, #6374, .T. ) ;
#5634 = DIRECTION ( 'NONE',  ( 0.000000000000000000, 0.000000000000000000, -1.000000000000000000 ) ) ;
#5635 = CARTESIAN_POINT ( 'NONE',  ( 18.91570246359577112, -11.99999999999999645, 1.000000000657532695 ) ) ;
#5636 = CARTESIAN_POINT ( 'NONE',  ( 20.62499999999998934, -5.250000000000000000, 25.10000000000002629 ) ) ;
#5637 = AXIS2_PLACEMENT_3D ( 'NONE', #4094, #8961, #470 ) ;
#5638 = CARTESIAN_POINT ( 'NONE',  ( 20.62499999999998934, -5.250000000000000000, 24.15000000000001990 ) ) ;
#5639 = ORIENTED_EDGE ( 'NONE', *, *, #2599, .T. ) ;
#5640 = EDGE_LOOP ( 'NONE', ( #9104, #4926, #7952, #3172, #2034 ) ) ;
#5641 = VECTOR ( 'NONE', #7569, 1000.000000000000000 ) ;
#5642 = CARTESIAN_POINT ( 'NONE',  ( -13.57500000000001172, -8.899999999999996803, 8.471193762254689119 ) ) ;
#5643 = CARTESIAN_POINT ( 'NONE',  ( -22.57917999369006523, -3.352088803979660803, 22.45569072149167766 ) ) ;
#5644 = AXIS2_PLACEMENT_3D ( 'NONE', #2540, #6746, #7351 ) ;
#5645 = PLANE ( 'NONE',  #1663 ) ;
#5646 = DIRECTION ( 'NONE',  ( 1.000000000000000000, 0.000000000000000000, 2.881657216719182496E-16 ) ) ;
#5647 = CARTESIAN_POINT ( 'NONE',  ( 22.62499999999998934, 0.000000000000000000, 23.10000000000001918 ) ) ;
#5648 = CARTESIAN_POINT ( 'NONE',  ( 3.649014785873204936, 16.14421494571413263, -25.00000000000000000 ) ) ;
#5649 = AXIS2_PLACEMENT_3D ( 'NONE', #6555, #1459, #6461 ) ;
#5650 = VERTEX_POINT ( 'NONE', #6777 ) ;
#5651 = ORIENTED_EDGE ( 'NONE', *, *, #2937, .F. ) ;
#5652 = ORIENTED_EDGE ( 'NONE', *, *, #5588, .F. ) ;
#5653 = DIRECTION ( 'NONE',  ( -1.000000000000000000, 0.000000000000000000, -2.881657216719182496E-16 ) ) ;
#5654 = DIRECTION ( 'NONE',  ( 0.000000000000000000, 1.000000000000000000, 0.000000000000000000 ) ) ;
#5655 = FACE_BOUND ( 'NONE', #3271, .T. ) ;
#5656 = CARTESIAN_POINT ( 'NONE',  ( -16.57500000000001350, -2.624999999999998224, 20.55336663013170551 ) ) ;
#5657 = CARTESIAN_POINT ( 'NONE',  ( 16.62499999999998934, 8.500000000000000000, 15.00000000000000178 ) ) ;
#5658 = CARTESIAN_POINT ( 'NONE',  ( 20.62499999999998934, -2.625000000000002220, 26.59663336986832860 ) ) ;
#5659 = LINE ( 'NONE', #4204, #1838 ) ;
#5660 = LINE ( 'NONE', #8684, #2214 ) ;
#5661 = EDGE_CURVE ( 'NONE', #8126, #3221, #1683, .T. ) ;
#5662 = ORIENTED_EDGE ( 'NONE', *, *, #6356, .T. ) ;
#5663 = ORIENTED_EDGE ( 'NONE', *, *, #5491, .T. ) ;
#5664 = CARTESIAN_POINT ( 'NONE',  ( -10.43261184457493940, -14.88244887111394377, -29.19238815542516718 ) ) ;
#5665 = CARTESIAN_POINT ( 'NONE',  ( -11.07500000000001883, 0.000000000000000000, 30.10000000000001208 ) ) ;
#5666 = LINE ( 'NONE', #2824, #8061 ) ;
#5667 =( BOUNDED_SURFACE ( )  B_SPLINE_SURFACE ( 3, 2, ( 
 ( #8383, #5459, #1996 ),
 ( #7692, #2655, #4139 ),
 ( #7003, #599, #5594 ),
 ( #2046, #8664, #2935 ),
 ( #4321, #2842, #1576 ),
 ( #5783, #3585, #7877 ),
 ( #6494, #3673, #786 ),
 ( #2237, #2280, #832 ),
 ( #4984, #8530, #5877 ),
 ( #3629, #179, #1625 ) ),
 .UNSPECIFIED., .F., .F., .T. ) 
 B_SPLINE_SURFACE_WITH_KNOTS ( ( 4, 2, 2, 2, 4 ),
 ( 3, 3 ),
 ( 0.001636794673171432452, 0.002372869161654381828, 0.003108943650137330986, 0.003845018138620280579, 0.004581092627103229738 ),
 ( 0.000000000000000000, 1.000000000000000000 ),
 .UNSPECIFIED. ) 
 GEOMETRIC_REPRESENTATION_ITEM ( )  RATIONAL_B_SPLINE_SURFACE ( (
 ( 1.000000000000000000, 0.8643883437740721432, 1.000000000000000000),
 ( 1.000000000000000000, 0.8735723788270775003, 1.000000000000000000),
 ( 1.000000000000000000, 0.8770543645120876253, 1.000000000000000000),
 ( 1.000000000000000000, 0.8729098835550164193, 1.000000000000000000),
 ( 1.000000000000000000, 0.8652968742429677507, 1.000000000000000000),
 ( 1.000000000000000000, 0.8385899055185999096, 1.000000000000000000),
 ( 1.000000000000000000, 0.8198043619808035309, 1.000000000000000000),
 ( 1.000000000000000000, 0.7716288363711933940, 1.000000000000000000),
 ( 1.000000000000000000, 0.7422190280220283265, 1.000000000000000000),
 ( 1.000000000000000000, 0.7071067811865467956, 1.000000000000000000) ) ) 
 REPRESENTATION_ITEM ( '' )  SURFACE ( )  );
#5668 = CARTESIAN_POINT ( 'NONE',  ( 19.44497400771151163, -11.92640433091829699, -25.26518554951798379 ) ) ;
#5669 = CARTESIAN_POINT ( 'NONE',  ( -24.62499999999998579, 8.000000000000000000, -37.79999999999998295 ) ) ;
#5670 = CARTESIAN_POINT ( 'NONE',  ( -25.56243760261244446, -7.410762064189208687, 6.433110054855835536 ) ) ;
#5671 = CARTESIAN_POINT ( 'NONE',  ( 26.62499999999999645, 15.00000000000000000, 5.147263975624272985E-15 ) ) ;
#5672 = EDGE_CURVE ( 'NONE', #5454, #6224, #6371, .T. ) ;
#5673 = EDGE_LOOP ( 'NONE', ( #7874, #6968 ) ) ;
#5674 = ORIENTED_EDGE ( 'NONE', *, *, #6493, .T. ) ;
#5675 = EDGE_LOOP ( 'NONE', ( #5724, #6295 ) ) ;
#5676 = EDGE_CURVE ( 'NONE', #3377, #7118, #8212, .T. ) ;
#5677 = VERTEX_POINT ( 'NONE', #3867 ) ;
#5678 = CARTESIAN_POINT ( 'NONE',  ( 16.62499999999998934, 7.000000000000000000, 13.50000000000000178 ) ) ;
#5679 = CARTESIAN_POINT ( 'NONE',  ( 20.62499999999998934, -2.624999999999998668, 16.55336663013171616 ) ) ;
#5680 = CARTESIAN_POINT ( 'NONE',  ( 21.83654301190382441, 12.59234992599339442, -1.611877927000485226E-12 ) ) ;
#5681 = EDGE_CURVE ( 'NONE', #9068, #7885, #6170, .T. ) ;
#5682 = DIRECTION ( 'NONE',  ( -1.000000000000000000, 0.000000000000000000, -0.000000000000000000 ) ) ;
#5683 = AXIS2_PLACEMENT_3D ( 'NONE', #5808, #7407, #1012 ) ;
#5684 = ORIENTED_EDGE ( 'NONE', *, *, #3238, .F. ) ;
#5685 = AXIS2_PLACEMENT_3D ( 'NONE', #4785, #1297, #4129 ) ;
#5686 = ORIENTED_EDGE ( 'NONE', *, *, #3224, .T. ) ;
#5687 = EDGE_CURVE ( 'NONE', #9076, #2564, #1583, .T. ) ;
#5688 = CIRCLE ( 'NONE', #7329, 47.90277777777828305 ) ;
#5689 = ADVANCED_FACE ( 'NONE', ( #7425 ), #8917, .F. ) ;
#5690 = CARTESIAN_POINT ( 'NONE',  ( -10.37500000000001066, -10.87962713085240196, 0.000000000000000000 ) ) ;
#5691 = CARTESIAN_POINT ( 'NONE',  ( -10.35275341806709015, -14.88781408065337075, -36.35085535447778682 ) ) ;
#5692 = CARTESIAN_POINT ( 'NONE',  ( 7.675000000000005151, 10.10000000000000320, -9.849999999999983658 ) ) ;
#5693 = CARTESIAN_POINT ( 'NONE',  ( -14.53289302001722838, -2.599999999999995648, -36.29999999999998295 ) ) ;
#5694 = DIRECTION ( 'NONE',  ( -0.000000000000000000, 2.710505431213760099E-16, -1.000000000000000000 ) ) ;
#5695 = DIRECTION ( 'NONE',  ( 0.000000000000000000, -7.509625437129028195E-17, -1.000000000000000000 ) ) ;
#5696 = ORIENTED_EDGE ( 'NONE', *, *, #4622, .F. ) ;
#5697 = ORIENTED_EDGE ( 'NONE', *, *, #8024, .F. ) ;
#5698 = AXIS2_PLACEMENT_3D ( 'NONE', #4630, #341, #7439 ) ;
#5699 = ORIENTED_EDGE ( 'NONE', *, *, #5908, .T. ) ;
#5700 = CYLINDRICAL_SURFACE ( 'NONE', #694, 2.000000000000001776 ) ;
#5701 = DIRECTION ( 'NONE',  ( -1.000000000000000000, 0.000000000000000000, -0.000000000000000000 ) ) ;
#5702 = CARTESIAN_POINT ( 'NONE',  ( 22.62500000000000711, -12.99999999999999822, 0.8672861625754184622 ) ) ;
#5703 = CARTESIAN_POINT ( 'NONE',  ( 8.624999999999992895, 11.99999999999999645, 8.000000000000005329 ) ) ;
#5704 = DIRECTION ( 'NONE',  ( 1.000000000000000000, 0.000000000000000000, 1.765621858500567205E-16 ) ) ;
#5705 = AXIS2_PLACEMENT_3D ( 'NONE', #1709, #308, #6756 ) ;
#5706 = CARTESIAN_POINT ( 'NONE',  ( -10.43261184457520763, -14.88244887111397929, -16.19238815542516718 ) ) ;
#5707 = EDGE_CURVE ( 'NONE', #6504, #4604, #4661, .T. ) ;
#5708 = DIRECTION ( 'NONE',  ( 2.881657216719182496E-16, 0.000000000000000000, -1.000000000000000000 ) ) ;
#5709 = CIRCLE ( 'NONE', #941, 11.99999999999999467 ) ;
#5710 = ORIENTED_EDGE ( 'NONE', *, *, #7951, .T. ) ;
#5711 = ADVANCED_FACE ( 'NONE', ( #8070 ), #7522, .F. ) ;
#5712 = CARTESIAN_POINT ( 'NONE',  ( -22.59314330741255361, 6.756849652878140766, 21.77847748038934839 ) ) ;
#5713 = CARTESIAN_POINT ( 'NONE',  ( 12.22901478587320234, 14.58540566807859840, -25.00000000000000000 ) ) ;
#5714 = B_SPLINE_CURVE_WITH_KNOTS ( 'NONE', 3,
 ( #871, #778, #6483, #7218, #8612, #1525 ),
 .UNSPECIFIED., .F., .F.,
 ( 4, 2, 4 ),
 ( 4.336808689942017736E-19, 0.0004690107620514539057, 0.0009380215241029062935 ),
 .UNSPECIFIED. ) ;
#5715 = DIRECTION ( 'NONE',  ( -1.000000000000000000, -0.000000000000000000, -0.000000000000000000 ) ) ;
#5716 = EDGE_CURVE ( 'NONE', #5602, #9020, #5835, .T. ) ;
#5717 = CARTESIAN_POINT ( 'NONE',  ( 15.12499999999998579, -5.250000000000000000, 23.10000000000001918 ) ) ;
#5718 = AXIS2_PLACEMENT_3D ( 'NONE', #7609, #6267, #6358 ) ;
#5719 = CARTESIAN_POINT ( 'NONE',  ( -16.63201037049080711, -13.98866915355841378, -38.16870841886181864 ) ) ;
#5720 = DIRECTION ( 'NONE',  ( 0.000000000000000000, 0.000000000000000000, -1.000000000000000000 ) ) ;
#5722 = B_SPLINE_CURVE_WITH_KNOTS ( 'NONE', 3,
 ( #1518, #4351, #961, #8793, #4448, #3657, #1608, #8606, #5205, #7304, #5906, #3702 ),
 .UNSPECIFIED., .F., .F.,
 ( 4, 2, 2, 2, 2, 4 ),
 ( 0.000000000000000000, 0.001044437158991867905, 0.002088874317983735809, 0.003133311476975603714, 0.003655530056471537666, 0.004177748635967471619 ),
 .UNSPECIFIED. ) ;
#5721 = LINE ( 'NONE', #4262, #5038 ) ;
#5723 = CYLINDRICAL_SURFACE ( 'NONE', #195, 1.050000000000002265 ) ;
#5724 = ORIENTED_EDGE ( 'NONE', *, *, #5687, .F. ) ;
#5725 = EDGE_LOOP ( 'NONE', ( #4670, #1088 ) ) ;
#5726 = ORIENTED_EDGE ( 'NONE', *, *, #1389, .T. ) ;
#5727 = VERTEX_POINT ( 'NONE', #2743 ) ;
#5728 = CARTESIAN_POINT ( 'NONE',  ( 15.12499999999998579, -2.625000000000002220, 27.64663336986832221 ) ) ;
#5729 = EDGE_CURVE ( 'NONE', #972, #2432, #3229, .T. ) ;
#5730 = CARTESIAN_POINT ( 'NONE',  ( 25.58549244348966667, 12.13400320721037318, -14.36830374613435524 ) ) ;
#5731 = CARTESIAN_POINT ( 'NONE',  ( -19.62499999999999645, 15.00000000000000000, -2.775557561562891351E-14 ) ) ;
#5732 = DIRECTION ( 'NONE',  ( -1.000000000000000000, -0.000000000000000000, -1.765621858500567205E-16 ) ) ;
#5733 = CIRCLE ( 'NONE', #3053, 2.000000000000001776 ) ;
#5734 = ORIENTED_EDGE ( 'NONE', *, *, #3816, .F. ) ;
#5735 = ORIENTED_EDGE ( 'NONE', *, *, #1111, .F. ) ;
#5736 = CARTESIAN_POINT ( 'NONE',  ( 16.65042966611072472, 12.21102539791759156, -27.35733529371383455 ) ) ;
#5737 = CARTESIAN_POINT ( 'NONE',  ( 17.62242612439400347, -13.05839381481135497, -25.50400649667355779 ) ) ;
#5738 = DIRECTION ( 'NONE',  ( -8.587739980083203670E-17, -1.000000000000000000, -8.587739980083204902E-17 ) ) ;
#5739 = AXIS2_PLACEMENT_3D ( 'NONE', #2140, #4980, #265 ) ;
#5740 = FACE_OUTER_BOUND ( 'NONE', #8142, .T. ) ;
#5741 = LINE ( 'NONE', #5083, #9030 ) ;
#5742 = ADVANCED_FACE ( 'NONE', ( #2702 ), #1397, .F. ) ;
#5743 = PLANE ( 'NONE',  #9100 ) ;
#5744 = ADVANCED_FACE ( 'NONE', ( #4940 ), #5667, .F. ) ;
#5745 = ORIENTED_EDGE ( 'NONE', *, *, #2009, .T. ) ;
#5746 = ORIENTED_EDGE ( 'NONE', *, *, #4826, .F. ) ;
#5747 = EDGE_LOOP ( 'NONE', ( #3584, #2364, #8978, #9210, #637, #176, #3431, #9224 ) ) ;
#5748 = CARTESIAN_POINT ( 'NONE',  ( -10.37500000000001243, -15.00000000000000000, -10.00000000000000000 ) ) ;
#5749 = FACE_OUTER_BOUND ( 'NONE', #2227, .T. ) ;
#5750 = FACE_BOUND ( 'NONE', #1147, .T. ) ;
#5751 = DIRECTION ( 'NONE',  ( 0.000000000000000000, 0.000000000000000000, -1.000000000000000000 ) ) ;
#5752 = FACE_OUTER_BOUND ( 'NONE', #6145, .T. ) ;
#5753 = VECTOR ( 'NONE', #6795, 1000.000000000000000 ) ;
#5754 = DIRECTION ( 'NONE',  ( 1.000000000000000000, 0.000000000000000000, 2.881657216719182496E-16 ) ) ;
#5755 = CARTESIAN_POINT ( 'NONE',  ( 2.650276262001402205, 15.30999064354070960, -15.00000000000000000 ) ) ;
#5756 = AXIS2_PLACEMENT_3D ( 'NONE', #2136, #3015, #2879 ) ;
#5757 = EDGE_LOOP ( 'NONE', ( #6063, #349, #1751, #8945, #2618, #5064, #7489, #3211, #8500, #8968, #2830 ) ) ;
#5758 = DIRECTION ( 'NONE',  ( 0.8314380909136932507, -0.5556174052149495113, -2.884630350258647408E-15 ) ) ;
#5759 = CARTESIAN_POINT ( 'NONE',  ( 17.62499999999998934, 0.000000000000000000, 23.10000000000001918 ) ) ;
#5760 = CIRCLE ( 'NONE', #8279, 5.000000000000000888 ) ;
#5761 = CARTESIAN_POINT ( 'NONE',  ( 25.75185937549461812, 12.11275902115985126, -13.21976434085799212 ) ) ;
#5762 = DIRECTION ( 'NONE',  ( 0.000000000000000000, 0.000000000000000000, 1.000000000000000000 ) ) ;
#5763 = CARTESIAN_POINT ( 'NONE',  ( -14.84635806393781010, -13.97159429779012108, -38.00217953093550705 ) ) ;
#5764 = CARTESIAN_POINT ( 'NONE',  ( 4.361708675248483047, 14.19700175547405685, -25.00000000000000000 ) ) ;
#5765 = AXIS2_PLACEMENT_3D ( 'NONE', #1929, #7254, #3608 ) ;
#5766 = CARTESIAN_POINT ( 'NONE',  ( 7.829014785873203763, 14.78421494571413852, -25.01379349597922186 ) ) ;
#5767 = DIRECTION ( 'NONE',  ( 1.000000000000000000, -0.000000000000000000, 2.881657216719182496E-16 ) ) ;
#5768 = ORIENTED_EDGE ( 'NONE', *, *, #7459, .T. ) ;
#5769 = ORIENTED_EDGE ( 'NONE', *, *, #7455, .T. ) ;
#5770 = ORIENTED_EDGE ( 'NONE', *, *, #7158, .T. ) ;
#5771 = EDGE_LOOP ( 'NONE', ( #7054, #1959, #5006, #2103 ) ) ;
#5772 = CYLINDRICAL_SURFACE ( 'NONE', #1732, 20.00000000000000000 ) ;
#5773 = CARTESIAN_POINT ( 'NONE',  ( 26.62499999999999645, 11.12083830895958059, -12.66225273979974375 ) ) ;
#5774 = FACE_BOUND ( 'NONE', #7069, .T. ) ;
#5776 = CIRCLE ( 'NONE', #5330, 1.049999999999998934 ) ;
#5775 = CIRCLE ( 'NONE', #8748, 1.000000000000000888 ) ;
#5777 = CARTESIAN_POINT ( 'NONE',  ( 21.15895374884723878, -12.67084426529507191, -22.46341433840678192 ) ) ;
#5778 = CARTESIAN_POINT ( 'NONE',  ( -22.61257750512467268, 4.605060144058646721, 21.20230446494138832 ) ) ;
#5779 = EDGE_CURVE ( 'NONE', #7973, #5413, #6052, .T. ) ;
#5780 = ORIENTED_EDGE ( 'NONE', *, *, #6763, .T. ) ;
#5781 = ORIENTED_EDGE ( 'NONE', *, *, #7042, .F. ) ;
#5782 = EDGE_CURVE ( 'NONE', #2343, #8281, #6169, .T. ) ;
#5783 = CARTESIAN_POINT ( 'NONE',  ( 24.26100398758239507, 12.30033339551324012, -4.346453730940991553E-13 ) ) ;
#5784 = CARTESIAN_POINT ( 'NONE',  ( 17.14803244541575822, -13.10776374257510568, -25.84897040968811410 ) ) ;
#5785 = DIRECTION ( 'NONE',  ( -0.000000000000000000, 1.000000000000000000, 8.587739980083203670E-17 ) ) ;
#5786 = B_SPLINE_CURVE_WITH_KNOTS ( 'NONE', 3,
 ( #8682, #4295, #5191, #7155, #757, #2349, #2905, #8592, #5049, #4338, #6556, #149, #2299, #5144, #7980, #1826, #8074, #1688, #8876, #7565, #6834, #1778, #378, #7430, #3090, #5331, #2572, #2438, #4576, #2532 ),
 .UNSPECIFIED., .F., .F.,
 ( 4, 2, 2, 2, 2, 2, 2, 2, 2, 2, 2, 2, 2, 2, 4 ),
 ( 0.000000000000000000, 0.0003917532020802342208, 0.0007835064041604684415, 0.001175259606240702717, 0.001567012808320936883, 0.002350519212481405433, 0.003134025616641873766, 0.003525778818722108150, 0.003917532020802342099, 0.004309285222882576483, 0.004701038424962810866, 0.005092791627043045249, 0.005484544829123278765, 0.005876298031203513149, 0.006268051233283747532 ),
 .UNSPECIFIED. ) ;
#5787 = CARTESIAN_POINT ( 'NONE',  ( 7.892821782178217838, 12.10000000000000142, -31.98578938135694827 ) ) ;
#5788 = DIRECTION ( 'NONE',  ( 1.000000000000000000, -0.000000000000000000, 2.881657216719182496E-16 ) ) ;
#5789 = EDGE_CURVE ( 'NONE', #4950, #4113, #741, .T. ) ;
#5790 = AXIS2_PLACEMENT_3D ( 'NONE', #8595, #7804, #6375 ) ;
#5791 = CARTESIAN_POINT ( 'NONE',  ( -25.88961476166137388, -8.068883832432041103, 5.371951614537051611 ) ) ;
#5792 = AXIS2_PLACEMENT_3D ( 'NONE', #2355, #5999, #5857 ) ;
#5793 = VERTEX_POINT ( 'NONE', #8948 ) ;
#5794 = ORIENTED_EDGE ( 'NONE', *, *, #7324, .F. ) ;
#5795 = ORIENTED_EDGE ( 'NONE', *, *, #2389, .F. ) ;
#5796 = ADVANCED_FACE ( 'NONE', ( #6677 ), #4690, .F. ) ;
#5797 = CARTESIAN_POINT ( 'NONE',  ( 26.62499999999999645, -10.99999999999999645, 5.204170427930421283E-15 ) ) ;
#5798 = DIRECTION ( 'NONE',  ( 0.000000000000000000, 0.000000000000000000, -1.000000000000000000 ) ) ;
#5799 = CARTESIAN_POINT ( 'NONE',  ( -22.62256308275782857, -12.99999999999999822, -0.2792407799438648697 ) ) ;
#5800 = EDGE_CURVE ( 'NONE', #1087, #3788, #6764, .T. ) ;
#5801 = CARTESIAN_POINT ( 'NONE',  ( -0.6747704704591230840, 14.59596867415589827, -14.44402558943095372 ) ) ;
#5802 = ADVANCED_FACE ( 'NONE', ( #7415 ), #8763, .T. ) ;
#5803 = LINE ( 'NONE', #3784, #6210 ) ;
#5804 = AXIS2_PLACEMENT_3D ( 'NONE', #907, #7440, #3144 ) ;
#5805 = LINE ( 'NONE', #7201, #3624 ) ;
#5806 = DIRECTION ( 'NONE',  ( -1.000000000000000000, -0.000000000000000000, -2.881657216719182496E-16 ) ) ;
#5807 = ORIENTED_EDGE ( 'NONE', *, *, #9133, .F. ) ;
#5808 = CARTESIAN_POINT ( 'NONE',  ( -16.57500000000001350, 2.624999999999995559, 27.64663336986831510 ) ) ;
#5809 = EDGE_CURVE ( 'NONE', #1573, #951, #2422, .T. ) ;
#5810 = CARTESIAN_POINT ( 'NONE',  ( -21.17556862445030319, 11.00000000000000000, 2.602085213965210642E-15 ) ) ;
#5811 = B_SPLINE_CURVE_WITH_KNOTS ( 'NONE', 3,
 ( #3046, #6563, #7944, #998 ),
 .UNSPECIFIED., .F., .F.,
 ( 4, 4 ),
 ( 2.737179118189562777E-07, 0.0001415635232443917299 ),
 .UNSPECIFIED. ) ;
#5812 = CARTESIAN_POINT ( 'NONE',  ( 23.66967924545689428, 12.37297677345884850, -19.25033193448928159 ) ) ;
#5813 = DIRECTION ( 'NONE',  ( 0.000000000000000000, -1.000000000000000000, 0.000000000000000000 ) ) ;
#5814 = CARTESIAN_POINT ( 'NONE',  ( 23.21693120473196359, -11.51499489201560955, -21.45700291055122122 ) ) ;
#5815 = DIRECTION ( 'NONE',  ( 0.000000000000000000, 0.000000000000000000, -1.000000000000000000 ) ) ;
#5816 = CARTESIAN_POINT ( 'NONE',  ( -19.62499999999986144, 15.00000000000000000, -6.999999999999993783 ) ) ;
#5817 = B_SPLINE_CURVE_WITH_KNOTS ( 'NONE', 3,
 ( #3086, #5939, #8779, #1776, #1081, #4620, #7471, #8874, #6734, #331, #3182, #2479, #6033, #5327, #8168, #1466, #7207, #6331, #4162, #8458, #4302, #1329, #2120, #765, #2020, #5571, #5056, #2770 ),
 .UNSPECIFIED., .F., .F.,
 ( 4, 2, 2, 2, 2, 2, 2, 2, 2, 2, 2, 2, 2, 4 ),
 ( 0.006268051233283747532, 0.007051391331778573968, 0.007834731430273401270, 0.008226401479520809717, 0.008618071528768219899, 0.009009741578015630081, 0.009401411627263040263, 0.009793081676510450445, 0.01018475172575785889, 0.01057642177500527081, 0.01096809182425267926, 0.01135976187350008770, 0.01175143192274749962, 0.01253477202124231304 ),
 .UNSPECIFIED. ) ;
#5818 = CARTESIAN_POINT ( 'NONE',  ( -25.86218576728674279, -8.905234730266753829, 5.088209185378581800 ) ) ;
#5819 = VERTEX_POINT ( 'NONE', #7458 ) ;
#5820 = ORIENTED_EDGE ( 'NONE', *, *, #3185, .T. ) ;
#5821 = VERTEX_POINT ( 'NONE', #3949 ) ;
#5822 = CARTESIAN_POINT ( 'NONE',  ( -25.84821093924977831, -7.902763757320330207, 5.519797205070840818 ) ) ;
#5823 = CARTESIAN_POINT ( 'NONE',  ( 26.59359191899176267, 11.12464644838921402, -13.28568560374768381 ) ) ;
#5824 = CARTESIAN_POINT ( 'NONE',  ( 22.56627866080043532, 12.50566558229493630, 5.323432666903826771E-14 ) ) ;
#5825 = DIRECTION ( 'NONE',  ( -0.000000000000000000, -0.000000000000000000, -1.000000000000000000 ) ) ;
#5826 = LINE ( 'NONE', #1758, #4866 ) ;
#5827 = ADVANCED_FACE ( 'NONE', ( #3070 ), #5401, .F. ) ;
#5828 = ORIENTED_EDGE ( 'NONE', *, *, #3089, .F. ) ;
#5829 = VERTEX_POINT ( 'NONE', #5268 ) ;
#5830 = EDGE_CURVE ( 'NONE', #141, #9149, #8243, .T. ) ;
#5831 = CARTESIAN_POINT ( 'NONE',  ( 10.49125405471158246, 12.77155924741209247, -30.86108781164621462 ) ) ;
#5832 = LINE ( 'NONE', #974, #4637 ) ;
#5833 = AXIS2_PLACEMENT_3D ( 'NONE', #657, #7884, #7928 ) ;
#5834 = CARTESIAN_POINT ( 'NONE',  ( 20.62499999999998934, 2.624999999999995559, 27.64663336986832576 ) ) ;
#5835 = B_SPLINE_CURVE_WITH_KNOTS ( 'NONE', 3,
 ( #3540, #9090, #9003, #9187, #6261, #4184 ),
 .UNSPECIFIED., .F., .F.,
 ( 4, 2, 4 ),
 ( 1.932399602666845306E-18, 0.001037134945928322319, 0.002074269891856642036 ),
 .UNSPECIFIED. ) ;
#5836 = VECTOR ( 'NONE', #4681, 1000.000000000000000 ) ;
#5837 = CARTESIAN_POINT ( 'NONE',  ( 20.62499999999998934, -2.625000000000002220, 27.64663336986832576 ) ) ;
#5838 = CARTESIAN_POINT ( 'NONE',  ( -24.78705109653605732, 11.37809375326780881, -0.7926979177559037026 ) ) ;
#5839 = EDGE_CURVE ( 'NONE', #8092, #371, #3118, .T. ) ;
#5840 = AXIS2_PLACEMENT_3D ( 'NONE', #8949, #1068, #5269 ) ;
#5841 = DIRECTION ( 'NONE',  ( 1.000000000000000000, 0.000000000000000000, 0.000000000000000000 ) ) ;
#5842 = ORIENTED_EDGE ( 'NONE', *, *, #4869, .T. ) ;
#5843 = CARTESIAN_POINT ( 'NONE',  ( -26.62499999999999645, 9.936528246703325351, -0.2288505315842903343 ) ) ;
#5844 = ORIENTED_EDGE ( 'NONE', *, *, #3729, .F. ) ;
#5845 = EDGE_LOOP ( 'NONE', ( #8207, #6934, #4459, #6683, #6570, #7961, #1362, #3456 ) ) ;
#5846 = CIRCLE ( 'NONE', #2561, 2.000000000000001776 ) ;
#5847 = ORIENTED_EDGE ( 'NONE', *, *, #7905, .F. ) ;
#5848 = DIRECTION ( 'NONE',  ( 0.000000000000000000, 0.000000000000000000, -1.000000000000000000 ) ) ;
#5849 = CARTESIAN_POINT ( 'NONE',  ( 26.62499999999998934, -5.250000000000000000, 25.10000000000002629 ) ) ;
#5850 = LINE ( 'NONE', #1593, #3883 ) ;
#5851 = CARTESIAN_POINT ( 'NONE',  ( -23.90028431221630001, -14.99999999999999645, 4.336808689942017736E-15 ) ) ;
#5852 = CARTESIAN_POINT ( 'NONE',  ( -23.16053390593257788, -7.900000000000000355, -6.999999999999993783 ) ) ;
#5853 = DIRECTION ( 'NONE',  ( -1.000000000000000000, 0.000000000000000000, -0.000000000000000000 ) ) ;
#5854 = DIRECTION ( 'NONE',  ( -0.000000000000000000, -0.000000000000000000, 1.000000000000000000 ) ) ;
#5855 = ORIENTED_EDGE ( 'NONE', *, *, #4653, .F. ) ;
#5856 = CARTESIAN_POINT ( 'NONE',  ( -25.84821093924977831, -7.902763757320330207, 5.519797205070840818 ) ) ;
#5857 = DIRECTION ( 'NONE',  ( 0.000000000000000000, -1.000000000000000000, -3.469446951953611033E-15 ) ) ;
#5858 = DIRECTION ( 'NONE',  ( 1.079438565345101231E-14, 0.000000000000000000, 1.000000000000000000 ) ) ;
#5859 = AXIS2_PLACEMENT_3D ( 'NONE', #8451, #8766, #4464 ) ;
#5860 = DIRECTION ( 'NONE',  ( -1.000000000000000000, 0.000000000000000000, -0.000000000000000000 ) ) ;
#5861 = CARTESIAN_POINT ( 'NONE',  ( 9.675000000000007816, -10.09999999999999609, -9.849999999999983658 ) ) ;
#5862 = CARTESIAN_POINT ( 'NONE',  ( 7.675000000000007816, -10.10000000000000853, -33.09999999999998010 ) ) ;
#5863 = CARTESIAN_POINT ( 'NONE',  ( -26.62500000000001066, 2.624999999999995559, 27.64663336986831510 ) ) ;
#5864 = DIRECTION ( 'NONE',  ( 0.000000000000000000, 0.000000000000000000, 1.000000000000000000 ) ) ;
#5865 = EDGE_CURVE ( 'NONE', #1338, #9173, #222, .T. ) ;
#5866 = ADVANCED_FACE ( 'NONE', ( #4508 ), #1851, .T. ) ;
#5867 = ORIENTED_EDGE ( 'NONE', *, *, #7789, .F. ) ;
#5868 = ORIENTED_EDGE ( 'NONE', *, *, #495, .T. ) ;
#5869 = ORIENTED_EDGE ( 'NONE', *, *, #547, .F. ) ;
#5870 = DIRECTION ( 'NONE',  ( -0.7465930852246064342, -0.6652809670318275970, 0.000000000000000000 ) ) ;
#5871 = CARTESIAN_POINT ( 'NONE',  ( 26.33113146233103308, 11.15565314616272552, -15.14991514362804281 ) ) ;
#5872 = CARTESIAN_POINT ( 'NONE',  ( 18.17312819460623174, 11.99999999999999645, -5.608817230107198409E-09 ) ) ;
#5873 = CARTESIAN_POINT ( 'NONE',  ( 26.62499999999999645, -11.12083830894681036, -12.66225273979739541 ) ) ;
#5874 = DIRECTION ( 'NONE',  ( 0.000000000000000000, 0.000000000000000000, -1.000000000000000000 ) ) ;
#5875 = ORIENTED_EDGE ( 'NONE', *, *, #6196, .F. ) ;
#5876 = ORIENTED_EDGE ( 'NONE', *, *, #2361, .T. ) ;
#5877 = CARTESIAN_POINT ( 'NONE',  ( 24.68205776585307731, 11.43629060657989704, 0.9999999782100441603 ) ) ;
#5878 = CARTESIAN_POINT ( 'NONE',  ( -26.62499999999998934, -7.100000000000003197, -36.29999999999999005 ) ) ;
#5879 = LINE ( 'NONE', #8715, #6900 ) ;
#5880 = EDGE_CURVE ( 'NONE', #4880, #2142, #3766, .T. ) ;
#5881 = CARTESIAN_POINT ( 'NONE',  ( -26.62499999999998934, -2.599999999999995648, -37.09999999999998721 ) ) ;
#5882 = CARTESIAN_POINT ( 'NONE',  ( -25.12690742654811871, 11.12909400013474759, -0.7096980000449204518 ) ) ;
#5883 = CARTESIAN_POINT ( 'NONE',  ( -1.824999999999995071, -4.150795011477496669E-15, -39.29999999999999005 ) ) ;
#5884 = ORIENTED_EDGE ( 'NONE', *, *, #3931, .F. ) ;
#5885 = DIRECTION ( 'NONE',  ( 0.000000000000000000, 0.000000000000000000, -1.000000000000000000 ) ) ;
#5886 = VERTEX_POINT ( 'NONE', #6629 ) ;
#5887 = ORIENTED_EDGE ( 'NONE', *, *, #4496, .T. ) ;
#5888 = ORIENTED_EDGE ( 'NONE', *, *, #1220, .T. ) ;
#5889 = DIRECTION ( 'NONE',  ( -0.000000000000000000, -0.000000000000000000, 1.000000000000000000 ) ) ;
#5890 = AXIS2_PLACEMENT_3D ( 'NONE', #3264, #3217, #1208 ) ;
#5891 = CARTESIAN_POINT ( 'NONE',  ( -23.16543135835399170, 11.97214550999819238, -0.2653567815987193934 ) ) ;
#5892 = CARTESIAN_POINT ( 'NONE',  ( -21.60015420707178180, -11.99999999999876721, 6.505745400281709223 ) ) ;
#5893 = CARTESIAN_POINT ( 'NONE',  ( -21.17556862445148624, -11.00000000000000000, 2.602085213965210642E-15 ) ) ;
#5894 = DIRECTION ( 'NONE',  ( -0.000000000000000000, -0.000000000000000000, -1.000000000000000000 ) ) ;
#5895 = CARTESIAN_POINT ( 'NONE',  ( -22.57500000000001705, 2.624999999999995559, 25.64663336986830799 ) ) ;
#5896 = FACE_OUTER_BOUND ( 'NONE', #3924, .T. ) ;
#5897 = EDGE_CURVE ( 'NONE', #4483, #7875, #9183, .T. ) ;
#5898 = VERTEX_POINT ( 'NONE', #1717 ) ;
#5899 = CYLINDRICAL_SURFACE ( 'NONE', #7806, 2.000000000000001776 ) ;
#5900 = CARTESIAN_POINT ( 'NONE',  ( -25.26264215611110586, 11.00000000000000000, 2.602085213965210642E-15 ) ) ;
#5901 = CARTESIAN_POINT ( 'NONE',  ( -23.16053390593271644, 10.10000000000000320, -19.99999999999998934 ) ) ;
#5902 = CARTESIAN_POINT ( 'NONE',  ( 1.246896989097652675, -12.09999999999999964, -32.41642466757121355 ) ) ;
#5903 = DIRECTION ( 'NONE',  ( 0.000000000000000000, 0.000000000000000000, -1.000000000000000000 ) ) ;
#5904 = DIRECTION ( 'NONE',  ( -9.221531102568232599E-32, -1.000000000000000000, 5.222823368532323219E-16 ) ) ;
#5905 = B_SPLINE_CURVE_WITH_KNOTS ( 'NONE', 3,
 ( #1232, #9113, #3373, #6233, #2674, #3418, #6372, #5522 ),
 .UNSPECIFIED., .F., .F.,
 ( 4, 2, 2, 4 ),
 ( 0.000000000000000000, 0.0007057008307660257111, 0.001411401661532051422, 0.002822803323064106747 ),
 .UNSPECIFIED. ) ;
#5906 = CARTESIAN_POINT ( 'NONE',  ( 8.789117618104757668, 12.94197588531403120, 5.147630978701196736E-15 ) ) ;
#5907 = AXIS2_PLACEMENT_3D ( 'NONE', #6903, #2787, #3345 ) ;
#5908 = EDGE_CURVE ( 'NONE', #6436, #8270, #3857, .T. ) ;
#5909 = EDGE_CURVE ( 'NONE', #1184, #2363, #1668, .T. ) ;
#5910 = ORIENTED_EDGE ( 'NONE', *, *, #435, .T. ) ;
#5911 = ORIENTED_EDGE ( 'NONE', *, *, #4247, .F. ) ;
#5912 = CIRCLE ( 'NONE', #7983, 2.000000000000001776 ) ;
#5913 = VERTEX_POINT ( 'NONE', #2465 ) ;
#5914 = CARTESIAN_POINT ( 'NONE',  ( -24.51908135469476591, -7.902763757320330207, 9.591693595492579050 ) ) ;
#5915 = LINE ( 'NONE', #822, #1508 ) ;
#5916 = CIRCLE ( 'NONE', #5765, 3.999999999999999112 ) ;
#5917 = DIRECTION ( 'NONE',  ( -0.000000000000000000, 1.000000000000000000, -0.000000000000000000 ) ) ;
#5918 = CARTESIAN_POINT ( 'NONE',  ( 21.76515566497688425, -11.67736401409514180, -23.15934521014816383 ) ) ;
#5919 = EDGE_CURVE ( 'NONE', #9011, #8991, #3922, .T. ) ;
#5920 = CARTESIAN_POINT ( 'NONE',  ( -5.575000000000010836, -10.10000000000000497, -12.04999999999999893 ) ) ;
#5921 = ADVANCED_FACE ( 'NONE', ( #4651 ), #8908, .F. ) ;
#5922 = VERTEX_POINT ( 'NONE', #9130 ) ;
#5923 = ORIENTED_EDGE ( 'NONE', *, *, #6325, .T. ) ;
#5924 = AXIS2_PLACEMENT_3D ( 'NONE', #173, #5167, #8708 ) ;
#5925 = DIRECTION ( 'NONE',  ( 0.000000000000000000, 0.000000000000000000, -1.000000000000000000 ) ) ;
#5926 = CARTESIAN_POINT ( 'NONE',  ( 22.66102071308555210, -12.49456806032863732, -20.69608512991461780 ) ) ;
#5927 = CYLINDRICAL_SURFACE ( 'NONE', #2864, 21.00000000000000355 ) ;
#5928 = CARTESIAN_POINT ( 'NONE',  ( -11.96499999999999631, 10.10000000000000497, -35.57131279429334114 ) ) ;
#5929 = LINE ( 'NONE', #8718, #1761 ) ;
#5930 = LINE ( 'NONE', #3029, #6215 ) ;
#5931 = VERTEX_POINT ( 'NONE', #9081 ) ;
#5932 = CARTESIAN_POINT ( 'NONE',  ( -5.575000000000010836, -8.199999999999992184, -12.04999999999999893 ) ) ;
#5933 = B_SPLINE_CURVE_WITH_KNOTS ( 'NONE', 2,
 ( #5391, #1974, #6936 ),
 .UNSPECIFIED., .F., .F.,
 ( 3, 3 ),
 ( 0.01897316060473876881, 0.02655088381029648351 ),
 .UNSPECIFIED. ) ;
#5934 = ORIENTED_EDGE ( 'NONE', *, *, #1634, .T. ) ;
#5935 = VERTEX_POINT ( 'NONE', #3432 ) ;
#5936 = ORIENTED_EDGE ( 'NONE', *, *, #3729, .T. ) ;
#5937 = LINE ( 'NONE', #1544, #250 ) ;
#5938 = LINE ( 'NONE', #7333, #1303 ) ;
#5939 = CARTESIAN_POINT ( 'NONE',  ( -22.64274064696087763, -2.363399890827924121, 20.55336663013170906 ) ) ;
#5940 = CARTESIAN_POINT ( 'NONE',  ( -19.12649554331252233, -14.99981966397797528, -3.999999999999996447 ) ) ;
#5941 = CIRCLE ( 'NONE', #271, 1.000000000000000000 ) ;
#5942 = DIRECTION ( 'NONE',  ( 1.000000000000000000, 0.000000000000000000, 2.881657216719182496E-16 ) ) ;
#5943 = VECTOR ( 'NONE', #5560, 1000.000000000000000 ) ;
#5944 = CARTESIAN_POINT ( 'NONE',  ( -22.57500000000001705, 7.999999999999992895, 23.10000000000000853 ) ) ;
#5945 = FACE_OUTER_BOUND ( 'NONE', #7297, .T. ) ;
#5946 = EDGE_LOOP ( 'NONE', ( #6029, #1678, #3312, #1313, #9208, #6700, #2688, #9055 ) ) ;
#5947 = EDGE_LOOP ( 'NONE', ( #4004, #6837 ) ) ;
#5948 = VECTOR ( 'NONE', #5513, 1000.000000000000000 ) ;
#5949 = CYLINDRICAL_SURFACE ( 'NONE', #3548, 1.000000000000000888 ) ;
#5950 = LINE ( 'NONE', #8839, #5040 ) ;
#5951 = EDGE_CURVE ( 'NONE', #6281, #2432, #2690, .T. ) ;
#5952 = DIRECTION ( 'NONE',  ( -0.000000000000000000, -0.000000000000000000, -1.000000000000000000 ) ) ;
#5953 = VECTOR ( 'NONE', #6276, 1000.000000000000000 ) ;
#5954 = FACE_OUTER_BOUND ( 'NONE', #1428, .T. ) ;
#5955 = DIRECTION ( 'NONE',  ( 0.000000000000000000, 0.000000000000000000, 1.000000000000000000 ) ) ;
#5956 = DIRECTION ( 'NONE',  ( 0.000000000000000000, -0.000000000000000000, -1.000000000000000000 ) ) ;
#5957 = ADVANCED_FACE ( 'NONE', ( #2736 ), #1205, .T. ) ;
#5958 = AXIS2_PLACEMENT_3D ( 'NONE', #1191, #6184, #9017 ) ;
#5959 = ORIENTED_EDGE ( 'NONE', *, *, #9138, .F. ) ;
#5960 = ORIENTED_EDGE ( 'NONE', *, *, #8762, .F. ) ;
#5961 = ORIENTED_EDGE ( 'NONE', *, *, #8441, .F. ) ;
#5962 = DIRECTION ( 'NONE',  ( 1.000000000000000000, -0.000000000000000000, 2.881657216719182496E-16 ) ) ;
#5963 = CARTESIAN_POINT ( 'NONE',  ( -16.63837062456472893, 13.98870996067244121, -38.16916215577581539 ) ) ;
#5964 = LINE ( 'NONE', #2416, #487 ) ;
#5965 = ADVANCED_FACE ( 'NONE', ( #639 ), #5584, .F. ) ;
#5966 = CARTESIAN_POINT ( 'NONE',  ( 26.59394517240729883, -12.00514301669486983, -13.27769568808602152 ) ) ;
#5967 = CARTESIAN_POINT ( 'NONE',  ( 7.129014785873202698, 17.98421494571413604, -15.00000000000000000 ) ) ;
#5968 = ADVANCED_FACE ( 'NONE', ( #2600 ), #4882, .F. ) ;
#5969 = EDGE_LOOP ( 'NONE', ( #9163, #1589, #3661, #1075, #2687 ) ) ;
#5970 = VERTEX_POINT ( 'NONE', #5493 ) ;
#5971 = CARTESIAN_POINT ( 'NONE',  ( -26.62499999999999645, 11.99999999999999645, -0.9999999999999915623 ) ) ;
#5972 = DIRECTION ( 'NONE',  ( -0.000000000000000000, 1.000000000000000000, 8.587739980083203670E-17 ) ) ;
#5973 = CARTESIAN_POINT ( 'NONE',  ( 8.892457261648532452, 14.86758063139465946, -15.00000000000000000 ) ) ;
#5974 = PLANE ( 'NONE',  #5583 ) ;
#5975 =( BOUNDED_SURFACE ( )  B_SPLINE_SURFACE ( 3, 2, ( 
 ( #1907, #6171, #9004 ),
 ( #4008, #2528, #2610 ),
 ( #3963, #1036, #4570 ),
 ( #5370, #3179, #8918 ) ),
 .UNSPECIFIED., .F., .F., .T. ) 
 B_SPLINE_SURFACE_WITH_KNOTS ( ( 4, 4 ),
 ( 3, 3 ),
 ( 0.03272418903702736803, 0.03826673121864610644 ),
 ( 0.000000000000000000, 1.000000000000000000 ),
 .UNSPECIFIED. ) 
 GEOMETRIC_REPRESENTATION_ITEM ( )  RATIONAL_B_SPLINE_SURFACE ( (
 ( 1.000000000000000000, 0.7071067811865482389, 1.000000000000000000),
 ( 1.000000000000000000, 0.7071067811865482389, 1.000000000000000000),
 ( 1.000000000000000000, 0.7071067811865475727, 1.000000000000000000),
 ( 1.000000000000000000, 0.7071067811865475727, 1.000000000000000000) ) ) 
 REPRESENTATION_ITEM ( '' )  SURFACE ( )  );
#5976 = CARTESIAN_POINT ( 'NONE',  ( -24.28285785194983148, 12.41242485622013092, -1.137474952073369350 ) ) ;
#5977 = DIRECTION ( 'NONE',  ( 0.000000000000000000, -7.242684271981953222E-17, 1.000000000000000000 ) ) ;
#5978 = EDGE_CURVE ( 'NONE', #4568, #3670, #4742, .T. ) ;
#5979 = ORIENTED_EDGE ( 'NONE', *, *, #6709, .T. ) ;
#5980 = CARTESIAN_POINT ( 'NONE',  ( -10.62712255461673649, 12.09999999999999254, -35.34359239950281761 ) ) ;
#5981 = ORIENTED_EDGE ( 'NONE', *, *, #2190, .F. ) ;
#5982 = EDGE_CURVE ( 'NONE', #8101, #2270, #4784, .T. ) ;
#5983 = EDGE_LOOP ( 'NONE', ( #5207, #1936, #8455, #211 ) ) ;
#5984 = CIRCLE ( 'NONE', #5833, 51.90277777777828305 ) ;
#5985 = DIRECTION ( 'NONE',  ( -1.000000000000000000, -0.000000000000000000, -2.881657216719182496E-16 ) ) ;
#5986 = DIRECTION ( 'NONE',  ( 0.000000000000000000, 0.000000000000000000, -1.000000000000000000 ) ) ;
#5987 = CARTESIAN_POINT ( 'NONE',  ( -22.57500000000002771, -7.250000000000003553, 23.10000000000000853 ) ) ;
#5988 = B_SPLINE_CURVE_WITH_KNOTS ( 'NONE', 3,
 ( #6792, #1833, #4672, #6416, #3597, #8588, #1274, #6322, #7059, #7846, #9199, #5, #6971, #3506 ),
 .UNSPECIFIED., .F., .F.,
 ( 4, 2, 2, 2, 2, 2, 4 ),
 ( -0.002386448319798180340, -0.0007695003762632822517, 0.0008474475672716158363, 0.004081343454341404206, 0.005698291397876297307, 0.007315239341411190407, 0.01054913522848097487 ),
 .UNSPECIFIED. ) ;
#5989 = VECTOR ( 'NONE', #9177, 1000.000000000000000 ) ;
#5990 = CYLINDRICAL_SURFACE ( 'NONE', #5206, 1.049999999999995381 ) ;
#5991 = DIRECTION ( 'NONE',  ( 1.000000000000000000, 0.000000000000000000, 2.881657216719182496E-16 ) ) ;
#5992 = CARTESIAN_POINT ( 'NONE',  ( 23.01810300570059908, -11.98543562041323440, 0.8430148220047420926 ) ) ;
#5993 = VECTOR ( 'NONE', #3473, 1000.000000000000000 ) ;
#5994 = CARTESIAN_POINT ( 'NONE',  ( -22.92404523084628210, 1.025485605595384930, 17.32477965099811357 ) ) ;
#5995 = ORIENTED_EDGE ( 'NONE', *, *, #6524, .T. ) ;
#5996 = VERTEX_POINT ( 'NONE', #6946 ) ;
#5997 = ORIENTED_EDGE ( 'NONE', *, *, #6475, .F. ) ;
#5998 = CYLINDRICAL_SURFACE ( 'NONE', #7604, 2.000000000000001776 ) ;
#5999 = DIRECTION ( 'NONE',  ( -1.734723475976805517E-15, -3.275847530856315043E-15, 1.000000000000000000 ) ) ;
#6000 = CARTESIAN_POINT ( 'NONE',  ( -18.45487326767645442, 14.99821716681900163, -37.27720088893511985 ) ) ;
#6001 = CARTESIAN_POINT ( 'NONE',  ( -4.575000000000009948, 0.000000000000000000, -13.04999999999999893 ) ) ;
#6002 = EDGE_CURVE ( 'NONE', #338, #3727, #7637, .T. ) ;
#6003 = CARTESIAN_POINT ( 'NONE',  ( -5.575000000000010836, 7.200000000000004619, -13.04999999999999893 ) ) ;
#6004 = DIRECTION ( 'NONE',  ( 1.079438565345101546E-14, 5.222823368532323219E-16, 1.000000000000000000 ) ) ;
#6005 = EDGE_CURVE ( 'NONE', #2043, #5516, #4084, .T. ) ;
#6006 = VERTEX_POINT ( 'NONE', #3485 ) ;
#6007 = ORIENTED_EDGE ( 'NONE', *, *, #1574, .F. ) ;
#6008 = ORIENTED_EDGE ( 'NONE', *, *, #7625, .F. ) ;
#6009 = CIRCLE ( 'NONE', #1672, 1.834999999999999742 ) ;
#6010 = CARTESIAN_POINT ( 'NONE',  ( 12.22901478587320234, 19.28421494571414030, -25.00000000000000000 ) ) ;
#6011 = CARTESIAN_POINT ( 'NONE',  ( 3.167671483538916810, 14.28208442466088890, -32.80129964880799776 ) ) ;
#6012 = DIRECTION ( 'NONE',  ( 1.000000000000000000, 0.000000000000000000, 2.881657216719182496E-16 ) ) ;
#6013 = CARTESIAN_POINT ( 'NONE',  ( -26.62499999999999289, -10.09999999999999609, -9.849999999999990763 ) ) ;
#6014 = CARTESIAN_POINT ( 'NONE',  ( 15.16288150211630104, -12.35434379282020068, -28.30548701801702904 ) ) ;
#6015 = CARTESIAN_POINT ( 'NONE',  ( -26.62499999999998934, -2.599999999999995648, -36.29999999999999005 ) ) ;
#6016 = VERTEX_POINT ( 'NONE', #3390 ) ;
#6017 = AXIS2_PLACEMENT_3D ( 'NONE', #2114, #1968, #5523 ) ;
#6018 = VERTEX_POINT ( 'NONE', #8285 ) ;
#6019 = ADVANCED_FACE ( 'NONE', ( #590 ), #5538, .F. ) ;
#6020 = DIRECTION ( 'NONE',  ( 1.000000000000000000, 0.000000000000000000, 2.881657216719182989E-16 ) ) ;
#6021 = DIRECTION ( 'NONE',  ( -1.000000000000000000, 0.000000000000000000, 0.000000000000000000 ) ) ;
#6022 = CARTESIAN_POINT ( 'NONE',  ( -24.18491745666283776, -9.475357003913027043, 9.730388396368681470 ) ) ;
#6023 = DIRECTION ( 'NONE',  ( 0.000000000000000000, 0.000000000000000000, -1.000000000000000000 ) ) ;
#6024 = AXIS2_PLACEMENT_3D ( 'NONE', #240, #5754, #7244 ) ;
#6025 = CARTESIAN_POINT ( 'NONE',  ( -15.85370546864755781, 14.98518995130042697, -30.84236234321800296 ) ) ;
#6026 = DIRECTION ( 'NONE',  ( -0.9403559010022507492, 0.000000000000000000, 0.3401922683575352435 ) ) ;
#6027 = ORIENTED_EDGE ( 'NONE', *, *, #1941, .T. ) ;
#6028 = CARTESIAN_POINT ( 'NONE',  ( -0.7128906250000002220, -0.8904001052403969219, -41.79999999999999005 ) ) ;
#6029 = ORIENTED_EDGE ( 'NONE', *, *, #3201, .F. ) ;
#6030 = ORIENTED_EDGE ( 'NONE', *, *, #9046, .T. ) ;
#6031 = DIRECTION ( 'NONE',  ( 0.000000000000000000, 0.000000000000000000, -1.000000000000000000 ) ) ;
#6032 = CARTESIAN_POINT ( 'NONE',  ( 7.675000000000007816, -10.10000000000000853, -33.09999999999998010 ) ) ;
#6033 = CARTESIAN_POINT ( 'NONE',  ( -22.77881624669309701, -0.6249166879313949874, 18.68381438826105878 ) ) ;
#6034 = DIRECTION ( 'NONE',  ( 0.000000000000000000, 0.000000000000000000, -1.000000000000000000 ) ) ;
#6035 = CARTESIAN_POINT ( 'NONE',  ( -13.49649023082927890, -14.96088833646640914, -13.12850976917092538 ) ) ;
#6036 = EDGE_CURVE ( 'NONE', #5227, #5970, #3706, .T. ) ;
#6037 = CARTESIAN_POINT ( 'NONE',  ( 7.675000000000007816, 10.10000000000000142, -33.09999999999998010 ) ) ;
#6038 = CARTESIAN_POINT ( 'NONE',  ( 12.67500000000000604, -10.09999999999999609, 13.64553149005147326 ) ) ;
#6039 = VERTEX_POINT ( 'NONE', #6252 ) ;
#6040 = ORIENTED_EDGE ( 'NONE', *, *, #3851, .F. ) ;
#6041 = VECTOR ( 'NONE', #927, 1000.000000000000000 ) ;
#6042 = ORIENTED_EDGE ( 'NONE', *, *, #28, .F. ) ;
#6043 = CARTESIAN_POINT ( 'NONE',  ( -3.665181435659079057, 14.70810892306106687, -10.00000000000000888 ) ) ;
#6044 = DIRECTION ( 'NONE',  ( 0.000000000000000000, 0.000000000000000000, -1.000000000000000000 ) ) ;
#6045 = DIRECTION ( 'NONE',  ( 0.000000000000000000, 1.000000000000000000, 0.000000000000000000 ) ) ;
#6046 = LINE ( 'NONE', #298, #4001 ) ;
#6047 = CARTESIAN_POINT ( 'NONE',  ( 7.892821782178217838, 12.10000000000000142, -29.80631172782874216 ) ) ;
#6048 = CIRCLE ( 'NONE', #3646, 1.050000000000002265 ) ;
#6049 = DIRECTION ( 'NONE',  ( 2.881657216719182496E-16, 0.000000000000000000, -1.000000000000000000 ) ) ;
#6050 = ORIENTED_EDGE ( 'NONE', *, *, #1015, .T. ) ;
#6051 = ORIENTED_EDGE ( 'NONE', *, *, #6410, .T. ) ;
#6052 = B_SPLINE_CURVE_WITH_KNOTS ( 'NONE', 3,
 ( #84, #6536, #1488, #5075, #880, #2144, #5690 ),
 .UNSPECIFIED., .F., .F.,
 ( 4, 3, 4 ),
 ( 0.000000000000000000, 0.001515393273418710711, 0.003200751044471159771 ),
 .UNSPECIFIED. ) ;
#6053 = ORIENTED_EDGE ( 'NONE', *, *, #1069, .F. ) ;
#6054 = PRODUCT ( 'Wrist_Roll_Pitc', 'Wrist_Roll_Pitc', '', ( #8511 ) ) ;
#6055 = DIRECTION ( 'NONE',  ( 1.000000000000000000, -0.000000000000000000, 2.881657216719182496E-16 ) ) ;
#6056 = CARTESIAN_POINT ( 'NONE',  ( -19.62499999999999645, 15.00000000000000000, -37.29999999999998295 ) ) ;
#6057 = EDGE_CURVE ( 'NONE', #6201, #2766, #2181, .T. ) ;
#6058 = CARTESIAN_POINT ( 'NONE',  ( -26.62499999999999645, 15.00000000000000000, 5.147263975624272985E-15 ) ) ;
#6059 = CARTESIAN_POINT ( 'NONE',  ( -26.62499999999998934, 7.099999999999996092, -36.29999999999999005 ) ) ;
#6060 = CARTESIAN_POINT ( 'NONE',  ( 17.70413376852028975, -13.05028767881510454, -26.60709739958777220 ) ) ;
#6061 = CARTESIAN_POINT ( 'NONE',  ( -13.57500000000001172, -9.475357003913030596, 5.381102404194737510 ) ) ;
#6062 = VECTOR ( 'NONE', #1643, 1000.000000000000000 ) ;
#6063 = ORIENTED_EDGE ( 'NONE', *, *, #7227, .F. ) ;
#6064 = ORIENTED_EDGE ( 'NONE', *, *, #3628, .T. ) ;
#6065 = AXIS2_PLACEMENT_3D ( 'NONE', #5504, #5547, #7648 ) ;
#6066 = DIRECTION ( 'NONE',  ( -0.000000000000000000, -0.000000000000000000, 1.000000000000000000 ) ) ;
#6067 = CARTESIAN_POINT ( 'NONE',  ( -25.21872556028795742, 11.96275856012861816, -0.9875861867095303559 ) ) ;
#6068 = CARTESIAN_POINT ( 'NONE',  ( -10.37500000000001243, -14.75172865399992617, -2.957724330347977215 ) ) ;
#6069 = AXIS2_PLACEMENT_3D ( 'NONE', #661, #6364, #6227 ) ;
#6070 = LINE ( 'NONE', #8911, #7668 ) ;
#6071 = CARTESIAN_POINT ( 'NONE',  ( -26.58934466189354495, 8.219914658152342568, 1.234062268089528347 ) ) ;
#6072 = LINE ( 'NONE', #6770, #3518 ) ;
#6073 = EDGE_CURVE ( 'NONE', #4880, #415, #3069, .T. ) ;
#6074 = EDGE_LOOP ( 'NONE', ( #7285, #5042, #4565, #4398 ) ) ;
#6075 = VECTOR ( 'NONE', #4778, 1000.000000000000000 ) ;
#6076 = ORIENTED_EDGE ( 'NONE', *, *, #5839, .F. ) ;
#6077 = ORIENTED_EDGE ( 'NONE', *, *, #2018, .F. ) ;
#6078 = CARTESIAN_POINT ( 'NONE',  ( -24.67645333411235953, -11.44422839585162421, -0.04619482448608301650 ) ) ;
#6079 = FACE_OUTER_BOUND ( 'NONE', #4698, .T. ) ;
#6080 = DIRECTION ( 'NONE',  ( -0.000000000000000000, -0.000000000000000000, -1.000000000000000000 ) ) ;
#6081 = CARTESIAN_POINT ( 'NONE',  ( -10.17224623924378513, -14.87568846737826966, 2.602085213965210247E-15 ) ) ;
#6082 = EDGE_CURVE ( 'NONE', #4716, #5444, #1139, .T. ) ;
#6083 = AXIS2_PLACEMENT_3D ( 'NONE', #6404, #6352, #1951 ) ;
#6084 = DIRECTION ( 'NONE',  ( -1.000000000000000000, 1.734723475976807094E-15, 0.000000000000000000 ) ) ;
#6085 = CARTESIAN_POINT ( 'NONE',  ( -14.53289302001722838, -2.599999999999995648, -37.09999999999998721 ) ) ;
#6086 = CARTESIAN_POINT ( 'NONE',  ( -23.01565510448672569, 2.106145319846350894, 16.61743156508820718 ) ) ;
#6087 = EDGE_CURVE ( 'NONE', #3776, #8687, #1162, .T. ) ;
#6088 = ORIENTED_EDGE ( 'NONE', *, *, #9027, .F. ) ;
#6089 = ORIENTED_EDGE ( 'NONE', *, *, #13, .F. ) ;
#6090 = VERTEX_POINT ( 'NONE', #1295 ) ;
#6091 = DIRECTION ( 'NONE',  ( 2.881657216719182496E-16, -0.000000000000000000, -1.000000000000000000 ) ) ;
#6092 = EDGE_CURVE ( 'NONE', #4287, #3177, #4811, .T. ) ;
#6093 = AXIS2_PLACEMENT_3D ( 'NONE', #2194, #4943, #7788 ) ;
#6094 = EDGE_CURVE ( 'NONE', #359, #9089, #7540, .T. ) ;
#6095 = DIRECTION ( 'NONE',  ( 0.000000000000000000, 0.000000000000000000, -1.000000000000000000 ) ) ;
#6096 = VECTOR ( 'NONE', #6091, 1000.000000000000000 ) ;
#6097 = CARTESIAN_POINT ( 'NONE',  ( 20.62499999999998934, 2.624999999999995559, 27.64663336986832576 ) ) ;
#6098 = CARTESIAN_POINT ( 'NONE',  ( -16.57500000000001350, 5.250000000000000000, 24.15000000000001279 ) ) ;
#6099 = LINE ( 'NONE', #7487, #7787 ) ;
#6100 = AXIS2_PLACEMENT_3D ( 'NONE', #5863, #4350, #22 ) ;
#6101 = ADVANCED_FACE ( 'NONE', ( #5068 ), #7870, .F. ) ;
#6102 = ORIENTED_EDGE ( 'NONE', *, *, #3561, .T. ) ;
#6103 = EDGE_CURVE ( 'NONE', #794, #8008, #7176, .T. ) ;
#6104 = ORIENTED_EDGE ( 'NONE', *, *, #3958, .T. ) ;
#6105 = AXIS2_PLACEMENT_3D ( 'NONE', #4540, #7394, #8842 ) ;
#6106 = DIRECTION ( 'NONE',  ( -1.000000000000000000, 0.000000000000000000, -2.881657216719182496E-16 ) ) ;
#6107 = CARTESIAN_POINT ( 'NONE',  ( 18.12711504229482173, 12.06257607916016639, -26.29766253434495837 ) ) ;
#6108 = FACE_OUTER_BOUND ( 'NONE', #4581, .T. ) ;
#6109 = CARTESIAN_POINT ( 'NONE',  ( -19.62499999999999645, -15.00000000000000000, -19.99999999999999289 ) ) ;
#6110 = CARTESIAN_POINT ( 'NONE',  ( 16.16742263089330578, -12.25815608898369291, -27.67572101558273800 ) ) ;
#6111 = LINE ( 'NONE', #8197, #6075 ) ;
#6112 = VECTOR ( 'NONE', #5475, 1000.000000000000000 ) ;
#6113 = ORIENTED_EDGE ( 'NONE', *, *, #7731, .T. ) ;
#6114 = ORIENTED_EDGE ( 'NONE', *, *, #8, .F. ) ;
#6115 = VERTEX_POINT ( 'NONE', #8517 ) ;
#6116 = DIRECTION ( 'NONE',  ( -0.7071067811865426878, -0.000000000000000000, 0.7071067811865523467 ) ) ;
#6117 = CYLINDRICAL_SURFACE ( 'NONE', #5840, 1.049999999999995381 ) ;
#6118 = CARTESIAN_POINT ( 'NONE',  ( -10.37500000000001243, -14.85504786654703580, -3.474567102325300638 ) ) ;
#6119 = SURFACE_SIDE_STYLE ('',( #3394 ) ) ;
#6120 = EDGE_CURVE ( 'NONE', #8209, #4170, #3368, .T. ) ;
#6121 = CARTESIAN_POINT ( 'NONE',  ( 12.22901478587320234, 14.52495372921549688, -25.00136096781927364 ) ) ;
#6122 = ORIENTED_EDGE ( 'NONE', *, *, #7760, .F. ) ;
#6123 = ORIENTED_EDGE ( 'NONE', *, *, #9096, .F. ) ;
#6124 = ADVANCED_FACE ( 'NONE', ( #2925 ), #5772, .F. ) ;
#6125 = ORIENTED_EDGE ( 'NONE', *, *, #7477, .T. ) ;
#6126 = CARTESIAN_POINT ( 'NONE',  ( 8.488759283949528722, -11.43122569245659115, -31.73230799024445759 ) ) ;
#6127 = DIRECTION ( 'NONE',  ( -0.000000000000000000, -0.000000000000000000, -1.000000000000000000 ) ) ;
#6128 = DIRECTION ( 'NONE',  ( -1.000000000000000000, 0.000000000000000000, -0.000000000000000000 ) ) ;
#6129 = CARTESIAN_POINT ( 'NONE',  ( -26.62499999999998934, 15.00000000000000000, -39.29999999999999005 ) ) ;
#6130 = DIRECTION ( 'NONE',  ( 0.000000000000000000, 0.000000000000000000, 1.000000000000000000 ) ) ;
#6131 = CARTESIAN_POINT ( 'NONE',  ( 24.23039506645701024, -11.66912710150445776, 0.2418836348002443570 ) ) ;
#6132 = CYLINDRICAL_SURFACE ( 'NONE', #3260, 6.999999999999999112 ) ;
#6133 = ORIENTED_EDGE ( 'NONE', *, *, #5729, .T. ) ;
#6134 = ORIENTED_EDGE ( 'NONE', *, *, #1229, .T. ) ;
#6135 = EDGE_LOOP ( 'NONE', ( #3829, #368 ) ) ;
#6136 = EDGE_CURVE ( 'NONE', #5424, #4677, #4697, .T. ) ;
#6137 = EDGE_CURVE ( 'NONE', #3778, #3269, #4315, .T. ) ;
#6138 = CARTESIAN_POINT ( 'NONE',  ( -10.37500000000000178, 14.88096929338442109, -4.000000000000000000 ) ) ;
#6139 = CARTESIAN_POINT ( 'NONE',  ( 7.892821782178217838, -12.10000000000000142, -31.98578938135895200 ) ) ;
#6140 = DIRECTION ( 'NONE',  ( -1.000000000000000000, -2.164016633576080887E-32, -0.000000000000000000 ) ) ;
#6141 = CIRCLE ( 'NONE', #7181, 1.049999999999998934 ) ;
#6142 = CARTESIAN_POINT ( 'NONE',  ( -7.965554773610874939, 12.10000000000000675, -34.86709031970096362 ) ) ;
#6143 = CYLINDRICAL_SURFACE ( 'NONE', #4212, 1.050000000000002265 ) ;
#6144 = AXIS2_PLACEMENT_3D ( 'NONE', #7799, #7847, #2158 ) ;
#6145 = EDGE_LOOP ( 'NONE', ( #6825, #4936, #8125, #6425, #7313 ) ) ;
#6146 = AXIS2_PLACEMENT_3D ( 'NONE', #4093, #4755, #2657 ) ;
#6147 = ORIENTED_EDGE ( 'NONE', *, *, #2797, .F. ) ;
#6148 = LINE ( 'NONE', #446, #5014 ) ;
#6149 = CARTESIAN_POINT ( 'NONE',  ( -19.62499999999999645, -15.00000000000000000, -27.07106781186551814 ) ) ;
#6150 = CARTESIAN_POINT ( 'NONE',  ( -13.57500000000000995, -12.88421340455114183, -0.4672143999948493720 ) ) ;
#6151 = CARTESIAN_POINT ( 'NONE',  ( -19.62500000000000000, -15.00000000000000000, -38.29999999999999005 ) ) ;
#6152 = EDGE_CURVE ( 'NONE', #2200, #8126, #6954, .T. ) ;
#6153 = FACE_OUTER_BOUND ( 'NONE', #4288, .T. ) ;
#6154 = ADVANCED_FACE ( 'NONE', ( #3620 ), #6439, .T. ) ;
#6155 = VERTEX_POINT ( 'NONE', #8565 ) ;
#6156 = CIRCLE ( 'NONE', #2123, 5.000000000000000888 ) ;
#6157 = ORIENTED_EDGE ( 'NONE', *, *, #8335, .T. ) ;
#6158 = ORIENTED_EDGE ( 'NONE', *, *, #4815, .F. ) ;
#6159 = CARTESIAN_POINT ( 'NONE',  ( -10.43261184457493940, 14.88244887111398285, -29.19238815542516718 ) ) ;
#6160 = CARTESIAN_POINT ( 'NONE',  ( -13.57500000000001172, -7.399999999999996803, 8.471193762254689119 ) ) ;
#6161 = CARTESIAN_POINT ( 'NONE',  ( -10.37500000000001066, -14.05797358257742680, -1.555825348284874288 ) ) ;
#6162 = VECTOR ( 'NONE', #8475, 1000.000000000000000 ) ;
#6163 = AXIS2_PLACEMENT_3D ( 'NONE', #7442, #1926, #8890 ) ;
#6164 = CARTESIAN_POINT ( 'NONE',  ( -24.16270547866676210, -12.44509434510106871, -1.148364781700349502 ) ) ;
#6165 = ORIENTED_EDGE ( 'NONE', *, *, #6475, .T. ) ;
#6166 = ORIENTED_EDGE ( 'NONE', *, *, #8210, .T. ) ;
#6167 = ORIENTED_EDGE ( 'NONE', *, *, #782, .F. ) ;
#6168 = EDGE_CURVE ( 'NONE', #7636, #4100, #5714, .T. ) ;
#6169 = B_SPLINE_CURVE_WITH_KNOTS ( 'NONE', 3,
 ( #7921, #8622, #129, #1533, #4365, #2978, #7184, #7228, #3717, #7829, #1445, #5174, #2891, #5831, #8574, #7274, #5736, #7316, #5126, #6448, #40, #7964, #4277, #2191, #4414, #924, #9234, #5032, #6582, #4462, #3023, #8713, #2329, #8012, #6403, #7139 ),
 .UNSPECIFIED., .F., .F.,
 ( 4, 2, 2, 2, 2, 2, 2, 2, 2, 2, 2, 2, 2, 2, 2, 2, 2, 4 ),
 ( 8.011718537728396648E-17, 0.003567408938048513643, 0.007134817876096953559, 0.01426963575219383253, 0.02140445362829071149, 0.02497186256633915011, 0.02853927150438759219, 0.03567408938048448330, 0.03924149831853292886, 0.04102520278755714817, 0.04280890725658137441, 0.04637631619462982691, 0.04816002066365405315, 0.04994372513267828634, 0.05172742960170251258, 0.05261928183621462918, 0.05351113407072674577, 0.05707854300877518439 ),
 .UNSPECIFIED. ) ;
#6170 = LINE ( 'NONE', #6732, #3808 ) ;
#6171 = CARTESIAN_POINT ( 'NONE',  ( 4.361707950657413235, 14.19700180411540913, -14.99999999999999822 ) ) ;
#6172 = VECTOR ( 'NONE', #2614, 1000.000000000000000 ) ;
#6173 = DIRECTION ( 'NONE',  ( 1.000000000000000000, 0.000000000000000000, 2.881657216719182496E-16 ) ) ;
#6174 = DIRECTION ( 'NONE',  ( -0.000000000000000000, -0.000000000000000000, -1.000000000000000000 ) ) ;
#6175 = FACE_OUTER_BOUND ( 'NONE', #7774, .T. ) ;
#6176 = CARTESIAN_POINT ( 'NONE',  ( 8.679014785873199855, 15.63421494571413639, -25.00000000000000000 ) ) ;
#6177 = CARTESIAN_POINT ( 'NONE',  ( -23.02445639404653122, -2.624999999999998668, 16.55336663013170195 ) ) ;
#6178 = VERTEX_POINT ( 'NONE', #4356 ) ;
#6179 = ORIENTED_EDGE ( 'NONE', *, *, #3499, .T. ) ;
#6180 = ORIENTED_EDGE ( 'NONE', *, *, #2948, .T. ) ;
#6181 = CARTESIAN_POINT ( 'NONE',  ( -26.84991221830399866, -10.59999999999999609, 8.605745400281708868 ) ) ;
#6182 = CARTESIAN_POINT ( 'NONE',  ( 1.637829418935814685, 12.10000000000000497, -32.30531719236735455 ) ) ;
#6183 = B_SPLINE_CURVE_WITH_KNOTS ( 'NONE', 3,
 ( #7063, #3509, #7801, #710 ),
 .UNSPECIFIED., .F., .F.,
 ( 4, 4 ),
 ( 0.000000000000000000, 0.01300053146097890529 ),
 .UNSPECIFIED. ) ;
#6184 = DIRECTION ( 'NONE',  ( -0.000000000000000000, -0.000000000000000000, -1.000000000000000000 ) ) ;
#6185 = DIRECTION ( 'NONE',  ( 0.000000000000000000, -0.000000000000000000, 1.000000000000000000 ) ) ;
#6186 = CARTESIAN_POINT ( 'NONE',  ( -19.62499999999999645, 10.10000000000000142, -19.99999999999999289 ) ) ;
#6187 = EDGE_CURVE ( 'NONE', #60, #8824, #191, .T. ) ;
#6188 = EDGE_CURVE ( 'NONE', #7636, #3469, #5453, .T. ) ;
#6189 = VERTEX_POINT ( 'NONE', #4499 ) ;
#6190 = ORIENTED_EDGE ( 'NONE', *, *, #6389, .T. ) ;
#6191 = DIRECTION ( 'NONE',  ( 0.000000000000000000, 0.000000000000000000, -1.000000000000000000 ) ) ;
#6192 = COLOUR_RGB ( '',0.7921568627450980005, 0.8196078431372548767, 0.9333333333333333481 ) ;
#6193 = DIRECTION ( 'NONE',  ( 1.000000000000000000, 0.000000000000000000, -0.000000000000000000 ) ) ;
#6194 = DIRECTION ( 'NONE',  ( -2.164016633576080887E-32, 1.000000000000000000, 7.509625437129028195E-17 ) ) ;
#6195 = CARTESIAN_POINT ( 'NONE',  ( 17.63442374610568919, -13.05713723642484858, -25.49511219633634695 ) ) ;
#6196 = EDGE_CURVE ( 'NONE', #3726, #1920, #1010, .T. ) ;
#6197 = DIRECTION ( 'NONE',  ( -1.000000000000000000, -0.000000000000000000, -2.881657216719182496E-16 ) ) ;
#6198 = EDGE_CURVE ( 'NONE', #6201, #8241, #4546, .T. ) ;
#6199 = ORIENTED_EDGE ( 'NONE', *, *, #4538, .F. ) ;
#6200 = ORIENTED_EDGE ( 'NONE', *, *, #747, .T. ) ;
#6201 = VERTEX_POINT ( 'NONE', #305 ) ;
#6203 = EDGE_CURVE ( 'NONE', #1007, #4006, #5313, .T. ) ;
#6202 = ORIENTED_EDGE ( 'NONE', *, *, #8003, .F. ) ;
#6204 = CARTESIAN_POINT ( 'NONE',  ( 7.829014785873203763, 15.63421494571413639, -25.00000000000000000 ) ) ;
#6205 = DIRECTION ( 'NONE',  ( 0.000000000000000000, 0.000000000000000000, -1.000000000000000000 ) ) ;
#6206 = EDGE_CURVE ( 'NONE', #6480, #3684, #3059, .T. ) ;
#6207 = CARTESIAN_POINT ( 'NONE',  ( -11.07500000000001883, 2.624999999999995559, 28.69663336986831226 ) ) ;
#6208 = ADVANCED_FACE ( 'NONE', ( #915 ), #1705, .F. ) ;
#6209 = DIRECTION ( 'NONE',  ( 1.000000000000000000, -0.000000000000000000, 2.881657216719182496E-16 ) ) ;
#6210 = VECTOR ( 'NONE', #946, 999.9999999999998863 ) ;
#6211 = CARTESIAN_POINT ( 'NONE',  ( -26.62500000000001066, -5.250000000000000000, 21.10000000000000497 ) ) ;
#6213 = VERTEX_POINT ( 'NONE', #8752 ) ;
#6212 = AXIS2_PLACEMENT_3D ( 'NONE', #8102, #361, #5925 ) ;
#6214 = ORIENTED_EDGE ( 'NONE', *, *, #6242, .F. ) ;
#6215 = VECTOR ( 'NONE', #7233, 1000.000000000000000 ) ;
#6216 = CARTESIAN_POINT ( 'NONE',  ( -25.31330832907831407, -10.96438480331002729, 0.1470167721200012489 ) ) ;
#6217 = DIRECTION ( 'NONE',  ( -1.000000000000000000, 0.000000000000000000, 0.000000000000000000 ) ) ;
#6218 = CARTESIAN_POINT ( 'NONE',  ( 21.88400352261156101, -11.99999999999999645, 0.9174568067889021794 ) ) ;
#6219 = VECTOR ( 'NONE', #2913, 1000.000000000000000 ) ;
#6220 = CARTESIAN_POINT ( 'NONE',  ( 17.62499999999998579, 8.572527594031474176E-16, 30.10000000000002274 ) ) ;
#6221 = DIRECTION ( 'NONE',  ( 1.000000000000000000, 0.000000000000000000, 0.000000000000000000 ) ) ;
#6222 = CARTESIAN_POINT ( 'NONE',  ( -13.96814575050796670, -7.900000000000000355, -19.72792206135788717 ) ) ;
#6223 = LINE ( 'NONE', #9054, #4631 ) ;
#6224 = VERTEX_POINT ( 'NONE', #6666 ) ;
#6225 = ORIENTED_EDGE ( 'NONE', *, *, #8590, .F. ) ;
#6226 = ORIENTED_EDGE ( 'NONE', *, *, #862, .F. ) ;
#6227 = DIRECTION ( 'NONE',  ( 0.000000000000000000, 0.000000000000000000, 1.000000000000000000 ) ) ;
#6228 = DIRECTION ( 'NONE',  ( 0.000000000000000000, -0.7071067811865464625, -0.7071067811865486830 ) ) ;
#6230 = AXIS2_PLACEMENT_3D ( 'NONE', #8339, #7830, #5548 ) ;
#6229 = CIRCLE ( 'NONE', #1430, 1.049999999999995381 ) ;
#6231 = CARTESIAN_POINT ( 'NONE',  ( 9.010819090634269557, 12.10000000000000853, -29.29999999999981597 ) ) ;
#6232 = DIRECTION ( 'NONE',  ( 0.000000000000000000, 0.000000000000000000, -1.000000000000000000 ) ) ;
#6233 = CARTESIAN_POINT ( 'NONE',  ( -13.57500000000000639, 12.87647176456875187, -0.4872394910055222739 ) ) ;
#6234 = CARTESIAN_POINT ( 'NONE',  ( -13.57500000000000995, 14.25802513008862604, -1.752675043362867058 ) ) ;
#6235 = ORIENTED_EDGE ( 'NONE', *, *, #5494, .T. ) ;
#6236 = ADVANCED_FACE ( 'NONE', ( #7308 ), #6803, .F. ) ;
#6237 = VERTEX_POINT ( 'NONE', #6622 ) ;
#6238 = CARTESIAN_POINT ( 'NONE',  ( 16.62499999999998934, 11.99999999999999645, 8.000000000000007105 ) ) ;
#6239 = B_SPLINE_CURVE_WITH_KNOTS ( 'NONE', 3,
 ( #4824, #7676, #584, #2730, #5577, #8414, #2028, #6336, #4215, #9217, #2778, #7075, #3571, #6522, #2311, #4969, #7814, #6568, #8696, #2869, #5062, #5108, #7949, #6476, #113, #4307, #2917, #2264 ),
 .UNSPECIFIED., .F., .F.,
 ( 4, 2, 2, 2, 2, 2, 2, 2, 2, 2, 2, 2, 2, 4 ),
 ( 0.006268051233283745798, 0.007051391331778560957, 0.007834731430273375249, 0.008226401479520787166, 0.008618071528768197348, 0.009009741578015607530, 0.009401411627263017712, 0.009793081676510429628, 0.01018475172575784155, 0.01057642177500525173, 0.01096809182425266191, 0.01135976187350007383, 0.01175143192274748574, 0.01253477202124230958 ),
 .UNSPECIFIED. ) ;
#6240 = DIRECTION ( 'NONE',  ( -1.000000000000000000, 0.000000000000000000, -0.000000000000000000 ) ) ;
#6241 = DIRECTION ( 'NONE',  ( 1.000000000000000000, 0.000000000000000000, -1.734723475976805517E-15 ) ) ;
#6242 = EDGE_CURVE ( 'NONE', #5410, #7759, #1056, .T. ) ;
#6243 = DIRECTION ( 'NONE',  ( 1.000000000000000000, -0.000000000000000000, 2.881657216719182496E-16 ) ) ;
#6244 = DIRECTION ( 'NONE',  ( 1.000000000000000000, 0.000000000000000000, 2.881657216719182496E-16 ) ) ;
#6245 = CARTESIAN_POINT ( 'NONE',  ( -22.64472245543041140, -11.51957303018487444, 8.605745400281712421 ) ) ;
#6246 = VECTOR ( 'NONE', #59, 1000.000000000000000 ) ;
#6247 = AXIS2_PLACEMENT_3D ( 'NONE', #53, #4242, #614 ) ;
#6248 = ORIENTED_EDGE ( 'NONE', *, *, #1150, .T. ) ;
#6249 = ORIENTED_EDGE ( 'NONE', *, *, #7002, .F. ) ;
#6250 = ORIENTED_EDGE ( 'NONE', *, *, #1267, .T. ) ;
#6251 = EDGE_LOOP ( 'NONE', ( #1149, #8561, #1302, #3116 ) ) ;
#6252 = CARTESIAN_POINT ( 'NONE',  ( 26.62499999999998934, -2.624999999999998224, 20.55336663013171972 ) ) ;
#6253 = CARTESIAN_POINT ( 'NONE',  ( -23.16053390593257788, -15.00000000000000000, -6.999999999999993783 ) ) ;
#6254 = DIRECTION ( 'NONE',  ( 1.000000000000000000, -0.000000000000000000, 2.881657216719182496E-16 ) ) ;
#6255 = DIRECTION ( 'NONE',  ( 1.000000000000000000, 0.000000000000000000, 2.881657216719182496E-16 ) ) ;
#6256 = VECTOR ( 'NONE', #3296, 1000.000000000000000 ) ;
#6257 = EDGE_CURVE ( 'NONE', #7761, #4453, #5271, .T. ) ;
#6258 = LINE ( 'NONE', #8380, #1877 ) ;
#6259 = ORIENTED_EDGE ( 'NONE', *, *, #1803, .T. ) ;
#6260 = ORIENTED_EDGE ( 'NONE', *, *, #3400, .F. ) ;
#6261 = CARTESIAN_POINT ( 'NONE',  ( -26.59673867608379183, -8.254811744211545843, 1.088228733331983555 ) ) ;
#6262 = CARTESIAN_POINT ( 'NONE',  ( 11.71520380571929465, -13.63269221301489686, -29.19117056623955619 ) ) ;
#6263 = CARTESIAN_POINT ( 'NONE',  ( 26.62499999999999645, 10.99999999999999822, 5.204170427930421283E-15 ) ) ;
#6264 = CARTESIAN_POINT ( 'NONE',  ( -11.07500000000001883, 2.624999999999995559, 27.64663336986831510 ) ) ;
#6265 = CARTESIAN_POINT ( 'NONE',  ( 12.22901478587320234, 14.52495372921549688, -14.99863903218072458 ) ) ;
#6266 = EDGE_CURVE ( 'NONE', #1638, #395, #5303, .T. ) ;
#6267 = DIRECTION ( 'NONE',  ( -0.7071067811865523467, 0.000000000000000000, -0.7071067811865426878 ) ) ;
#6268 = EDGE_CURVE ( 'NONE', #1203, #2054, #995, .T. ) ;
#6269 = ORIENTED_EDGE ( 'NONE', *, *, #7315, .T. ) ;
#6270 = ORIENTED_EDGE ( 'NONE', *, *, #6572, .F. ) ;
#6271 = ORIENTED_EDGE ( 'NONE', *, *, #3912, .T. ) ;
#6272 = DIRECTION ( 'NONE',  ( 0.000000000000000000, 0.000000000000000000, -1.000000000000000000 ) ) ;
#6273 = DIRECTION ( 'NONE',  ( 1.000000000000000000, 0.000000000000000000, 2.881657216719182496E-16 ) ) ;
#6274 = CARTESIAN_POINT ( 'NONE',  ( 17.16012841395759736, 13.10651337456575583, -25.84031627329821390 ) ) ;
#6275 = DIRECTION ( 'NONE',  ( 1.000000000000000000, -0.000000000000000000, 2.881657216719182496E-16 ) ) ;
#6276 = DIRECTION ( 'NONE',  ( -1.079438565345101231E-14, -7.461176240760461390E-17, -1.000000000000000000 ) ) ;
#6277 = CARTESIAN_POINT ( 'NONE',  ( 7.675000000000012257, 10.09999999999999964, -29.90188843073610414 ) ) ;
#6278 =( BOUNDED_SURFACE ( )  B_SPLINE_SURFACE ( 3, 2, ( 
 ( #107, #249, #8037 ),
 ( #5900, #7988, #2957 ),
 ( #2305, #5150, #1648 ),
 ( #3790, #1555, #6654 ),
 ( #5810, #3097, #1696 ),
 ( #8643, #2446, #3834 ),
 ( #295, #8129, #1743 ),
 ( #4386, #4583, #7438 ),
 ( #2259, #5101, #4806 ),
 ( #6744, #9059, #7617 ),
 ( #3193, #8224, #1873 ),
 ( #7527, #8350, #1047 ) ),
 .UNSPECIFIED., .F., .F., .T. ) 
 B_SPLINE_SURFACE_WITH_KNOTS ( ( 4, 2, 2, 2, 2, 4 ),
 ( 3, 3 ),
 ( 0.04419281345311904668, 0.04827988698478043184, 0.05032342375061112788, 0.05134519213352647937, 0.05236696051644182393, 0.06054110757976459423 ),
 ( 0.000000000000000000, 1.000000000000000000 ),
 .UNSPECIFIED. ) 
 GEOMETRIC_REPRESENTATION_ITEM ( )  RATIONAL_B_SPLINE_SURFACE ( (
 ( 1.000000000000000000, 0.7071067811865474617, 1.000000000000000000),
 ( 1.000000000000000000, 0.7071067811865474617, 1.000000000000000000),
 ( 1.000000000000000000, 0.7071067811865474617, 1.000000000000000000),
 ( 1.000000000000000000, 0.7071067811865474617, 1.000000000000000000),
 ( 1.000000000000000000, 0.7071067811865474617, 1.000000000000000000),
 ( 1.000000000000000000, 0.7071067811865474617, 1.000000000000000000),
 ( 1.000000000000000000, 0.7071067811865476838, 1.000000000000000000),
 ( 1.000000000000000000, 0.7071067811865476838, 1.000000000000000000),
 ( 1.000000000000000000, 0.7071067811865477948, 1.000000000000000000),
 ( 1.000000000000000000, 0.7071067811865477948, 1.000000000000000000),
 ( 1.000000000000000000, 0.7071067811865476838, 1.000000000000000000),
 ( 1.000000000000000000, 0.7071067811865476838, 1.000000000000000000) ) ) 
 REPRESENTATION_ITEM ( '' )  SURFACE ( )  );
#6279 = PLANE ( 'NONE',  #490 ) ;
#6280 = ORIENTED_EDGE ( 'NONE', *, *, #4236, .T. ) ;
#6281 = VERTEX_POINT ( 'NONE', #5914 ) ;
#6282 = LINE ( 'NONE', #7808, #7469 ) ;
#6283 = AXIS2_PLACEMENT_3D ( 'NONE', #3127, #8820, #1724 ) ;
#6284 = EDGE_CURVE ( 'NONE', #9020, #5727, #1485, .T. ) ;
#6285 = AXIS2_PLACEMENT_3D ( 'NONE', #5046, #4336, #2714 ) ;
#6286 = DIRECTION ( 'NONE',  ( 2.478176394252581634E-16, 0.000000000000000000, -1.000000000000000000 ) ) ;
#6287 = PLANE ( 'NONE',  #8956 ) ;
#6288 = CARTESIAN_POINT ( 'NONE',  ( 7.829014785873205540, 13.94727521435340911, -19.26490000000000080 ) ) ;
#6289 = CARTESIAN_POINT ( 'NONE',  ( 22.62499999999998579, 0.000000000000000000, 31.10000000000001563 ) ) ;
#6290 = CARTESIAN_POINT ( 'NONE',  ( -22.61676944294264757, -5.382190142269161370, 21.10000000000000853 ) ) ;
#6291 = VECTOR ( 'NONE', #7370, 1000.000000000000000 ) ;
#6292 = FACE_OUTER_BOUND ( 'NONE', #1664, .T. ) ;
#6293 = EDGE_CURVE ( 'NONE', #9011, #3874, #8143, .T. ) ;
#6294 = VECTOR ( 'NONE', #3315, 1000.000000000000000 ) ;
#6295 = ORIENTED_EDGE ( 'NONE', *, *, #7837, .F. ) ;
#6296 = ORIENTED_EDGE ( 'NONE', *, *, #6242, .T. ) ;
#6297 = ORIENTED_EDGE ( 'NONE', *, *, #5909, .F. ) ;
#6298 = ORIENTED_EDGE ( 'NONE', *, *, #4566, .T. ) ;
#6299 = CARTESIAN_POINT ( 'NONE',  ( -26.84991221830400221, -7.902763757320330207, 9.591693595492577273 ) ) ;
#6300 = PLANE ( 'NONE',  #3148 ) ;
#6301 = DIRECTION ( 'NONE',  ( -1.000000000000000000, -0.000000000000000000, -2.881657216719182496E-16 ) ) ;
#6302 = DIRECTION ( 'NONE',  ( -0.000000000000000000, -1.000000000000000000, -0.000000000000000000 ) ) ;
#6303 = LINE ( 'NONE', #4088, #3812 ) ;
#6304 = EDGE_CURVE ( 'NONE', #4975, #7327, #245, .T. ) ;
#6305 = ORIENTED_EDGE ( 'NONE', *, *, #268, .F. ) ;
#6306 = AXIS2_PLACEMENT_3D ( 'NONE', #62, #3606, #4485 ) ;
#6307 = ORIENTED_EDGE ( 'NONE', *, *, #3092, .T. ) ;
#6308 = CARTESIAN_POINT ( 'NONE',  ( -27.14411235225713526, -9.824785313661079655, -0.2749284378870173740 ) ) ;
#6309 = AXIS2_PLACEMENT_3D ( 'NONE', #957, #6045, #157 ) ;
#6310 = CARTESIAN_POINT ( 'NONE',  ( -22.58534642217050958, -3.513882719539754174, 22.09853564102654389 ) ) ;
#6311 = CARTESIAN_POINT ( 'NONE',  ( -19.31083502193769874, 13.99987239901617997, -38.29817666897892536 ) ) ;
#6312 = DIRECTION ( 'NONE',  ( 2.881657216719182496E-16, 0.000000000000000000, -1.000000000000000000 ) ) ;
#6313 = DIRECTION ( 'NONE',  ( -0.000000000000000000, -0.000000000000000000, -1.000000000000000000 ) ) ;
#6314 = LINE ( 'NONE', #7097, #4069 ) ;
#6315 = ADVANCED_FACE ( 'NONE', ( #4115 ), #2545, .T. ) ;
#6316 = DIRECTION ( 'NONE',  ( 0.000000000000000000, 0.000000000000000000, 1.000000000000000000 ) ) ;
#6317 = ORIENTED_EDGE ( 'NONE', *, *, #4748, .F. ) ;
#6318 = ORIENTED_EDGE ( 'NONE', *, *, #6891, .F. ) ;
#6319 = VECTOR ( 'NONE', #7533, 1000.000000000000114 ) ;
#6320 = ORIENTED_EDGE ( 'NONE', *, *, #1520, .F. ) ;
#6321 = FACE_BOUND ( 'NONE', #7261, .T. ) ;
#6322 = CARTESIAN_POINT ( 'NONE',  ( -13.82834206536361243, 5.873405975385674438, -37.86496657285220380 ) ) ;
#6323 = PLANE ( 'NONE',  #6285 ) ;
#6324 = DIRECTION ( 'NONE',  ( -0.5773502691896257311, 0.5773502691896257311, 0.5773502691896257311 ) ) ;
#6325 = EDGE_CURVE ( 'NONE', #9184, #8241, #8145, .T. ) ;
#6326 = DIRECTION ( 'NONE',  ( 0.000000000000000000, 0.000000000000000000, 1.000000000000000000 ) ) ;
#6327 = CYLINDRICAL_SURFACE ( 'NONE', #4395, 2.000000000000001776 ) ;
#6328 = LINE ( 'NONE', #1371, #5408 ) ;
#6329 = ORIENTED_EDGE ( 'NONE', *, *, #7791, .T. ) ;
#6330 = VERTEX_POINT ( 'NONE', #3422 ) ;
#6331 = CARTESIAN_POINT ( 'NONE',  ( -22.88387803739117032, -0.8271072912552924761, 17.66754099341239836 ) ) ;
#6332 = CARTESIAN_POINT ( 'NONE',  ( -26.62500000000001066, -2.625000000000002220, 28.69663336986831226 ) ) ;
#6333 = CARTESIAN_POINT ( 'NONE',  ( -13.57500000000000995, 11.99999999999999645, -0.1406273990108923566 ) ) ;
#6334 = CARTESIAN_POINT ( 'NONE',  ( 20.62499999999998934, 2.624999999999995559, 27.64663336986832576 ) ) ;
#6335 = FACE_BOUND ( 'NONE', #6135, .T. ) ;
#6336 = CARTESIAN_POINT ( 'NONE',  ( -22.70637882846010669, 4.362218225418861728, 19.55296156849436429 ) ) ;
#6337 = CYLINDRICAL_SURFACE ( 'NONE', #3916, 2.000000000000001776 ) ;
#6338 = DIRECTION ( 'NONE',  ( 1.000000000000000000, 0.000000000000000000, 0.000000000000000000 ) ) ;
#6339 = VERTEX_POINT ( 'NONE', #1196 ) ;
#6340 = ORIENTED_EDGE ( 'NONE', *, *, #8694, .F. ) ;
#6341 = ORIENTED_EDGE ( 'NONE', *, *, #1902, .T. ) ;
#6342 = ORIENTED_EDGE ( 'NONE', *, *, #4189, .F. ) ;
#6343 = CARTESIAN_POINT ( 'NONE',  ( -13.96814575050769847, 14.95551785225861252, -32.72792206135788717 ) ) ;
#6344 = CARTESIAN_POINT ( 'NONE',  ( 21.88395278773383623, -11.99999999999999645, 0.9174602402715119620 ) ) ;
#6345 = FACE_OUTER_BOUND ( 'NONE', #8443, .T. ) ;
#6346 = CARTESIAN_POINT ( 'NONE',  ( -23.16053390593271644, -15.00000000000000000, -19.99999999999999289 ) ) ;
#6347 = AXIS2_PLACEMENT_3D ( 'NONE', #6289, #9121, #2729 ) ;
#6348 = LINE ( 'NONE', #2606, #2772 ) ;
#6349 = ORIENTED_EDGE ( 'NONE', *, *, #5839, .T. ) ;
#6350 = EDGE_LOOP ( 'NONE', ( #749, #4881, #229, #6814 ) ) ;
#6351 = CARTESIAN_POINT ( 'NONE',  ( -26.58016325386661194, -7.963276868065197966, 1.335932803610915265 ) ) ;
#6352 = DIRECTION ( 'NONE',  ( 1.000000000000000000, -0.000000000000000000, 2.881657216719182496E-16 ) ) ;
#6353 = CARTESIAN_POINT ( 'NONE',  ( -13.57500000000001172, -11.99999999999999822, 6.505745400281710999 ) ) ;
#6354 = FACE_OUTER_BOUND ( 'NONE', #7524, .T. ) ;
#6355 = CYLINDRICAL_SURFACE ( 'NONE', #7996, 1.000000000000000888 ) ;
#6356 = EDGE_CURVE ( 'NONE', #9195, #5279, #542, .T. ) ;
#6357 = VECTOR ( 'NONE', #6116, 1000.000000000000000 ) ;
#6358 = DIRECTION ( 'NONE',  ( -0.7071067811865426878, 0.000000000000000000, 0.7071067811865523467 ) ) ;
#6359 = CARTESIAN_POINT ( 'NONE',  ( 11.70043750246821013, -10.09999999999999787, -30.22927167015965466 ) ) ;
#6360 = ORIENTED_EDGE ( 'NONE', *, *, #7227, .T. ) ;
#6361 = CIRCLE ( 'NONE', #4256, 1.000000000000000000 ) ;
#6362 = EDGE_LOOP ( 'NONE', ( #3797, #2794, #1621, #6318 ) ) ;
#6363 = ORIENTED_EDGE ( 'NONE', *, *, #3627, .F. ) ;
#6364 = DIRECTION ( 'NONE',  ( -1.000000000000000000, 0.000000000000000000, 0.000000000000000000 ) ) ;
#6365 = AXIS2_PLACEMENT_3D ( 'NONE', #1151, #2023, #6286 ) ;
#6366 = DIRECTION ( 'NONE',  ( -1.000000000000000000, -0.000000000000000000, -2.881657216719182496E-16 ) ) ;
#6367 = EDGE_CURVE ( 'NONE', #3107, #8209, #1842, .T. ) ;
#6368 = CARTESIAN_POINT ( 'NONE',  ( -26.62499999999999645, 9.598315762216030222, 8.415558119512318463E-15 ) ) ;
#6369 = PLANE ( 'NONE',  #5859 ) ;
#6370 = DIRECTION ( 'NONE',  ( 2.164016633576080887E-32, -1.000000000000000000, -7.509625437129028195E-17 ) ) ;
#6371 = CIRCLE ( 'NONE', #1882, 1.050000000000002265 ) ;
#6372 = CARTESIAN_POINT ( 'NONE',  ( -13.57500000000000995, 13.98986979940626441, -1.357893757674166313 ) ) ;
#6373 = CARTESIAN_POINT ( 'NONE',  ( -12.78957441343256463, -14.93697127157750515, -18.54935072428249754 ) ) ;
#6374 = EDGE_CURVE ( 'NONE', #3386, #1203, #5572, .T. ) ;
#6375 = DIRECTION ( 'NONE',  ( 1.000000000000000000, 0.000000000000000000, 0.000000000000000000 ) ) ;
#6376 = ORIENTED_EDGE ( 'NONE', *, *, #1272, .F. ) ;
#6377 = AXIS2_PLACEMENT_3D ( 'NONE', #585, #4120, #1474 ) ;
#6378 = ADVANCED_FACE ( 'NONE', ( #8410 ), #4870, .F. ) ;
#6379 = EDGE_LOOP ( 'NONE', ( #8858, #9175, #233, #4613, #2596, #1382, #5868, #3429 ) ) ;
#6380 = DIRECTION ( 'NONE',  ( -1.000000000000000000, 0.000000000000000000, 0.000000000000000000 ) ) ;
#6381 = CARTESIAN_POINT ( 'NONE',  ( -8.056247796563749120, 14.82092244892577249, -35.90081073226722452 ) ) ;
#6382 = DIRECTION ( 'NONE',  ( -0.000000000000000000, 0.000000000000000000, 1.000000000000000000 ) ) ;
#6383 = CARTESIAN_POINT ( 'NONE',  ( 24.26754262595855849, -11.39533872557192673, -19.98339804767570627 ) ) ;
#6384 = CARTESIAN_POINT ( 'NONE',  ( 0.6954014708848778037, 14.42882284292601547, -26.00000000000000355 ) ) ;
#6385 = FACE_BOUND ( 'NONE', #432, .T. ) ;
#6386 = CARTESIAN_POINT ( 'NONE',  ( -16.57500000000001350, 2.624999999999998668, 17.50336663013171545 ) ) ;
#6387 = VECTOR ( 'NONE', #5415, 1000.000000000000000 ) ;
#6388 = EDGE_CURVE ( 'NONE', #7342, #6339, #5436, .T. ) ;
#6389 = EDGE_CURVE ( 'NONE', #4438, #2235, #5933, .T. ) ;
#6390 = ORIENTED_EDGE ( 'NONE', *, *, #8709, .F. ) ;
#6391 = VERTEX_POINT ( 'NONE', #1884 ) ;
#6392 = VERTEX_POINT ( 'NONE', #6238 ) ;
#6393 = ORIENTED_EDGE ( 'NONE', *, *, #2524, .T. ) ;
#6394 = CARTESIAN_POINT ( 'NONE',  ( -10.37500000000001066, 11.92186934585478220, -0.1291009124396314545 ) ) ;
#6395 = CARTESIAN_POINT ( 'NONE',  ( 19.65804414714997606, -11.99999999999999645, 0.9909437790723226724 ) ) ;
#6396 = LINE ( 'NONE', #5636, #34 ) ;
#6397 = VECTOR ( 'NONE', #1116, 1000.000000000000000 ) ;
#6398 = DIRECTION ( 'NONE',  ( 0.000000000000000000, 0.000000000000000000, 1.000000000000000000 ) ) ;
#6399 = CIRCLE ( 'NONE', #1024, 2.000000000000001776 ) ;
#6400 = ORIENTED_EDGE ( 'NONE', *, *, #296, .F. ) ;
#6401 = VERTEX_POINT ( 'NONE', #8232 ) ;
#6402 = CIRCLE ( 'NONE', #8018, 1.049999999999995381 ) ;
#6403 = CARTESIAN_POINT ( 'NONE',  ( 26.62499999999999645, 11.12083830918276917, -13.24359600624777933 ) ) ;
#6404 = CARTESIAN_POINT ( 'NONE',  ( 15.12499999999998757, 0.000000000000000000, 23.10000000000001918 ) ) ;
#6405 = AXIS2_PLACEMENT_3D ( 'NONE', #7485, #206, #3882 ) ;
#6406 = ADVANCED_FACE ( 'NONE', ( #4679 ), #7714, .F. ) ;
#6407 = DIRECTION ( 'NONE',  ( 0.000000000000000000, -7.242684271981953222E-17, -1.000000000000000000 ) ) ;
#6408 = FACE_OUTER_BOUND ( 'NONE', #4482, .T. ) ;
#6409 = CARTESIAN_POINT ( 'NONE',  ( 3.024999999999973710, 14.28421494571413852, 0.000000000000000000 ) ) ;
#6410 = EDGE_CURVE ( 'NONE', #2576, #3128, #8737, .T. ) ;
#6411 = DIRECTION ( 'NONE',  ( 1.734723475976807094E-16, 7.461176240760461390E-17, 1.000000000000000000 ) ) ;
#6412 = ORIENTED_EDGE ( 'NONE', *, *, #6422, .F. ) ;
#6413 = ORIENTED_EDGE ( 'NONE', *, *, #8487, .F. ) ;
#6414 = VERTEX_POINT ( 'NONE', #4773 ) ;
#6415 = DIRECTION ( 'NONE',  ( 1.000000000000000000, 0.000000000000000000, 2.881657216719182003E-16 ) ) ;
#6416 = CARTESIAN_POINT ( 'NONE',  ( -11.85223381897565531, 10.30467083145809148, -37.57927916182686801 ) ) ;
#6417 = CARTESIAN_POINT ( 'NONE',  ( -26.60794094280423039, 8.511471460399889111, 0.8555414452248549795 ) ) ;
#6418 = LINE ( 'NONE', #4955, #3270 ) ;
#6419 = CARTESIAN_POINT ( 'NONE',  ( 24.51562687369149884, -11.54750983199307335, 1.000000000000103695 ) ) ;
#6420 = CARTESIAN_POINT ( 'NONE',  ( -22.78999999999999204, -8.000000000000000000, -37.79999999999998295 ) ) ;
#6421 = CARTESIAN_POINT ( 'NONE',  ( -26.84991221830399866, -7.399999999999995914, 8.471193762254685566 ) ) ;
#6422 = EDGE_CURVE ( 'NONE', #5334, #5469, #6148, .T. ) ;
#6423 = EDGE_CURVE ( 'NONE', #4170, #8209, #6668, .T. ) ;
#6424 = ORIENTED_EDGE ( 'NONE', *, *, #5143, .F. ) ;
#6425 = ORIENTED_EDGE ( 'NONE', *, *, #8110, .F. ) ;
#6426 = CARTESIAN_POINT ( 'NONE',  ( -70.47777777777830011, -7.399999999999996803, 23.10000000000000853 ) ) ;
#6427 = CARTESIAN_POINT ( 'NONE',  ( -16.70785902517022237, 14.98864628073961924, -37.17211171937977099 ) ) ;
#6428 = DIRECTION ( 'NONE',  ( 1.000000000000000000, -0.000000000000000000, 2.881657216719182496E-16 ) ) ;
#6429 = CARTESIAN_POINT ( 'NONE',  ( -13.66039866546117842, -13.95448794230904177, -37.85258042402931977 ) ) ;
#6430 = CIRCLE ( 'NONE', #4770, 2.000000000000001776 ) ;
#6431 = CARTESIAN_POINT ( 'NONE',  ( 7.732911556936730157, 13.95465449349613252, -26.00000000000000355 ) ) ;
#6432 = DIRECTION ( 'NONE',  ( 0.000000000000000000, 0.000000000000000000, -1.000000000000000000 ) ) ;
#6433 = CARTESIAN_POINT ( 'NONE',  ( -10.37500000000001243, -10.09999999999999609, -10.00000000000000000 ) ) ;
#6434 = ORIENTED_EDGE ( 'NONE', *, *, #7612, .F. ) ;
#6435 = VECTOR ( 'NONE', #4614, 1000.000000000000000 ) ;
#6436 = VERTEX_POINT ( 'NONE', #2632 ) ;
#6437 = VERTEX_POINT ( 'NONE', #627 ) ;
#6438 = VERTEX_POINT ( 'NONE', #3472 ) ;
#6439 = PLANE ( 'NONE',  #7096 ) ;
#6440 = FACE_OUTER_BOUND ( 'NONE', #4891, .T. ) ;
#6441 = CARTESIAN_POINT ( 'NONE',  ( 3.176357042976835743, 14.99999999999999822, -37.52379999999998716 ) ) ;
#6442 = EDGE_CURVE ( 'NONE', #7875, #2177, #8982, .T. ) ;
#6443 = CARTESIAN_POINT ( 'NONE',  ( 15.12499999999998579, -2.624999999999998668, 18.55336663013171616 ) ) ;
#6444 = ADVANCED_FACE ( 'NONE', ( #2679 ), #5527, .F. ) ;
#6445 = AXIS2_PLACEMENT_3D ( 'NONE', #7162, #1511, #4963 ) ;
#6446 = ORIENTED_EDGE ( 'NONE', *, *, #7739, .F. ) ;
#6447 = EDGE_LOOP ( 'NONE', ( #8230, #3530, #3430, #8430 ) ) ;
#6448 = CARTESIAN_POINT ( 'NONE',  ( 19.51055523503865530, 11.91951673272153656, -25.21079265305807837 ) ) ;
#6449 = CARTESIAN_POINT ( 'NONE',  ( -13.39993915504746447, -7.100000000000001421, -29.29999999999998295 ) ) ;
#6450 = CARTESIAN_POINT ( 'NONE',  ( 20.62499999999998934, 5.250000000000000000, 23.10000000000002274 ) ) ;
#6451 = LINE ( 'NONE', #653, #1904 ) ;
#6452 = PLANE ( 'NONE',  #390 ) ;
#6453 = DIRECTION ( 'NONE',  ( 2.881657216719182496E-16, 0.000000000000000000, -1.000000000000000000 ) ) ;
#6454 = ORIENTED_EDGE ( 'NONE', *, *, #3796, .F. ) ;
#6455 = ORIENTED_EDGE ( 'NONE', *, *, #9046, .F. ) ;
#6456 = VECTOR ( 'NONE', #1787, 1000.000000000000000 ) ;
#6457 = ORIENTED_EDGE ( 'NONE', *, *, #3600, .T. ) ;
#6458 = CARTESIAN_POINT ( 'NONE',  ( -0.08093976648544656816, 15.30742071538437443, -25.00000000000000355 ) ) ;
#6459 = DIRECTION ( 'NONE',  ( 0.000000000000000000, 0.000000000000000000, -1.000000000000000000 ) ) ;
#6460 = FACE_OUTER_BOUND ( 'NONE', #8711, .T. ) ;
#6461 = DIRECTION ( 'NONE',  ( 1.000000000000000000, 0.000000000000000000, -0.000000000000000000 ) ) ;
#6462 = PLANE ( 'NONE',  #7687 ) ;
#6463 = CIRCLE ( 'NONE', #787, 1.049999999999995381 ) ;
#6464 = LINE ( 'NONE', #6511, #6761 ) ;
#6465 = CARTESIAN_POINT ( 'NONE',  ( 15.12499999999998579, -2.624999999999998668, 19.60336663013171687 ) ) ;
#6466 = CIRCLE ( 'NONE', #7056, 1.049999999999995381 ) ;
#6467 = VERTEX_POINT ( 'NONE', #8319 ) ;
#6468 = CARTESIAN_POINT ( 'NONE',  ( -22.58534642217050958, 6.986117280460248047, 22.09853564102654389 ) ) ;
#6469 = CARTESIAN_POINT ( 'NONE',  ( -10.37500000000001066, 10.09999999999999076, 0.000000000000000000 ) ) ;
#6470 = FACE_OUTER_BOUND ( 'NONE', #597, .T. ) ;
#6471 = PLANE ( 'NONE',  #1369 ) ;
#6472 = VECTOR ( 'NONE', #8122, 1000.000000000000000 ) ;
#6473 = CARTESIAN_POINT ( 'NONE',  ( 24.58353181828614353, -11.35895764780201134, -19.47311520298633525 ) ) ;
#6474 = DIRECTION ( 'NONE',  ( -1.000000000000000000, 0.000000000000000000, -2.881657216719182496E-16 ) ) ;
#6475 = EDGE_CURVE ( 'NONE', #658, #7659, #5916, .T. ) ;
#6476 = CARTESIAN_POINT ( 'NONE',  ( -22.98842608077346128, 3.630677692909219711, 16.81963084796091223 ) ) ;
#6477 = CARTESIAN_POINT ( 'NONE',  ( 3.024999999999989697, -14.28421494571413852, 0.000000000000000000 ) ) ;
#6478 = ADVANCED_FACE ( 'NONE', ( #6470 ), #2958, .T. ) ;
#6479 = VERTEX_POINT ( 'NONE', #9213 ) ;
#6480 = VERTEX_POINT ( 'NONE', #64 ) ;
#6481 = ORIENTED_EDGE ( 'NONE', *, *, #9181, .T. ) ;
#6482 = VERTEX_POINT ( 'NONE', #7120 ) ;
#6483 = CARTESIAN_POINT ( 'NONE',  ( 3.750604314628855462, 14.99234783971452423, -14.97209744559227573 ) ) ;
#6484 = CARTESIAN_POINT ( 'NONE',  ( 21.81396944495785917, 12.59573777332577471, -23.10881866800921358 ) ) ;
#6485 = FACE_BOUND ( 'NONE', #6251, .T. ) ;
#6486 = EDGE_CURVE ( 'NONE', #3364, #5334, #7945, .T. ) ;
#6487 = CARTESIAN_POINT ( 'NONE',  ( -22.57500000000000995, -11.99999999999999645, -9.974788118697171032E-15 ) ) ;
#6488 = EDGE_CURVE ( 'NONE', #4113, #4193, #4916, .T. ) ;
#6489 = VECTOR ( 'NONE', #7134, 1000.000000000000000 ) ;
#6490 = ORIENTED_EDGE ( 'NONE', *, *, #5629, .T. ) ;
#6491 = EDGE_LOOP ( 'NONE', ( #3258, #1715, #6167, #6114, #7305, #2152, #2666, #660 ) ) ;
#6492 = EDGE_CURVE ( 'NONE', #4973, #5347, #6544, .T. ) ;
#6493 = EDGE_CURVE ( 'NONE', #3514, #2443, #859, .T. ) ;
#6494 = CARTESIAN_POINT ( 'NONE',  ( 24.49654806806698559, 12.27112645248612743, 4.997812593560208669E-12 ) ) ;
#6495 = DIRECTION ( 'NONE',  ( 0.000000000000000000, 0.000000000000000000, 1.000000000000000000 ) ) ;
#6496 = DIRECTION ( 'NONE',  ( 1.000000000000000000, 0.000000000000000000, 2.881657216719182496E-16 ) ) ;
#6497 = AXIS2_PLACEMENT_3D ( 'NONE', #5669, #7813, #1425 ) ;
#6498 = CARTESIAN_POINT ( 'NONE',  ( -26.62500000000001066, -5.250000000000000000, 24.15000000000000568 ) ) ;
#6499 = CARTESIAN_POINT ( 'NONE',  ( 7.829014785873205540, 13.94727521435340911, -26.00000000000000355 ) ) ;
#6500 = EDGE_CURVE ( 'NONE', #5053, #7725, #809, .T. ) ;
#6501 = CARTESIAN_POINT ( 'NONE',  ( 10.26078025210004618, -12.44030733178811410, 0.1618555887695216911 ) ) ;
#6502 = ORIENTED_EDGE ( 'NONE', *, *, #1575, .F. ) ;
#6503 = EDGE_LOOP ( 'NONE', ( #8583, #3739, #5433, #7842, #302 ) ) ;
#6504 = VERTEX_POINT ( 'NONE', #2218 ) ;
#6505 = CARTESIAN_POINT ( 'NONE',  ( -21.67069441603601021, -11.99999999999999645, 5.443076293720565673 ) ) ;
#6506 = CARTESIAN_POINT ( 'NONE',  ( -25.11520958665179393, 11.14149684059777101, 0.07606472192053444215 ) ) ;
#6507 = CARTESIAN_POINT ( 'NONE',  ( -26.59673867608382736, 8.254811744210941882, 1.088228733331335629 ) ) ;
#6508 = CARTESIAN_POINT ( 'NONE',  ( -1.010640334585129585, 14.51700425561972629, -14.11226996448394466 ) ) ;
#6509 = PLANE ( 'NONE',  #4098 ) ;
#6510 = VECTOR ( 'NONE', #3932, 1000.000000000000000 ) ;
#6511 = CARTESIAN_POINT ( 'NONE',  ( -13.57500000000000995, 12.68377223398315756, -1.227924077994376084 ) ) ;
#6512 = CARTESIAN_POINT ( 'NONE',  ( 26.62499999999998579, 0.000000000000000000, 31.10000000000001563 ) ) ;
#6513 = VECTOR ( 'NONE', #3962, 1000.000000000000000 ) ;
#6514 = ORIENTED_EDGE ( 'NONE', *, *, #943, .T. ) ;
#6515 = DIRECTION ( 'NONE',  ( -1.765621858500567205E-16, -8.587739980083203670E-17, 1.000000000000000000 ) ) ;
#6516 = PLANE ( 'NONE',  #2217 ) ;
#6517 = CARTESIAN_POINT ( 'NONE',  ( -18.21811974579579285, 13.12500000000000000, -38.26673052524024854 ) ) ;
#6518 = DIRECTION ( 'NONE',  ( -1.000000000000000000, 0.000000000000000000, -0.000000000000000000 ) ) ;
#6519 = CARTESIAN_POINT ( 'NONE',  ( 12.49040116859234395, -12.60128351949216174, -29.87264174334826805 ) ) ;
#6520 = EDGE_CURVE ( 'NONE', #3936, #2588, #8601, .T. ) ;
#6521 = DIRECTION ( 'NONE',  ( 1.000000000000000000, -0.000000000000000000, 2.881657216719182496E-16 ) ) ;
#6522 = CARTESIAN_POINT ( 'NONE',  ( -22.80394059819735730, 4.624915880044049743, 18.42037660958907708 ) ) ;
#6523 = LINE ( 'NONE', #3838, #3180 ) ;
#6524 = EDGE_CURVE ( 'NONE', #2045, #4993, #3406, .T. ) ;
#6525 = ORIENTED_EDGE ( 'NONE', *, *, #2716, .F. ) ;
#6526 = ORIENTED_EDGE ( 'NONE', *, *, #2185, .F. ) ;
#6527 = ORIENTED_EDGE ( 'NONE', *, *, #9088, .F. ) ;
#6528 = EDGE_CURVE ( 'NONE', #7645, #6330, #8527, .T. ) ;
#6529 = CARTESIAN_POINT ( 'NONE',  ( 26.33568896483512844, 12.03869266201290245, -15.12729020351386566 ) ) ;
#6530 = CARTESIAN_POINT ( 'NONE',  ( -26.62500000000001066, -2.624999999999998668, 18.55336663013170551 ) ) ;
#6531 = CARTESIAN_POINT ( 'NONE',  ( 25.02004173461746817, -11.30849667863605212, -18.69274818159968632 ) ) ;
#6532 = DIRECTION ( 'NONE',  ( -1.334402673828310480E-15, -1.000000000000000000, 0.000000000000000000 ) ) ;
#6533 = B_SPLINE_CURVE_WITH_KNOTS ( 'NONE', 3,
 ( #5105, #7256, #110, #2220, #1471, #5153, #2915, #861, #8554, #7812, #3699, #6566, #160, #3006 ),
 .UNSPECIFIED., .F., .F.,
 ( 4, 2, 2, 2, 2, 2, 4 ),
 ( 0.01054913522848097487, 0.01216416788643756401, 0.01377920054439415315, 0.01700926586030733142, 0.01862429851826392577, 0.02023933117622051664, 0.02346939649213368451 ),
 .UNSPECIFIED. ) ;
#6534 = VERTEX_POINT ( 'NONE', #3098 ) ;
#6535 = EDGE_LOOP ( 'NONE', ( #8670, #4678, #3440, #6064, #598 ) ) ;
#6536 = CARTESIAN_POINT ( 'NONE',  ( -13.06994207441220546, -10.93994555975521443, 5.147263975624272985E-15 ) ) ;
#6537 = CARTESIAN_POINT ( 'NONE',  ( 24.97526552184587345, -12.21129302245336845, -16.63555032730272387 ) ) ;
#6538 = CARTESIAN_POINT ( 'NONE',  ( -16.57500000000001350, -2.625000000000002220, 27.64663336986831510 ) ) ;
#6539 = EDGE_CURVE ( 'NONE', #2598, #8420, #2306, .T. ) ;
#6540 = CARTESIAN_POINT ( 'NONE',  ( -16.57500000000001350, -5.250000000000000000, 23.10000000000000853 ) ) ;
#6541 = CARTESIAN_POINT ( 'NONE',  ( -13.96814575050769847, 14.95551785225861252, -32.72792206135788717 ) ) ;
#6542 = CARTESIAN_POINT ( 'NONE',  ( -5.575000000000010836, -10.10000000000000497, -13.04999999999999893 ) ) ;
#6543 = VECTOR ( 'NONE', #1129, 1000.000000000000000 ) ;
#6544 = B_SPLINE_CURVE_WITH_KNOTS ( 'NONE', 3,
 ( #1469, #3696, #767, #7860 ),
 .UNSPECIFIED., .F., .F.,
 ( 4, 4 ),
 ( 0.5311812221511289511, 0.5832684240881638171 ),
 .UNSPECIFIED. ) ;
#6545 = ORIENTED_EDGE ( 'NONE', *, *, #6094, .T. ) ;
#6546 = LINE ( 'NONE', #2803, #608 ) ;
#6547 = ORIENTED_EDGE ( 'NONE', *, *, #2663, .T. ) ;
#6548 = EDGE_LOOP ( 'NONE', ( #6457, #73, #2315, #1453 ) ) ;
#6549 = AXIS2_PLACEMENT_3D ( 'NONE', #7586, #2025, #4872 ) ;
#6550 = ORIENTED_EDGE ( 'NONE', *, *, #3346, .F. ) ;
#6551 = CYLINDRICAL_SURFACE ( 'NONE', #2341, 2.000000000000001776 ) ;
#6552 = CARTESIAN_POINT ( 'NONE',  ( -24.67845660436068655, 11.44295323072561743, -0.04567833853603014277 ) ) ;
#6553 = DIRECTION ( 'NONE',  ( -1.000000000000000000, -0.000000000000000000, -1.765621858500567205E-16 ) ) ;
#6554 = EDGE_CURVE ( 'NONE', #8114, #7973, #2066, .T. ) ;
#6555 = CARTESIAN_POINT ( 'NONE',  ( -19.62499999999986144, -7.900000000000000355, -6.999999999999993783 ) ) ;
#6557 = ADVANCED_FACE ( 'NONE', ( #2495 ), #5340, .F. ) ;
#6556 = CARTESIAN_POINT ( 'NONE',  ( -22.89728151289127211, -4.373034739613754773, 17.54745056584308571 ) ) ;
#6558 = AXIS2_PLACEMENT_3D ( 'NONE', #3328, #6326, #7577 ) ;
#6559 = DIRECTION ( 'NONE',  ( 1.000000000000000000, 2.012156794895523093E-32, 1.765621858500567205E-16 ) ) ;
#6560 = CARTESIAN_POINT ( 'NONE',  ( -23.16053390593260985, -10.09999999999999254, -9.849999999999990763 ) ) ;
#6561 = VERTEX_POINT ( 'NONE', #5151 ) ;
#6562 = CARTESIAN_POINT ( 'NONE',  ( -22.61676944294263336, 5.514121576700720340, 21.10000000000000142 ) ) ;
#6563 = CARTESIAN_POINT ( 'NONE',  ( -24.47537342104070746, -8.069014806742243806, 9.739655752156156865 ) ) ;
#6564 = CARTESIAN_POINT ( 'NONE',  ( -17.28910549315133593, 14.99289271182284367, -37.21658879751788618 ) ) ;
#6565 = CARTESIAN_POINT ( 'NONE',  ( -7.965577384225394297, -12.09999999999999964, -34.86709544009055861 ) ) ;
#6566 = CARTESIAN_POINT ( 'NONE',  ( -11.87053986623121027, -10.31739666472428496, -37.58338486395107481 ) ) ;
#6567 = DIRECTION ( 'NONE',  ( -1.000000000000000000, -0.000000000000000000, -2.881657216719182496E-16 ) ) ;
#6568 = CARTESIAN_POINT ( 'NONE',  ( -22.88387803739118098, 4.422892708744702972, 17.66754099341240192 ) ) ;
#6569 = CARTESIAN_POINT ( 'NONE',  ( 20.62499999999998934, -5.250000000000000000, 23.10000000000002274 ) ) ;
#6570 = ORIENTED_EDGE ( 'NONE', *, *, #751, .T. ) ;
#6571 = ORIENTED_EDGE ( 'NONE', *, *, #6858, .F. ) ;
#6572 = EDGE_CURVE ( 'NONE', #8621, #9161, #4442, .T. ) ;
#6573 = ORIENTED_EDGE ( 'NONE', *, *, #7678, .T. ) ;
#6574 = CARTESIAN_POINT ( 'NONE',  ( -10.37500000000000888, 14.06306087005738092, -1.562619687313058670 ) ) ;
#6575 = CARTESIAN_POINT ( 'NONE',  ( -9.969448724536016826, -12.68377223398315934, -1.227924077994376306 ) ) ;
#6576 = CARTESIAN_POINT ( 'NONE',  ( 18.91570246359580310, 11.99999999999999645, 1.000000000657532695 ) ) ;
#6577 = EDGE_CURVE ( 'NONE', #933, #8101, #3754, .T. ) ;
#6578 = CARTESIAN_POINT ( 'NONE',  ( 24.43444758962576202, -12.27972048236480518, -19.72062263500650658 ) ) ;
#6579 = LINE ( 'NONE', #267, #1889 ) ;
#6580 = EDGE_LOOP ( 'NONE', ( #4148, #3139, #127, #4452, #4266, #8822, #1704, #6571, #7748, #3189, #3831, #4660, #8916, #2597, #2316, #2365, #4838, #5746, #3866, #6787, #2105 ) ) ;
#6581 = ORIENTED_EDGE ( 'NONE', *, *, #2818, .F. ) ;
#6582 = CARTESIAN_POINT ( 'NONE',  ( 25.43028034688443384, 11.26072812952182822, -17.84979289682388881 ) ) ;
#6583 = CARTESIAN_POINT ( 'NONE',  ( 15.70939824590968747, -13.25448184834028886, -26.84434114449833686 ) ) ;
#6584 = FACE_OUTER_BOUND ( 'NONE', #1714, .T. ) ;
#6585 = CIRCLE ( 'NONE', #2997, 1.500000000000000444 ) ;
#6586 = CARTESIAN_POINT ( 'NONE',  ( -6.624999999999988454, -7.999999999999996447, 3.420050125084596266E-15 ) ) ;
#6587 = CARTESIAN_POINT ( 'NONE',  ( -25.98550289468621344, 11.38925323846348903, -0.7964177461544882375 ) ) ;
#6588 = ADVANCED_FACE ( 'NONE', ( #4539 ), #5200, .F. ) ;
#6589 = VECTOR ( 'NONE', #223, 1000.000000000000000 ) ;
#6590 = CARTESIAN_POINT ( 'NONE',  ( -21.05653770288402882, 8.434924871185867090, -41.79999999999999005 ) ) ;
#6591 = VERTEX_POINT ( 'NONE', #905 ) ;
#6592 = DIRECTION ( 'NONE',  ( 0.000000000000000000, 1.000000000000000000, 0.000000000000000000 ) ) ;
#6593 = ORIENTED_EDGE ( 'NONE', *, *, #6985, .T. ) ;
#6594 = ORIENTED_EDGE ( 'NONE', *, *, #8507, .T. ) ;
#6595 = ORIENTED_EDGE ( 'NONE', *, *, #6528, .T. ) ;
#6596 = CYLINDRICAL_SURFACE ( 'NONE', #2630, 1.049999999999998934 ) ;
#6597 = CARTESIAN_POINT ( 'NONE',  ( -26.56973264026098036, 8.506152794394557404, 1.120804665816899970 ) ) ;
#6598 = CARTESIAN_POINT ( 'NONE',  ( 0.9290147858732040742, 18.28421494571414030, -25.00000000000000000 ) ) ;
#6599 = EDGE_CURVE ( 'NONE', #9149, #453, #3745, .T. ) ;
#6600 = LINE ( 'NONE', #4621, #1627 ) ;
#6601 = ADVANCED_FACE ( 'NONE', ( #1091 ), #7392, .F. ) ;
#6602 = DIRECTION ( 'NONE',  ( -0.000000000000000000, 1.000000000000000000, -0.000000000000000000 ) ) ;
#6603 = DIRECTION ( 'NONE',  ( 0.6652809670318275970, 0.7465930852246063232, 1.815789346119492171E-16 ) ) ;
#6604 = AXIS2_PLACEMENT_3D ( 'NONE', #3240, #6275, #2715 ) ;
#6605 = DIRECTION ( 'NONE',  ( 1.000000000000000000, 2.164016633576080887E-32, 0.000000000000000000 ) ) ;
#6606 = ORIENTED_EDGE ( 'NONE', *, *, #2009, .F. ) ;
#6607 = CARTESIAN_POINT ( 'NONE',  ( -22.57762620140924881, 7.186245184189853141, 22.58240209971664214 ) ) ;
#6608 = DIRECTION ( 'NONE',  ( -0.000000000000000000, -0.000000000000000000, -1.000000000000000000 ) ) ;
#6609 = EDGE_CURVE ( 'NONE', #2398, #5677, #3880, .T. ) ;
#6610 = ADVANCED_FACE ( 'NONE', ( #999 ), #204, .T. ) ;
#6611 = DIRECTION ( 'NONE',  ( -1.000000000000000000, 0.000000000000000000, 0.000000000000000000 ) ) ;
#6612 = AXIS2_PLACEMENT_3D ( 'NONE', #9179, #4042, #3348 ) ;
#6613 = CARTESIAN_POINT ( 'NONE',  ( -22.57500000000001705, -5.250000000000000000, 23.10000000000000497 ) ) ;
#6614 = DIRECTION ( 'NONE',  ( 0.7071067811865426878, -5.275848315469711412E-17, -0.7071067811865523467 ) ) ;
#6615 = CARTESIAN_POINT ( 'NONE',  ( -1.155324610415571440, 14.52448115156833097, -26.00000000000000355 ) ) ;
#6616 = VECTOR ( 'NONE', #6004, 1000.000000000000000 ) ;
#6617 = CARTESIAN_POINT ( 'NONE',  ( -16.57500000000001350, -5.250000000000000000, 24.15000000000000924 ) ) ;
#6618 = VERTEX_POINT ( 'NONE', #3835 ) ;
#6619 = ORIENTED_EDGE ( 'NONE', *, *, #2122, .F. ) ;
#6620 = ORIENTED_EDGE ( 'NONE', *, *, #4360, .T. ) ;
#6621 = CIRCLE ( 'NONE', #6024, 2.000000000000001776 ) ;
#6622 = CARTESIAN_POINT ( 'NONE',  ( -10.62712255461673649, 12.09999999999999254, -37.37460308772480744 ) ) ;
#6623 = CARTESIAN_POINT ( 'NONE',  ( 25.29906244294160444, 11.27605323092913459, -18.13600817114104302 ) ) ;
#6624 = CARTESIAN_POINT ( 'NONE',  ( -19.62499999999999645, 15.00000000000000000, -37.52379999999998716 ) ) ;
#6625 = CARTESIAN_POINT ( 'NONE',  ( 22.96068956107247061, -11.54388028404879663, -21.77714458156955146 ) ) ;
#6626 = CARTESIAN_POINT ( 'NONE',  ( -24.21555053424221526, -9.278107815958287929, 9.892798343586463261 ) ) ;
#6627 = ORIENTED_EDGE ( 'NONE', *, *, #7995, .F. ) ;
#6628 = VERTEX_POINT ( 'NONE', #5901 ) ;
#6629 = CARTESIAN_POINT ( 'NONE',  ( -26.45999999999999019, -8.000000000000000000, -39.29999999999999005 ) ) ;
#6630 = CARTESIAN_POINT ( 'NONE',  ( 25.17353694311489321, -12.18627683753739532, -16.07464556636448094 ) ) ;
#6631 = CYLINDRICAL_SURFACE ( 'NONE', #4051, 2.000000000000001776 ) ;
#6632 = CARTESIAN_POINT ( 'NONE',  ( -22.78999999999998849, 8.000000000000000000, -37.79999999999998295 ) ) ;
#6633 =( BOUNDED_SURFACE ( )  B_SPLINE_SURFACE ( 3, 2, ( 
 ( #4873, #7027, #4214 ),
 ( #8365, #1978, #3425 ),
 ( #4823, #21, #3570 ),
 ( #723, #7074, #6431 ) ),
 .UNSPECIFIED., .F., .F., .F. ) 
 B_SPLINE_SURFACE_WITH_KNOTS ( ( 4, 4 ),
 ( 3, 3 ),
 ( 0.02014957080354517691, 0.02562091645075942337 ),
 ( 0.000000000000000000, 1.000000000000000000 ),
 .UNSPECIFIED. ) 
 GEOMETRIC_REPRESENTATION_ITEM ( )  RATIONAL_B_SPLINE_SURFACE ( (
 ( 1.000000000000000000, 0.7071067811865494601, 1.000000000000000000),
 ( 1.000000000000000000, 0.7071067811865494601, 1.000000000000000000),
 ( 1.000000000000000000, 0.7071067811865487940, 1.000000000000000000),
 ( 1.000000000000000000, 0.7071067811865487940, 1.000000000000000000) ) ) 
 REPRESENTATION_ITEM ( '' )  SURFACE ( )  );
#6634 = CARTESIAN_POINT ( 'NONE',  ( -22.96368532365237414, 12.68377223143133214, -1.227924077143769388 ) ) ;
#6635 = CARTESIAN_POINT ( 'NONE',  ( -19.62499999999999645, 11.14271062174728755, -38.29999999999999005 ) ) ;
#6636 = ORIENTED_EDGE ( 'NONE', *, *, #5292, .F. ) ;
#6637 = CARTESIAN_POINT ( 'NONE',  ( -11.96499999999999631, 10.10000000000000497, -35.57131279429334114 ) ) ;
#6638 = ORIENTED_EDGE ( 'NONE', *, *, #3453, .T. ) ;
#6639 = ORIENTED_EDGE ( 'NONE', *, *, #1636, .T. ) ;
#6640 = ORIENTED_EDGE ( 'NONE', *, *, #5789, .F. ) ;
#6641 = CARTESIAN_POINT ( 'NONE',  ( -26.62500000000001066, -2.625000000000002220, 27.64663336986831510 ) ) ;
#6642 = VECTOR ( 'NONE', #5587, 1000.000000000000000 ) ;
#6643 = CARTESIAN_POINT ( 'NONE',  ( 13.13744632142985935, 13.49906635955071899, -26.00000000000000355 ) ) ;
#6644 = CARTESIAN_POINT ( 'NONE',  ( -21.29923514659236616, -11.99999999999999822, 6.505745400281709223 ) ) ;
#6645 = EDGE_CURVE ( 'NONE', #7816, #1170, #3004, .T. ) ;
#6646 = CARTESIAN_POINT ( 'NONE',  ( -19.81532436575341194, -15.00011440415861586, -2.928115160658741478E-13 ) ) ;
#6647 = CARTESIAN_POINT ( 'NONE',  ( 7.675000000000005151, 10.10000000000000320, -9.849999999999983658 ) ) ;
#6648 = CARTESIAN_POINT ( 'NONE',  ( -23.16053390593271644, 10.10000000000000142, -19.99999999999999289 ) ) ;
#6649 = FACE_BOUND ( 'NONE', #8253, .T. ) ;
#6650 = ORIENTED_EDGE ( 'NONE', *, *, #2369, .T. ) ;
#6651 = EDGE_LOOP ( 'NONE', ( #4319, #2117, #539, #1632 ) ) ;
#6652 = EDGE_CURVE ( 'NONE', #1783, #3973, #7963, .T. ) ;
#6653 = CARTESIAN_POINT ( 'NONE',  ( 4.329014785873201987, 14.19919496893260025, -26.00000000000000355 ) ) ;
#6654 = CARTESIAN_POINT ( 'NONE',  ( -21.85674754639386563, 15.00000000000000000, -3.999999999999996447 ) ) ;
#6655 = CARTESIAN_POINT ( 'NONE',  ( 16.62499999999998934, -11.99999999999999645, 15.00000000000000178 ) ) ;
#6656 = VECTOR ( 'NONE', #3359, 1000.000000000000000 ) ;
#6657 = DIRECTION ( 'NONE',  ( 0.000000000000000000, 0.000000000000000000, 1.000000000000000000 ) ) ;
#6658 = EDGE_CURVE ( 'NONE', #6889, #6969, #8831, .T. ) ;
#6659 = DIRECTION ( 'NONE',  ( 0.9157875096611443055, -0.4016630891040890439, 0.000000000000000000 ) ) ;
#6660 = DIRECTION ( 'NONE',  ( 2.881657216719182496E-16, 0.000000000000000000, -1.000000000000000000 ) ) ;
#6661 = VECTOR ( 'NONE', #8850, 1000.000000000000000 ) ;
#6662 = ORIENTED_EDGE ( 'NONE', *, *, #2196, .F. ) ;
#6663 = ORIENTED_EDGE ( 'NONE', *, *, #1750, .T. ) ;
#6664 = AXIS2_PLACEMENT_3D ( 'NONE', #3077, #4369, #2195 ) ;
#6665 = VERTEX_POINT ( 'NONE', #387 ) ;
#6666 = CARTESIAN_POINT ( 'NONE',  ( -16.57500000000001350, -2.624999999999998668, 17.50336663013170835 ) ) ;
#6667 = CARTESIAN_POINT ( 'NONE',  ( 15.22793454112755640, 13.30245533674636604, -28.26573395556021850 ) ) ;
#6668 = CIRCLE ( 'NONE', #691, 1.049999999999998934 ) ;
#6669 = FACE_OUTER_BOUND ( 'NONE', #5123, .T. ) ;
#6670 = CARTESIAN_POINT ( 'NONE',  ( 19.54362398273585910, -11.91602493008228159, -25.18389228565298055 ) ) ;
#6671 = EDGE_CURVE ( 'NONE', #7855, #3856, #1276, .T. ) ;
#6672 = DIRECTION ( 'NONE',  ( -0.000000000000000000, -0.000000000000000000, -1.000000000000000000 ) ) ;
#6673 = VECTOR ( 'NONE', #8872, 1000.000000000000000 ) ;
#6674 = EDGE_CURVE ( 'NONE', #6155, #4853, #1141, .T. ) ;
#6675 = VERTEX_POINT ( 'NONE', #2539 ) ;
#6676 = ORIENTED_EDGE ( 'NONE', *, *, #6005, .F. ) ;
#6677 = FACE_OUTER_BOUND ( 'NONE', #1848, .T. ) ;
#6678 = LINE ( 'NONE', #4652, #7178 ) ;
#6679 = CARTESIAN_POINT ( 'NONE',  ( -10.37500000000000888, -11.40352280556104780, -0.02589181772321019412 ) ) ;
#6680 = CARTESIAN_POINT ( 'NONE',  ( 26.62499999999998934, 2.624999999999996003, 29.64663336986832931 ) ) ;
#6681 = CARTESIAN_POINT ( 'NONE',  ( -5.575000000000010836, 10.10000000000000497, -10.00000000000000000 ) ) ;
#6682 = CARTESIAN_POINT ( 'NONE',  ( 8.679014785873199855, 15.63421494571413639, -25.00000000000000000 ) ) ;
#6683 = ORIENTED_EDGE ( 'NONE', *, *, #2137, .F. ) ;
#6684 = PLANE ( 'NONE',  #6283 ) ;
#6685 = ORIENTED_EDGE ( 'NONE', *, *, #3681, .F. ) ;
#6686 = ORIENTED_EDGE ( 'NONE', *, *, #8981, .T. ) ;
#6687 = ADVANCED_FACE ( 'NONE', ( #1964 ), #8266, .F. ) ;
#6688 = CARTESIAN_POINT ( 'NONE',  ( -22.62256308275782857, -11.99999999999999645, -0.2792407799438647586 ) ) ;
#6689 = FACE_OUTER_BOUND ( 'NONE', #6535, .T. ) ;
#6690 = CARTESIAN_POINT ( 'NONE',  ( -24.51880167001189648, -10.59999999999999609, 6.505745400281708335 ) ) ;
#6691 = CARTESIAN_POINT ( 'NONE',  ( -21.85674754639860140, -15.00000000000000000, -3.999999999999996447 ) ) ;
#6692 = EDGE_CURVE ( 'NONE', #9149, #8929, #3977, .T. ) ;
#6693 = CIRCLE ( 'NONE', #2653, 2.000000000000001776 ) ;
#6694 = PLANE ( 'NONE',  #551 ) ;
#6695 = AXIS2_PLACEMENT_3D ( 'NONE', #4290, #6366, #707 ) ;
#6696 = DIRECTION ( 'NONE',  ( 1.492235248152092278E-16, -7.461176240760461390E-17, -1.000000000000000000 ) ) ;
#6697 = ADVANCED_FACE ( 'NONE', ( #6975 ), #4859, .F. ) ;
#6698 = CARTESIAN_POINT ( 'NONE',  ( -19.62500000000000000, 15.00000000000000000, -14.07106781186552524 ) ) ;
#6699 = ORIENTED_EDGE ( 'NONE', *, *, #1995, .T. ) ;
#6700 = ORIENTED_EDGE ( 'NONE', *, *, #4617, .F. ) ;
#6701 = VECTOR ( 'NONE', #6605, 1000.000000000000000 ) ;
#6702 = DIRECTION ( 'NONE',  ( 0.000000000000000000, 0.000000000000000000, 1.000000000000000000 ) ) ;
#6703 = CARTESIAN_POINT ( 'NONE',  ( -26.84991221830399866, -8.768250222726479137, 9.023281615182135340 ) ) ;
#6704 = CARTESIAN_POINT ( 'NONE',  ( 7.829014785873201987, 14.55092741103745801, -14.94716756524493917 ) ) ;
#6705 = CIRCLE ( 'NONE', #2960, 1.050000000000002265 ) ;
#6706 = CARTESIAN_POINT ( 'NONE',  ( 7.675000000000007816, 10.10000000000000142, -33.09999999999998010 ) ) ;
#6707 = DIRECTION ( 'NONE',  ( 0.000000000000000000, -0.000000000000000000, -1.000000000000000000 ) ) ;
#6708 = CARTESIAN_POINT ( 'NONE',  ( -25.67499999999998650, 8.000000000000000000, -37.79999999999998295 ) ) ;
#6709 = EDGE_CURVE ( 'NONE', #4287, #4314, #9062, .T. ) ;
#6710 = ORIENTED_EDGE ( 'NONE', *, *, #1519, .F. ) ;
#6711 = ORIENTED_EDGE ( 'NONE', *, *, #6136, .F. ) ;
#6712 = ORIENTED_EDGE ( 'NONE', *, *, #1121, .T. ) ;
#6713 = CARTESIAN_POINT ( 'NONE',  ( -26.62499999999998934, -2.599999999999995648, -36.29999999999999005 ) ) ;
#6714 = CARTESIAN_POINT ( 'NONE',  ( 15.16288150211065933, 12.35434379281919348, -28.30548701802029399 ) ) ;
#6715 = LINE ( 'NONE', #3941, #4633 ) ;
#6716 = LINE ( 'NONE', #1059, #8468 ) ;
#6717 = CARTESIAN_POINT ( 'NONE',  ( 24.10094804774577426, -12.32097607832069031, -20.23910493708518743 ) ) ;
#6718 = DIRECTION ( 'NONE',  ( -1.000000000000000000, -0.000000000000000000, -2.881657216719182496E-16 ) ) ;
#6719 = ORIENTED_EDGE ( 'NONE', *, *, #1229, .F. ) ;
#6720 = ORIENTED_EDGE ( 'NONE', *, *, #8446, .T. ) ;
#6721 = DIRECTION ( 'NONE',  ( -0.000000000000000000, 1.000000000000000000, -0.000000000000000000 ) ) ;
#6722 = CARTESIAN_POINT ( 'NONE',  ( -22.62256308275782501, 12.68377223398315756, -1.227924077994377861 ) ) ;
#6723 = EDGE_CURVE ( 'NONE', #9078, #4543, #8231, .T. ) ;
#6724 = DIRECTION ( 'NONE',  ( 1.000000000000000000, 0.000000000000000000, 2.881657216719182003E-16 ) ) ;
#6725 = DIRECTION ( 'NONE',  ( 1.000000000000000000, 0.000000000000000000, 2.881657216719182496E-16 ) ) ;
#6726 = CARTESIAN_POINT ( 'NONE',  ( -23.16346493366437542, 11.97237639385269858, -0.2654603648312317543 ) ) ;
#6727 = DIRECTION ( 'NONE',  ( 1.000000000000000000, 0.000000000000000000, 2.881657216719182496E-16 ) ) ;
#6728 = ORIENTED_EDGE ( 'NONE', *, *, #7555, .T. ) ;
#6729 = CARTESIAN_POINT ( 'NONE',  ( 12.67500000000000604, -10.09999999999999609, -29.70912988903497265 ) ) ;
#6730 = ORIENTED_EDGE ( 'NONE', *, *, #2750, .F. ) ;
#6731 = ORIENTED_EDGE ( 'NONE', *, *, #2323, .T. ) ;
#6732 = CARTESIAN_POINT ( 'NONE',  ( 3.624999999999998224, -0.9999999999999887867, -10.00000000000000000 ) ) ;
#6733 = CARTESIAN_POINT ( 'NONE',  ( -13.57500000000001172, -11.99999999999999822, 6.505745400281710999 ) ) ;
#6734 = CARTESIAN_POINT ( 'NONE',  ( -22.71502485562536577, -0.8265033457093240443, 19.43799272330014460 ) ) ;
#6735 = CARTESIAN_POINT ( 'NONE',  ( -19.62500000000000000, 15.00000000000000000, -14.07106781186552524 ) ) ;
#6736 = FACE_OUTER_BOUND ( 'NONE', #4384, .T. ) ;
#6737 = DIRECTION ( 'NONE',  ( 0.000000000000000000, 0.000000000000000000, -1.000000000000000000 ) ) ;
#6738 = VECTOR ( 'NONE', #4208, 1000.000000000000000 ) ;
#6739 = CARTESIAN_POINT ( 'NONE',  ( -22.68383983288926586, 1.114868853036213858, 19.87131246365264658 ) ) ;
#6740 = ORIENTED_EDGE ( 'NONE', *, *, #5782, .F. ) ;
#6741 = ADVANCED_FACE ( 'NONE', ( #9016 ), #3905, .T. ) ;
#6742 = EDGE_LOOP ( 'NONE', ( #6008, #4159 ) ) ;
#6743 = CARTESIAN_POINT ( 'NONE',  ( 16.62499999999998934, -11.99999999999999645, 8.000000000000007105 ) ) ;
#6744 = CARTESIAN_POINT ( 'NONE',  ( -15.72619709327083015, 10.98907764563215750, -7.806255641895631925E-15 ) ) ;
#6745 = DIRECTION ( 'NONE',  ( 0.7071067811865431318, 0.000000000000000000, -0.7071067811865520136 ) ) ;
#6746 = DIRECTION ( 'NONE',  ( 1.765621858500567205E-16, 0.000000000000000000, -1.000000000000000000 ) ) ;
#6747 = CARTESIAN_POINT ( 'NONE',  ( -13.57500000000000995, 11.99999999999999645, -0.1406273990108923566 ) ) ;
#6748 = DIRECTION ( 'NONE',  ( 2.312964634635742957E-16, 0.000000000000000000, -1.000000000000000000 ) ) ;
#6749 = ORIENTED_EDGE ( 'NONE', *, *, #5027, .F. ) ;
#6750 = ORIENTED_EDGE ( 'NONE', *, *, #1712, .T. ) ;
#6751 = ORIENTED_EDGE ( 'NONE', *, *, #727, .T. ) ;
#6752 = VECTOR ( 'NONE', #5128, 1000.000000000000000 ) ;
#6753 = DIRECTION ( 'NONE',  ( -1.000000000000000000, -0.000000000000000000, -2.881657216719182496E-16 ) ) ;
#6754 = CARTESIAN_POINT ( 'NONE',  ( -18.41983870986729954, 13.99857898409380752, -38.27975541886329580 ) ) ;
#6755 = FACE_OUTER_BOUND ( 'NONE', #6491, .T. ) ;
#6756 = DIRECTION ( 'NONE',  ( -1.000000000000000000, -6.192759706453136001E-11, 0.000000000000000000 ) ) ;
#6757 = EDGE_CURVE ( 'NONE', #5935, #2792, #6009, .T. ) ;
#6758 = CARTESIAN_POINT ( 'NONE',  ( 5.366461884612252931, -14.13458759949282140, -32.00036131045460053 ) ) ;
#6759 = DIRECTION ( 'NONE',  ( -1.000000000000000000, 0.000000000000000000, 0.000000000000000000 ) ) ;
#6760 = ORIENTED_EDGE ( 'NONE', *, *, #8988, .T. ) ;
#6761 = VECTOR ( 'NONE', #6559, 1000.000000000000000 ) ;
#6762 = ORIENTED_EDGE ( 'NONE', *, *, #8170, .T. ) ;
#6763 = EDGE_CURVE ( 'NONE', #8488, #8223, #8977, .T. ) ;
#6764 = LINE ( 'NONE', #272, #839 ) ;
#6765 = CARTESIAN_POINT ( 'NONE',  ( 22.58570401745163636, -11.99999999999999645, 0.2869032494204905581 ) ) ;
#6766 = CARTESIAN_POINT ( 'NONE',  ( 9.502498615738662835, 14.81843322184451850, -15.00000000000000000 ) ) ;
#6767 = CARTESIAN_POINT ( 'NONE',  ( 23.02095543806865763, 11.98519399148075770, 0.8429378940683336374 ) ) ;
#6768 = DIRECTION ( 'NONE',  ( 0.000000000000000000, 0.000000000000000000, -1.000000000000000000 ) ) ;
#6769 = EDGE_CURVE ( 'NONE', #1184, #1919, #436, .T. ) ;
#6770 = CARTESIAN_POINT ( 'NONE',  ( -9.832611844574911331, -10.09999999999999964, -15.59238815542486911 ) ) ;
#6771 = VERTEX_POINT ( 'NONE', #4721 ) ;
#6772 = CARTESIAN_POINT ( 'NONE',  ( -16.57500000000001350, -2.625000000000002220, 27.64663336986831510 ) ) ;
#6773 = EDGE_CURVE ( 'NONE', #6993, #5471, #3327, .T. ) ;
#6774 = ORIENTED_EDGE ( 'NONE', *, *, #4815, .T. ) ;
#6775 = ADVANCED_FACE ( 'NONE', ( #5474 ), #7575, .F. ) ;
#6776 = ORIENTED_EDGE ( 'NONE', *, *, #7488, .F. ) ;
#6777 = CARTESIAN_POINT ( 'NONE',  ( -22.62256308275782857, -12.68377223398315934, -1.227924077994378527 ) ) ;
#6778 = CARTESIAN_POINT ( 'NONE',  ( 16.62499999999998934, 7.000000000000000000, 13.50000000000000178 ) ) ;
#6779 = FACE_OUTER_BOUND ( 'NONE', #8915, .T. ) ;
#6780 = FACE_OUTER_BOUND ( 'NONE', #2969, .T. ) ;
#6781 = CARTESIAN_POINT ( 'NONE',  ( 5.029014785873203053, 17.98421494571413604, -25.00000000000000000 ) ) ;
#6782 = ADVANCED_FACE ( 'NONE', ( #7706 ), #8797, .F. ) ;
#6783 = CARTESIAN_POINT ( 'NONE',  ( 23.59623346300050883, -11.88533122549181265, 0.8669372277131505156 ) ) ;
#6784 = B_SPLINE_CURVE_WITH_KNOTS ( 'NONE', 3,
 ( #1586, #8021, #1770, #3910 ),
 .UNSPECIFIED., .F., .F.,
 ( 4, 4 ),
 ( 0.000000000000000000, 0.005461271170339568153 ),
 .UNSPECIFIED. ) ;
#6785 = EDGE_CURVE ( 'NONE', #4993, #8092, #2282, .T. ) ;
#6786 = CYLINDRICAL_SURFACE ( 'NONE', #4293, 0.8499999999999965361 ) ;
#6787 = ORIENTED_EDGE ( 'NONE', *, *, #8694, .T. ) ;
#6788 = ORIENTED_EDGE ( 'NONE', *, *, #8124, .F. ) ;
#6789 = VECTOR ( 'NONE', #5785, 1000.000000000000000 ) ;
#6790 = ORIENTED_EDGE ( 'NONE', *, *, #945, .F. ) ;
#6791 = CYLINDRICAL_SURFACE ( 'NONE', #1610, 1.000000000000001776 ) ;
#6792 = CARTESIAN_POINT ( 'NONE',  ( -10.62712255461673649, 12.09999999999999254, -37.37460308772480744 ) ) ;
#6793 = CARTESIAN_POINT ( 'NONE',  ( 5.297386856978961056, -2.602085213965210642E-15, -29.29999999999998650 ) ) ;
#6794 = LINE ( 'NONE', #3287, #5953 ) ;
#6795 = DIRECTION ( 'NONE',  ( -9.366785582234730440E-17, -1.000000000000000000, -0.000000000000000000 ) ) ;
#6796 = CIRCLE ( 'NONE', #3210, 1.049999999999998934 ) ;
#6797 = FACE_OUTER_BOUND ( 'NONE', #981, .T. ) ;
#6798 = B_SPLINE_CURVE_WITH_KNOTS ( 'NONE', 2,
 ( #3434, #2835, #2086 ),
 .UNSPECIFIED., .F., .F.,
 ( 3, 3 ),
 ( 0.9734491161897007583, 0.9810268393951432353 ),
 .UNSPECIFIED. ) ;
#6799 = EDGE_LOOP ( 'NONE', ( #2143, #7089, #4649, #7886, #5959 ) ) ;
#6800 = ORIENTED_EDGE ( 'NONE', *, *, #4226, .F. ) ;
#6801 = VERTEX_POINT ( 'NONE', #1367 ) ;
#6802 = ADVANCED_FACE ( 'NONE', ( #7061 ), #3675, .T. ) ;
#6803 = PLANE ( 'NONE',  #3523 ) ;
#6804 = CARTESIAN_POINT ( 'NONE',  ( -1.001821151708747859, 14.52374189594362264, -35.16616359416889281 ) ) ;
#6805 = LINE ( 'NONE', #5352, #2695 ) ;
#6806 = DIRECTION ( 'NONE',  ( 0.000000000000000000, -1.000000000000000000, 0.000000000000000000 ) ) ;
#6807 = CARTESIAN_POINT ( 'NONE',  ( 19.13882745303229527, -12.89685001661616681, -25.51493394246934798 ) ) ;
#6808 = DIRECTION ( 'NONE',  ( 0.000000000000000000, 0.000000000000000000, -1.000000000000000000 ) ) ;
#6809 = EDGE_CURVE ( 'NONE', #8328, #5278, #928, .T. ) ;
#6810 = AXIS2_PLACEMENT_3D ( 'NONE', #6003, #7486, #6707 ) ;
#6811 = CIRCLE ( 'NONE', #2022, 1.049999999999995381 ) ;
#6812 = EDGE_LOOP ( 'NONE', ( #4877, #806, #9001, #7841 ) ) ;
#6813 = VERTEX_POINT ( 'NONE', #7966 ) ;
#6814 = ORIENTED_EDGE ( 'NONE', *, *, #8228, .F. ) ;
#6815 = ADVANCED_FACE ( 'NONE', ( #6584 ), #1628, .F. ) ;
#6816 = VECTOR ( 'NONE', #7036, 1000.000000000000000 ) ;
#6817 = DIRECTION ( 'NONE',  ( -0.7071067811865513475, 0.000000000000000000, -0.7071067811865436870 ) ) ;
#6818 = DIRECTION ( 'NONE',  ( -1.000000000000000000, 0.000000000000000000, -2.881657216719182496E-16 ) ) ;
#6819 = CARTESIAN_POINT ( 'NONE',  ( -10.37500000000001243, -13.52319297599677128, -0.9859850829924449167 ) ) ;
#6820 = AXIS2_PLACEMENT_3D ( 'NONE', #285, #465, #1035 ) ;
#6821 = FACE_OUTER_BOUND ( 'NONE', #4726, .T. ) ;
#6822 = CARTESIAN_POINT ( 'NONE',  ( -26.57312149030234849, 8.474578549580378706, 1.133292251075877832 ) ) ;
#6823 = DIRECTION ( 'NONE',  ( 1.000000000000000000, -0.000000000000000000, 2.881657216719182496E-16 ) ) ;
#6824 = ADVANCED_FACE ( 'NONE', ( #926, #1411, #4416, #2812, #8494, #181, #7016 ), #6369, .T. ) ;
#6825 = ORIENTED_EDGE ( 'NONE', *, *, #4600, .F. ) ;
#6826 = VECTOR ( 'NONE', #4647, 1000.000000000000000 ) ;
#6827 = VERTEX_POINT ( 'NONE', #664 ) ;
#6828 = EDGE_LOOP ( 'NONE', ( #6390, #3011, #499, #3957 ) ) ;
#6829 = CARTESIAN_POINT ( 'NONE',  ( -24.89842205948451692, -12.14945700914993232, -1.049819003049969224 ) ) ;
#6830 = DIRECTION ( 'NONE',  ( 1.000000000000000000, -0.000000000000000000, 2.881657216719182496E-16 ) ) ;
#6831 = DIRECTION ( 'NONE',  ( 1.000000000000000000, -0.000000000000000000, 2.881657216719182496E-16 ) ) ;
#6832 = DIRECTION ( 'NONE',  ( -0.8314380909136944720, -0.5556174052149477349, 1.250236395752228489E-14 ) ) ;
#6833 = AXIS2_PLACEMENT_3D ( 'NONE', #3227, #1823, #2478 ) ;
#6834 = CARTESIAN_POINT ( 'NONE',  ( -22.68383983288926942, -4.135131146963783699, 19.87131246365265014 ) ) ;
#6835 = PLANE ( 'NONE',  #4512 ) ;
#6836 = LINE ( 'NONE', #428, #3995 ) ;
#6837 = ORIENTED_EDGE ( 'NONE', *, *, #4714, .T. ) ;
#6838 = EDGE_LOOP ( 'NONE', ( #8242, #5030, #3911, #9124 ) ) ;
#6839 = ORIENTED_EDGE ( 'NONE', *, *, #3335, .F. ) ;
#6840 = ADVANCED_FACE ( 'NONE', ( #3025 ), #6631, .F. ) ;
#6841 = CARTESIAN_POINT ( 'NONE',  ( -11.07500000000001528, 2.624999999999998668, 17.50336663013171545 ) ) ;
#6842 = AXIS2_PLACEMENT_3D ( 'NONE', #2612, #6832, #4796 ) ;
#6843 = CARTESIAN_POINT ( 'NONE',  ( -13.57500000000000995, 11.99999999999999645, -7.381296623649907229E-15 ) ) ;
#6844 = EDGE_CURVE ( 'NONE', #1946, #7711, #3719, .T. ) ;
#6845 = AXIS2_PLACEMENT_3D ( 'NONE', #1785, #8788, #8838 ) ;
#6846 = CARTESIAN_POINT ( 'NONE',  ( -24.02484563354174796, -10.23950841274056067, 8.966236987541147840 ) ) ;
#6847 = CARTESIAN_POINT ( 'NONE',  ( 20.62499999999998934, 2.624999999999995559, 25.64663336986832576 ) ) ;
#6848 = DIRECTION ( 'NONE',  ( -0.000000000000000000, 0.000000000000000000, -1.000000000000000000 ) ) ;
#6849 = AXIS2_PLACEMENT_3D ( 'NONE', #8391, #9099, #6921 ) ;
#6850 = ORIENTED_EDGE ( 'NONE', *, *, #7596, .T. ) ;
#6851 = VERTEX_POINT ( 'NONE', #5656 ) ;
#6852 = CIRCLE ( 'NONE', #3698, 20.00000000000000000 ) ;
#6853 = CARTESIAN_POINT ( 'NONE',  ( 20.62499999999998934, 2.624999999999995559, 27.64663336986832576 ) ) ;
#6854 = LINE ( 'NONE', #6058, #7319 ) ;
#6855 = DIRECTION ( 'NONE',  ( -0.7071067811865426878, 3.693093820828798296E-16, 0.7071067811865523467 ) ) ;
#6856 = CARTESIAN_POINT ( 'NONE',  ( -19.03986832165291432, -15.00000000000000000, -37.29999999738642202 ) ) ;
#6857 = CARTESIAN_POINT ( 'NONE',  ( 22.56627866080042821, 12.50566558229491321, 0.000000000000000000 ) ) ;
#6858 = EDGE_CURVE ( 'NONE', #9067, #3353, #9202, .T. ) ;
#6859 = ORIENTED_EDGE ( 'NONE', *, *, #3762, .T. ) ;
#6860 = ORIENTED_EDGE ( 'NONE', *, *, #4826, .T. ) ;
#6861 = ORIENTED_EDGE ( 'NONE', *, *, #5809, .T. ) ;
#6862 = CARTESIAN_POINT ( 'NONE',  ( -4.575000000000009948, 0.000000000000000000, -13.04999999999999893 ) ) ;
#6863 = CARTESIAN_POINT ( 'NONE',  ( -14.70261314302102917, 2.428612866367529427E-13, -37.97280655551546147 ) ) ;
#6864 = FACE_OUTER_BOUND ( 'NONE', #8724, .T. ) ;
#6865 = PLANE ( 'NONE',  #8894 ) ;
#6866 = ORIENTED_EDGE ( 'NONE', *, *, #3899, .T. ) ;
#6867 = ORIENTED_EDGE ( 'NONE', *, *, #2919, .T. ) ;
#6868 = VERTEX_POINT ( 'NONE', #7107 ) ;
#6869 = CARTESIAN_POINT ( 'NONE',  ( -16.57500000000001350, -2.624999999999998668, 18.55336663013170906 ) ) ;
#6870 = DIRECTION ( 'NONE',  ( -1.000000000000000000, -0.000000000000000000, -1.765621858500567205E-16 ) ) ;
#6871 = ADVANCED_FACE ( 'NONE', ( #2110 ), #4954, .F. ) ;
#6872 = DIRECTION ( 'NONE',  ( 1.000000000000000000, 0.000000000000000000, 2.881657216719182496E-16 ) ) ;
#6873 = LINE ( 'NONE', #6129, #1320 ) ;
#6874 = CARTESIAN_POINT ( 'NONE',  ( -11.07500000000001528, 2.624999999999998668, 18.55336663013171261 ) ) ;
#6875 = CARTESIAN_POINT ( 'NONE',  ( -26.62500000000001066, -2.624999999999998668, 19.60336663013170622 ) ) ;
#6876 = DIRECTION ( 'NONE',  ( -2.164016633576080887E-32, -1.000000000000000000, 7.509625437129028195E-17 ) ) ;
#6877 = ORIENTED_EDGE ( 'NONE', *, *, #5262, .T. ) ;
#6878 = ORIENTED_EDGE ( 'NONE', *, *, #8699, .T. ) ;
#6879 = ORIENTED_EDGE ( 'NONE', *, *, #751, .F. ) ;
#6880 = DIRECTION ( 'NONE',  ( -2.037639358997283667E-16, -0.7071067811865486830, 0.7071067811865464625 ) ) ;
#6881 = EDGE_CURVE ( 'NONE', #9174, #4783, #7800, .T. ) ;
#6882 = EDGE_CURVE ( 'NONE', #5819, #7078, #5879, .T. ) ;
#6883 = CARTESIAN_POINT ( 'NONE',  ( -5.609770168984701044, -12.10000000000000675, -34.36516802601585852 ) ) ;
#6884 = CARTESIAN_POINT ( 'NONE',  ( -19.01212041546281739, -14.32379000772480993, -1.774596669241595981 ) ) ;
#6885 = AXIS2_PLACEMENT_3D ( 'NONE', #2590, #400, #1152 ) ;
#6886 = CARTESIAN_POINT ( 'NONE',  ( -10.37500000000001066, 10.87962713085240196, 0.000000000000000000 ) ) ;
#6887 = CARTESIAN_POINT ( 'NONE',  ( -10.37500000000000178, 14.88096929338442109, -4.000000000000000000 ) ) ;
#6888 = EDGE_CURVE ( 'NONE', #4625, #6414, #224, .T. ) ;
#6889 = VERTEX_POINT ( 'NONE', #7318 ) ;
#6890 = ADVANCED_FACE ( 'NONE', ( #3072 ), #5927, .F. ) ;
#6891 = EDGE_CURVE ( 'NONE', #4867, #4495, #9155, .T. ) ;
#6892 = VECTOR ( 'NONE', #5860, 1000.000000000000000 ) ;
#6893 = ORIENTED_EDGE ( 'NONE', *, *, #3055, .T. ) ;
#6894 = DIRECTION ( 'NONE',  ( 0.000000000000000000, 0.000000000000000000, 1.000000000000000000 ) ) ;
#6895 = PLANE ( 'NONE',  #1213 ) ;
#6896 = LINE ( 'NONE', #2681, #2665 ) ;
#6897 = CARTESIAN_POINT ( 'NONE',  ( 17.16012841395664523, -13.10651337456584820, -25.84031627329820680 ) ) ;
#6898 = CARTESIAN_POINT ( 'NONE',  ( -23.39125856442336726, -11.02264131153404136, 8.605745400281714197 ) ) ;
#6899 = VERTEX_POINT ( 'NONE', #1719 ) ;
#6900 = VECTOR ( 'NONE', #2331, 999.9999999999998863 ) ;
#6901 = ORIENTED_EDGE ( 'NONE', *, *, #2253, .F. ) ;
#6902 = ORIENTED_EDGE ( 'NONE', *, *, #6709, .F. ) ;
#6903 = CARTESIAN_POINT ( 'NONE',  ( 20.62499999999998934, 2.624999999999998668, 18.55336663013172327 ) ) ;
#6904 = CARTESIAN_POINT ( 'NONE',  ( 5.297386856978961056, -2.602085213965210642E-15, -36.29999999999998295 ) ) ;
#6905 = DIRECTION ( 'NONE',  ( 0.000000000000000000, 0.000000000000000000, -1.000000000000000000 ) ) ;
#6906 = DIRECTION ( 'NONE',  ( 2.478176394252581634E-16, 0.000000000000000000, -1.000000000000000000 ) ) ;
#6907 = VECTOR ( 'NONE', #5024, 1000.000000000000000 ) ;
#6908 = AXIS2_PLACEMENT_3D ( 'NONE', #4263, #2223, #7259 ) ;
#6909 = CARTESIAN_POINT ( 'NONE',  ( -25.69650844154543989, -11.63373854912748229, -0.8779128497091531758 ) ) ;
#6910 = ORIENTED_EDGE ( 'NONE', *, *, #956, .T. ) ;
#6911 = ORIENTED_EDGE ( 'NONE', *, *, #7625, .T. ) ;
#6912 = B_SPLINE_CURVE_WITH_KNOTS ( 'NONE', 3,
 ( #8555, #6384, #2170, #7717 ),
 .UNSPECIFIED., .F., .F.,
 ( 4, 4 ),
 ( 0.000000000000000000, 0.005461240385955849763 ),
 .UNSPECIFIED. ) ;
#6913 = CARTESIAN_POINT ( 'NONE',  ( -25.98108663323637302, -10.22068340119508356, -0.4068944670649418671 ) ) ;
#6914 = CARTESIAN_POINT ( 'NONE',  ( -4.574999999999995737, 7.200000000000004619, -13.04999999999999893 ) ) ;
#6915 = AXIS2_PLACEMENT_3D ( 'NONE', #5647, #4846, #9146 ) ;
#6916 = CARTESIAN_POINT ( 'NONE',  ( 18.17312819401016100, -11.99999999999999645, 1.000000000000005329 ) ) ;
#6917 = CARTESIAN_POINT ( 'NONE',  ( -19.12649554331252233, -14.99981966397804278, 2.980156864938065380E-13 ) ) ;
#6918 = PLANE ( 'NONE',  #257 ) ;
#6919 = PLANE ( 'NONE',  #5273 ) ;
#6920 = EDGE_CURVE ( 'NONE', #5321, #5604, #5362, .T. ) ;
#6921 = DIRECTION ( 'NONE',  ( 0.000000000000000000, 0.000000000000000000, -1.000000000000000000 ) ) ;
#6922 = ORIENTED_EDGE ( 'NONE', *, *, #5809, .F. ) ;
#6923 = ORIENTED_EDGE ( 'NONE', *, *, #7488, .T. ) ;
#6924 = ORIENTED_EDGE ( 'NONE', *, *, #3968, .F. ) ;
#6925 = EDGE_CURVE ( 'NONE', #7021, #2587, #7371, .T. ) ;
#6926 = DIRECTION ( 'NONE',  ( 0.000000000000000000, -1.084202172485503941E-16, 1.000000000000000000 ) ) ;
#6927 = FACE_OUTER_BOUND ( 'NONE', #1927, .T. ) ;
#6928 = CARTESIAN_POINT ( 'NONE',  ( 16.62499999999998934, -11.99999999999999645, 15.00000000000000178 ) ) ;
#6929 = FACE_OUTER_BOUND ( 'NONE', #1540, .T. ) ;
#6930 = CARTESIAN_POINT ( 'NONE',  ( -24.62499999999998934, -8.000000000000000000, -39.29999999999999005 ) ) ;
#6931 = CARTESIAN_POINT ( 'NONE',  ( -11.11262648334069070, -11.46104034030320307, -35.43051245954008976 ) ) ;
#6932 = VECTOR ( 'NONE', #2333, 1000.000000000000000 ) ;
#6933 = ORIENTED_EDGE ( 'NONE', *, *, #9092, .F. ) ;
#6934 = ORIENTED_EDGE ( 'NONE', *, *, #3561, .F. ) ;
#6935 = ADVANCED_FACE ( 'NONE', ( #8813 ), #3811, .F. ) ;
#6936 = CARTESIAN_POINT ( 'NONE',  ( 25.40308702607473279, -12.15719045456846992, 0.000000000000000000 ) ) ;
#6937 = VECTOR ( 'NONE', #2075, 1000.000000000000000 ) ;
#6938 = PLANE ( 'NONE',  #5087 ) ;
#6939 = DIRECTION ( 'NONE',  ( 0.000000000000000000, 0.000000000000000000, -1.000000000000000000 ) ) ;
#6940 = CARTESIAN_POINT ( 'NONE',  ( 15.12499999999998757, 0.000000000000000000, 23.10000000000001918 ) ) ;
#6941 = DIRECTION ( 'NONE',  ( -4.336808689942019708E-16, 0.000000000000000000, 1.000000000000000000 ) ) ;
#6942 = VERTEX_POINT ( 'NONE', #3306 ) ;
#6943 = EDGE_LOOP ( 'NONE', ( #878, #4962, #2082, #8564, #6699, #7411, #7626, #6481 ) ) ;
#6944 = ORIENTED_EDGE ( 'NONE', *, *, #5339, .T. ) ;
#6945 = EDGE_LOOP ( 'NONE', ( #820, #7635, #527, #4544, #7001, #3550 ) ) ;
#6946 = CARTESIAN_POINT ( 'NONE',  ( -13.57500000000001350, -9.475357003913027043, 9.730388396368685022 ) ) ;
#6947 = ADVANCED_FACE ( 'NONE', ( #6864 ), #8246, .F. ) ;
#6948 = CARTESIAN_POINT ( 'NONE',  ( 21.82796352931762129, -11.99999999999999645, 0.2693243528809147747 ) ) ;
#6949 = CARTESIAN_POINT ( 'NONE',  ( -22.57500000000000995, -11.99999999999999645, -0.2792407799438650362 ) ) ;
#6950 = EDGE_CURVE ( 'NONE', #2419, #7711, #1185, .T. ) ;
#6951 = CARTESIAN_POINT ( 'NONE',  ( 22.62499999999999645, 11.99999999999999645, 0.8672861625754167969 ) ) ;
#6952 = AXIS2_PLACEMENT_3D ( 'NONE', #4156, #2814, #4068 ) ;
#6953 = DIRECTION ( 'NONE',  ( -1.000000000000000000, -0.000000000000000000, -2.881657216719182496E-16 ) ) ;
#6955 = ORIENTED_EDGE ( 'NONE', *, *, #7851, .T. ) ;
#6954 = CIRCLE ( 'NONE', #4104, 1.049999999999998934 ) ;
#6956 = ORIENTED_EDGE ( 'NONE', *, *, #1403, .T. ) ;
#6957 = AXIS2_PLACEMENT_3D ( 'NONE', #5365, #7464, #3862 ) ;
#6958 = CARTESIAN_POINT ( 'NONE',  ( -25.84377326067533431, -10.38441971753787385, 0.3781960415407557563 ) ) ;
#6959 = CARTESIAN_POINT ( 'NONE',  ( 9.631932208785517702, -13.81045463720193567, -30.19740901141547695 ) ) ;
#6960 = CARTESIAN_POINT ( 'NONE',  ( 7.675000000000005151, 10.10000000000000497, -13.04999999999999893 ) ) ;
#6961 = AXIS2_PLACEMENT_3D ( 'NONE', #4820, #1284, #7536 ) ;
#6962 = DIRECTION ( 'NONE',  ( 1.000000000000000000, -0.000000000000000000, 2.881657216719182496E-16 ) ) ;
#6963 = CARTESIAN_POINT ( 'NONE',  ( 12.45578095777205263, 13.84965445763293523, -14.71162305431274930 ) ) ;
#6964 = CARTESIAN_POINT ( 'NONE',  ( 15.12499999999998579, 2.624999999999998668, 18.55336663013171972 ) ) ;
#6965 = LINE ( 'NONE', #3279, #8314 ) ;
#6966 = EDGE_CURVE ( 'NONE', #3539, #6969, #4510, .T. ) ;
#6967 = ORIENTED_EDGE ( 'NONE', *, *, #4360, .F. ) ;
#6968 = ORIENTED_EDGE ( 'NONE', *, *, #7923, .T. ) ;
#6969 = VERTEX_POINT ( 'NONE', #2467 ) ;
#6970 = CARTESIAN_POINT ( 'NONE',  ( 20.62499999999998934, -5.250000000000000000, 23.10000000000002274 ) ) ;
#6971 = CARTESIAN_POINT ( 'NONE',  ( -14.70261314302103450, 1.078496472737783929, -37.97280655551546857 ) ) ;
#6972 = VECTOR ( 'NONE', #2434, 1000.000000000000000 ) ;
#6973 = EDGE_CURVE ( 'NONE', #5413, #5829, #4741, .T. ) ;
#6974 = CARTESIAN_POINT ( 'NONE',  ( 12.09663533469265850, 12.63549231059922917, -30.07587669752228265 ) ) ;
#6975 = FACE_OUTER_BOUND ( 'NONE', #7868, .T. ) ;
#6976 = DIRECTION ( 'NONE',  ( 0.000000000000000000, 0.000000000000000000, -1.000000000000000000 ) ) ;
#6977 = CARTESIAN_POINT ( 'NONE',  ( -19.62499999999999645, -15.00000000000000000, -39.29999999999999005 ) ) ;
#6978 = CARTESIAN_POINT ( 'NONE',  ( -11.61106307130703108, -14.91261882974663067, -17.37083938215697643 ) ) ;
#6979 = ORIENTED_EDGE ( 'NONE', *, *, #8644, .F. ) ;
#6980 = ORIENTED_EDGE ( 'NONE', *, *, #4421, .T. ) ;
#6981 = DIRECTION ( 'NONE',  ( -1.000000000000000000, 0.000000000000000000, 0.000000000000000000 ) ) ;
#6982 = CARTESIAN_POINT ( 'NONE',  ( -24.56360250122320110, -7.750674124307680657, 9.440843029911972550 ) ) ;
#6983 = CARTESIAN_POINT ( 'NONE',  ( 26.62314329690225989, -11.12106296318541077, -12.34207576993974165 ) ) ;
#6984 = LINE ( 'NONE', #5013, #8411 ) ;
#6985 = EDGE_CURVE ( 'NONE', #1087, #2235, #6156, .T. ) ;
#6986 = CARTESIAN_POINT ( 'NONE',  ( -22.60640312694456000, -6.252100879170506609, 21.36423295541333545 ) ) ;
#6987 = FACE_OUTER_BOUND ( 'NONE', #1350, .T. ) ;
#6988 = AXIS2_PLACEMENT_3D ( 'NONE', #3603, #5806, #1462 ) ;
#6989 = VERTEX_POINT ( 'NONE', #3122 ) ;
#6990 = AXIS2_PLACEMENT_3D ( 'NONE', #5341, #1699, #1788 ) ;
#6991 = ORIENTED_EDGE ( 'NONE', *, *, #7042, .T. ) ;
#6992 = ORIENTED_EDGE ( 'NONE', *, *, #8976, .T. ) ;
#6993 = VERTEX_POINT ( 'NONE', #8950 ) ;
#6994 = CARTESIAN_POINT ( 'NONE',  ( -10.37500000000000178, 14.88096929338441932, -3.735846624530249738 ) ) ;
#6995 = DIRECTION ( 'NONE',  ( 1.000000000000000000, -0.000000000000000000, 2.881657216719182496E-16 ) ) ;
#6996 = DIRECTION ( 'NONE',  ( 1.000000000000000000, -0.000000000000000000, 2.881657216719182496E-16 ) ) ;
#6997 = PLANE ( 'NONE',  #8108 ) ;
#6998 = VECTOR ( 'NONE', #5248, 1000.000000000000000 ) ;
#6999 = CARTESIAN_POINT ( 'NONE',  ( -16.57500000000001350, -5.250000000000000000, 23.10000000000001208 ) ) ;
#7000 = ORIENTED_EDGE ( 'NONE', *, *, #4869, .F. ) ;
#7001 = ORIENTED_EDGE ( 'NONE', *, *, #1449, .T. ) ;
#7002 = EDGE_CURVE ( 'NONE', #8609, #4880, #7339, .T. ) ;
#7003 = CARTESIAN_POINT ( 'NONE',  ( 23.05218785358641043, 12.44769176130746580, 6.993010961188718858E-13 ) ) ;
#7004 = PLANE ( 'NONE',  #2499 ) ;
#7005 = LINE ( 'NONE', #8436, #1706 ) ;
#7006 = CARTESIAN_POINT ( 'NONE',  ( -25.16583269131957223, 7.099999999999994316, -30.13015151901649347 ) ) ;
#7007 = CARTESIAN_POINT ( 'NONE',  ( -22.57500000000002771, 3.249999999999997335, 23.10000000000000853 ) ) ;
#7008 = DIRECTION ( 'NONE',  ( -1.000000000000000000, 0.000000000000000000, -2.881657216719182496E-16 ) ) ;
#7009 = FACE_OUTER_BOUND ( 'NONE', #8806, .T. ) ;
#7010 = ORIENTED_EDGE ( 'NONE', *, *, #5502, .F. ) ;
#7011 = ORIENTED_EDGE ( 'NONE', *, *, #7835, .F. ) ;
#7012 = ORIENTED_EDGE ( 'NONE', *, *, #5441, .T. ) ;
#7013 = DIRECTION ( 'NONE',  ( 0.000000000000000000, 0.000000000000000000, 1.000000000000000000 ) ) ;
#7014 = DIRECTION ( 'NONE',  ( 0.000000000000000000, 7.509625437129028195E-17, 1.000000000000000000 ) ) ;
#7015 = CARTESIAN_POINT ( 'NONE',  ( 17.62499999999998934, -11.99999999999999467, 23.10000000000002274 ) ) ;
#7016 = FACE_OUTER_BOUND ( 'NONE', #328, .T. ) ;
#7017 = PLANE ( 'NONE',  #4296 ) ;
#7018 = CARTESIAN_POINT ( 'NONE',  ( 23.59726714274919601, -11.88505731998151305, 0.8670413660572224845 ) ) ;
#7019 = DIRECTION ( 'NONE',  ( 1.765621858500567205E-16, 0.000000000000000000, -1.000000000000000000 ) ) ;
#7020 = ORIENTED_EDGE ( 'NONE', *, *, #4711, .F. ) ;
#7021 = VERTEX_POINT ( 'NONE', #3904 ) ;
#7022 = CARTESIAN_POINT ( 'NONE',  ( 4.329014785873203763, 14.78421494571413852, -25.09076719210116124 ) ) ;
#7023 = VECTOR ( 'NONE', #3607, 1000.000000000000000 ) ;
#7024 = DIRECTION ( 'NONE',  ( -1.000000000000000000, 0.000000000000000000, 0.000000000000000000 ) ) ;
#7025 = LINE ( 'NONE', #4871, #2112 ) ;
#7026 = CARTESIAN_POINT ( 'NONE',  ( -13.57500000000000639, -13.64554666065673061, -1.036287469454227894 ) ) ;
#7027 = CARTESIAN_POINT ( 'NONE',  ( 13.16965708596492313, 13.49610295378894698, -25.00000000000000355 ) ) ;
#7028 = CARTESIAN_POINT ( 'NONE',  ( -26.42189189707316288, 9.232224224332915341, 0.8339540929974241790 ) ) ;
#7029 = VECTOR ( 'NONE', #9228, 1000.000000000000000 ) ;
#7030 = CARTESIAN_POINT ( 'NONE',  ( -13.57500000000001705, 0.000000000000000000, 23.10000000000001208 ) ) ;
#7031 = CIRCLE ( 'NONE', #7475, 1.049999999999995381 ) ;
#7032 = ORIENTED_EDGE ( 'NONE', *, *, #4413, .F. ) ;
#7033 = VERTEX_POINT ( 'NONE', #6022 ) ;
#7034 = ORIENTED_EDGE ( 'NONE', *, *, #5020, .T. ) ;
#7035 = ORIENTED_EDGE ( 'NONE', *, *, #3332, .F. ) ;
#7036 = DIRECTION ( 'NONE',  ( 9.366785582234730440E-17, 1.000000000000000000, 0.000000000000000000 ) ) ;
#7037 = ADVANCED_FACE ( 'NONE', ( #8862 ), #483, .F. ) ;
#7038 = CARTESIAN_POINT ( 'NONE',  ( -26.62499999999998934, -10.10000000000000853, -33.09999999999998721 ) ) ;
#7039 = CARTESIAN_POINT ( 'NONE',  ( 10.11240787337697711, 14.76772139684163143, -15.00000000000000000 ) ) ;
#7040 = CARTESIAN_POINT ( 'NONE',  ( 14.25239222186490728, 8.329815395462714989, -28.86724688831316143 ) ) ;
#7041 = ORIENTED_EDGE ( 'NONE', *, *, #261, .T. ) ;
#7042 = EDGE_CURVE ( 'NONE', #8541, #303, #4860, .T. ) ;
#7043 = ORIENTED_EDGE ( 'NONE', *, *, #7453, .F. ) ;
#7044 = CARTESIAN_POINT ( 'NONE',  ( -25.00539769523838984, -11.21734476221694976, 0.04543431450217328554 ) ) ;
#7045 = VECTOR ( 'NONE', #6611, 1000.000000000000000 ) ;
#7046 = DIRECTION ( 'NONE',  ( 0.000000000000000000, 0.000000000000000000, -1.000000000000000000 ) ) ;
#7047 = EDGE_CURVE ( 'NONE', #3503, #3900, #2189, .T. ) ;
#7048 = FACE_OUTER_BOUND ( 'NONE', #5545, .T. ) ;
#7049 = CARTESIAN_POINT ( 'NONE',  ( 26.62500000000000000, -11.12083830918277094, -12.03976285529074097 ) ) ;
#7050 = CARTESIAN_POINT ( 'NONE',  ( 12.22901478587320234, 14.34184366802959687, -14.98212356065613449 ) ) ;
#7051 = CARTESIAN_POINT ( 'NONE',  ( 4.329014785873203763, 14.78421494571413852, -25.09076719210116124 ) ) ;
#7052 = EDGE_CURVE ( 'NONE', #933, #647, #6396, .T. ) ;
#7053 = CARTESIAN_POINT ( 'NONE',  ( -13.57500000000001172, -10.59999999999999609, 8.605745400281712421 ) ) ;
#7054 = ORIENTED_EDGE ( 'NONE', *, *, #4132, .F. ) ;
#7055 = VERTEX_POINT ( 'NONE', #9229 ) ;
#7056 = AXIS2_PLACEMENT_3D ( 'NONE', #6569, #115, #3795 ) ;
#7057 = ORIENTED_EDGE ( 'NONE', *, *, #8760, .T. ) ;
#7058 = CARTESIAN_POINT ( 'NONE',  ( 16.62499999999998934, 11.99999999999999645, 15.00000000000000178 ) ) ;
#7059 = CARTESIAN_POINT ( 'NONE',  ( -13.98006739630793582, 5.354831478796453048, -37.88448619138707585 ) ) ;
#7060 = CARTESIAN_POINT ( 'NONE',  ( -26.62500000000000000, 9.310615263082210546, 0.1946717379864138786 ) ) ;
#7061 = FACE_OUTER_BOUND ( 'NONE', #2722, .T. ) ;
#7062 = EDGE_CURVE ( 'NONE', #5604, #3353, #546, .T. ) ;
#7063 = CARTESIAN_POINT ( 'NONE',  ( -10.43261184457493940, 14.88244887111398285, -29.19238815542516718 ) ) ;
#7065 = EDGE_CURVE ( 'NONE', #2850, #8068, #3487, .T. ) ;
#7064 = LINE ( 'NONE', #6977, #7243 ) ;
#7066 = CARTESIAN_POINT ( 'NONE',  ( -26.62499999999998934, 15.00000000000000000, -39.29999999999999005 ) ) ;
#7067 = CARTESIAN_POINT ( 'NONE',  ( -0.07145393557424167819, 15.46839443417567850, -15.00000000000000000 ) ) ;
#7068 = ORIENTED_EDGE ( 'NONE', *, *, #6599, .T. ) ;
#7069 = EDGE_LOOP ( 'NONE', ( #6728, #7034, #8723, #7343 ) ) ;
#7070 = CARTESIAN_POINT ( 'NONE',  ( -26.62499999999998934, 2.600000000000004086, -36.29999999999999005 ) ) ;
#7071 = CARTESIAN_POINT ( 'NONE',  ( 14.72536485939482986, 13.35090061129379180, -27.45921513419047244 ) ) ;
#7072 = LINE ( 'NONE', #2725, #5993 ) ;
#7073 = CARTESIAN_POINT ( 'NONE',  ( 26.13519879596549700, -11.17852425983052278, -15.89328234978797738 ) ) ;
#7074 = CARTESIAN_POINT ( 'NONE',  ( 7.732911556936730157, 13.95465449349613607, -25.00000000000000000 ) ) ;
#7075 = CARTESIAN_POINT ( 'NONE',  ( -22.76700014008163109, 4.612279695387782930, 18.81348123243321879 ) ) ;
#7076 = FACE_OUTER_BOUND ( 'NONE', #2954, .T. ) ;
#7077 = VERTEX_POINT ( 'NONE', #7639 ) ;
#7078 = VERTEX_POINT ( 'NONE', #4786 ) ;
#7079 = EDGE_LOOP ( 'NONE', ( #1903, #7615, #7126, #3321, #8327, #6776, #1270, #192 ) ) ;
#7080 = EDGE_CURVE ( 'NONE', #5580, #2923, #2738, .T. ) ;
#7081 = VECTOR ( 'NONE', #2798, 1000.000000000000000 ) ;
#7082 = ORIENTED_EDGE ( 'NONE', *, *, #2137, .T. ) ;
#7083 = CARTESIAN_POINT ( 'NONE',  ( -10.37500000000000888, 14.75350152460782382, -2.965096092583734855 ) ) ;
#7084 = CARTESIAN_POINT ( 'NONE',  ( -16.57500000000001350, 2.624999999999998668, 18.55336663013170906 ) ) ;
#7085 = DIRECTION ( 'NONE',  ( -1.000000000000000000, 0.000000000000000000, 0.000000000000000000 ) ) ;
#7086 = ADVANCED_FACE ( 'NONE', ( #5496 ), #1897, .F. ) ;
#7087 = DIRECTION ( 'NONE',  ( -9.366785582234730440E-17, -1.000000000000000000, 0.000000000000000000 ) ) ;
#7088 = VERTEX_POINT ( 'NONE', #2646 ) ;
#7089 = ORIENTED_EDGE ( 'NONE', *, *, #646, .F. ) ;
#7090 = CARTESIAN_POINT ( 'NONE',  ( -26.65650762668752805, -8.192146611609079088, 0.2692844627969868121 ) ) ;
#7091 = CARTESIAN_POINT ( 'NONE',  ( -16.70785900119915368, -14.98864628054480264, -37.17211171741701747 ) ) ;
#7092 = AXIS2_PLACEMENT_3D ( 'NONE', #1245, #3208, #6941 ) ;
#7093 = DIRECTION ( 'NONE',  ( 2.152597620521728983E-16, 0.6648241617864483199, -0.7469998888252570302 ) ) ;
#7094 = FACE_OUTER_BOUND ( 'NONE', #7367, .T. ) ;
#7095 = EDGE_CURVE ( 'NONE', #5727, #2676, #1298, .T. ) ;
#7096 = AXIS2_PLACEMENT_3D ( 'NONE', #5022, #5870, #1481 ) ;
#7097 = CARTESIAN_POINT ( 'NONE',  ( -13.57500000000001172, -10.59999999999999609, 6.505745400281710999 ) ) ;
#7098 = CARTESIAN_POINT ( 'NONE',  ( 8.788455200518033195, -12.94221008438548814, 5.146201610602705104E-15 ) ) ;
#7099 = ORIENTED_EDGE ( 'NONE', *, *, #8883, .F. ) ;
#7100 = VECTOR ( 'NONE', #4906, 1000.000000000000000 ) ;
#7101 = ORIENTED_EDGE ( 'NONE', *, *, #6809, .T. ) ;
#7102 = ORIENTED_EDGE ( 'NONE', *, *, #604, .F. ) ;
#7103 = CARTESIAN_POINT ( 'NONE',  ( -18.57500000000001705, 11.99999999999999467, 23.10000000000000853 ) ) ;
#7104 = VECTOR ( 'NONE', #7671, 1000.000000000000000 ) ;
#7105 = CARTESIAN_POINT ( 'NONE',  ( 17.62499999999999289, -11.99999999999999645, 15.00000000000000178 ) ) ;
#7106 = FACE_BOUND ( 'NONE', #1251, .T. ) ;
#7107 = CARTESIAN_POINT ( 'NONE',  ( 20.62499999999998934, -2.624999999999998668, 17.50336663013171545 ) ) ;
#7108 = DIRECTION ( 'NONE',  ( 1.000000000000000000, -0.000000000000000000, 2.881657216719182496E-16 ) ) ;
#7109 = CIRCLE ( 'NONE', #6069, 1.000000000000000888 ) ;
#7110 = B_SPLINE_CURVE_WITH_KNOTS ( 'NONE', 3,
 ( #6637, #3079, #8112, #5980 ),
 .UNSPECIFIED., .F., .F.,
 ( 4, 4 ),
 ( 0.000000000000000000, 0.002416975928111146123 ),
 .UNSPECIFIED. ) ;
#7111 = CARTESIAN_POINT ( 'NONE',  ( 7.809336465509159275, 14.95172983335250372, -15.00000000000000000 ) ) ;
#7112 = DIRECTION ( 'NONE',  ( 1.765621858500567205E-16, 0.000000000000000000, -1.000000000000000000 ) ) ;
#7113 = CARTESIAN_POINT ( 'NONE',  ( 3.110228397150251567, 15.28111667604485113, -15.00000000000000000 ) ) ;
#7114 = EDGE_CURVE ( 'NONE', #7793, #3514, #6463, .T. ) ;
#7115 = ORIENTED_EDGE ( 'NONE', *, *, #8406, .F. ) ;
#7116 = AXIS2_PLACEMENT_3D ( 'NONE', #8173, #4012, #6084 ) ;
#7117 = EDGE_CURVE ( 'NONE', #3257, #828, #4930, .T. ) ;
#7118 = VERTEX_POINT ( 'NONE', #1391 ) ;
#7119 = CARTESIAN_POINT ( 'NONE',  ( 20.62499999999998934, -2.624999999999998668, 18.55336663013171972 ) ) ;
#7120 = CARTESIAN_POINT ( 'NONE',  ( 20.62499999999998934, 5.250000000000000000, 21.10000000000002274 ) ) ;
#7121 = DIRECTION ( 'NONE',  ( -2.164016633576081161E-32, 1.000000000000000000, 7.509625437129028195E-17 ) ) ;
#7122 = LINE ( 'NONE', #722, #4444 ) ;
#7123 = DIRECTION ( 'NONE',  ( 1.000000000000000000, 0.000000000000000000, 0.000000000000000000 ) ) ;
#7124 = LINE ( 'NONE', #7212, #866 ) ;
#7125 = CARTESIAN_POINT ( 'NONE',  ( 7.829014785873203763, 14.78421494571413852, -14.98620650402077992 ) ) ;
#7126 = ORIENTED_EDGE ( 'NONE', *, *, #6266, .F. ) ;
#7127 = ORIENTED_EDGE ( 'NONE', *, *, #8198, .T. ) ;
#7128 = ORIENTED_EDGE ( 'NONE', *, *, #7599, .F. ) ;
#7129 = ORIENTED_EDGE ( 'NONE', *, *, #5156, .F. ) ;
#7130 = DIRECTION ( 'NONE',  ( 1.000000000000000000, 0.000000000000000000, 0.000000000000000000 ) ) ;
#7131 = CARTESIAN_POINT ( 'NONE',  ( 24.97799718031564709, 12.21094930979833393, -16.62823798630416761 ) ) ;
#7132 = FACE_OUTER_BOUND ( 'NONE', #610, .T. ) ;
#7133 = VECTOR ( 'NONE', #3701, 1000.000000000000000 ) ;
#7134 = DIRECTION ( 'NONE',  ( 1.000000000000000000, -0.000000000000000000, 2.881657216719182496E-16 ) ) ;
#7135 = ADVANCED_FACE ( 'NONE', ( #7595 ), #4131, .F. ) ;
#7136 = ORIENTED_EDGE ( 'NONE', *, *, #4807, .T. ) ;
#7137 = VERTEX_POINT ( 'NONE', #8425 ) ;
#7138 = AXIS2_PLACEMENT_3D ( 'NONE', #7340, #8079, #8925 ) ;
#7139 = CARTESIAN_POINT ( 'NONE',  ( 26.62500000000000000, 11.12083830918277094, -12.03976285529074097 ) ) ;
#7140 = CARTESIAN_POINT ( 'NONE',  ( -22.59037934465752784, -3.658758110039482592, 21.88140108261919181 ) ) ;
#7141 = AXIS2_PLACEMENT_3D ( 'NONE', #5296, #8134, #1049 ) ;
#7142 = CARTESIAN_POINT ( 'NONE',  ( -10.37500000000001066, -10.10000000000000853, 0.000000000000000000 ) ) ;
#7143 = CARTESIAN_POINT ( 'NONE',  ( 7.129014785873204474, 19.28421494571414030, -15.00000000000000000 ) ) ;
#7144 = CARTESIAN_POINT ( 'NONE',  ( 4.170350143146571043, 14.78421494571413852, -25.09561819265938354 ) ) ;
#7145 = FACE_OUTER_BOUND ( 'NONE', #3342, .T. ) ;
#7146 = EDGE_LOOP ( 'NONE', ( #2521, #740, #7930, #3105 ) ) ;
#7147 = EDGE_LOOP ( 'NONE', ( #4591, #8179, #8879, #1328 ) ) ;
#7148 = VERTEX_POINT ( 'NONE', #6207 ) ;
#7149 = CARTESIAN_POINT ( 'NONE',  ( -0.8976694187849413309, 14.52975329825958184, -25.77541080755363723 ) ) ;
#7150 = ADVANCED_FACE ( 'NONE', ( #6345 ), #4834, .F. ) ;
#7151 = DIRECTION ( 'NONE',  ( 0.000000000000000000, 0.000000000000000000, -1.000000000000000000 ) ) ;
#7152 = CARTESIAN_POINT ( 'NONE',  ( -8.885217428856984512, -14.16799923439409703, -38.29999999999999005 ) ) ;
#7153 = EDGE_CURVE ( 'NONE', #6039, #6479, #2431, .T. ) ;
#7154 = CARTESIAN_POINT ( 'NONE',  ( 17.62499999999999289, 7.000000000000000000, 13.50000000000000178 ) ) ;
#7155 = CARTESIAN_POINT ( 'NONE',  ( -23.01565510448672214, -3.143854680153646441, 16.61743156508820363 ) ) ;
#7156 = CARTESIAN_POINT ( 'NONE',  ( -26.62499999999999645, 14.32379000772444932, -1.774596669241476965 ) ) ;
#7157 = DIRECTION ( 'NONE',  ( 0.000000000000000000, -0.000000000000000000, 1.000000000000000000 ) ) ;
#7158 = EDGE_CURVE ( 'NONE', #475, #2769, #8377, .T. ) ;
#7159 = ORIENTED_EDGE ( 'NONE', *, *, #4236, .F. ) ;
#7160 = ADVANCED_FACE ( 'NONE', ( #5448 ), #688, .T. ) ;
#7161 = FACE_OUTER_BOUND ( 'NONE', #486, .T. ) ;
#7162 = CARTESIAN_POINT ( 'NONE',  ( 15.12499999999998579, 5.250000000000000000, 23.10000000000001918 ) ) ;
#7163 = CARTESIAN_POINT ( 'NONE',  ( 17.62242611842670925, 13.05839381543651534, -25.50400650110115564 ) ) ;
#7164 = CARTESIAN_POINT ( 'NONE',  ( -26.62499999999999645, -14.32379000772444577, -1.774596669241476299 ) ) ;
#7165 = CARTESIAN_POINT ( 'NONE',  ( -0.2944331577962674973, -0.6713044231705223019, -35.79999999999999005 ) ) ;
#7166 = ADVANCED_FACE ( 'NONE', ( #1345 ), #5614, .F. ) ;
#7167 = CARTESIAN_POINT ( 'NONE',  ( 4.428687323202458614, 15.19475616449375543, -25.00000000000000000 ) ) ;
#7168 = LINE ( 'NONE', #69, #8616 ) ;
#7169 = CARTESIAN_POINT ( 'NONE',  ( -0.07145393557424216391, 15.46839443417567672, -25.00000000000000000 ) ) ;
#7170 = EDGE_CURVE ( 'NONE', #2536, #8700, #7823, .T. ) ;
#7171 = ADVANCED_FACE ( 'NONE', ( #5774, #2274, #6485 ), #8717, .F. ) ;
#7172 = ORIENTED_EDGE ( 'NONE', *, *, #8688, .T. ) ;
#7173 = ORIENTED_EDGE ( 'NONE', *, *, #8110, .T. ) ;
#7174 = ORIENTED_EDGE ( 'NONE', *, *, #3628, .F. ) ;
#7175 = ORIENTED_EDGE ( 'NONE', *, *, #8615, .F. ) ;
#7176 = LINE ( 'NONE', #5678, #237 ) ;
#7177 = CARTESIAN_POINT ( 'NONE',  ( 21.76515566497414156, 11.67736401409413460, -23.15934521015133640 ) ) ;
#7178 = VECTOR ( 'NONE', #3215, 1000.000000000000000 ) ;
#7179 = CARTESIAN_POINT ( 'NONE',  ( -5.575000000000010836, -8.199999999999992184, -13.04999999999999893 ) ) ;
#7180 = DIRECTION ( 'NONE',  ( -2.164016633576080887E-32, -1.000000000000000000, 7.509625437129028195E-17 ) ) ;
#7181 = AXIS2_PLACEMENT_3D ( 'NONE', #8679, #3781, #236 ) ;
#7182 = ORIENTED_EDGE ( 'NONE', *, *, #5544, .F. ) ;
#7183 = ORIENTED_EDGE ( 'NONE', *, *, #5262, .F. ) ;
#7184 = CARTESIAN_POINT ( 'NONE',  ( -7.512631065905021721, 13.80953773308412735, -36.80249036367236215 ) ) ;
#7185 = DIRECTION ( 'NONE',  ( -1.000000000000000000, -0.000000000000000000, -2.881657216719182496E-16 ) ) ;
#7186 = DIRECTION ( 'NONE',  ( 1.000000000000000000, 0.000000000000000000, 0.000000000000000000 ) ) ;
#7187 = CARTESIAN_POINT ( 'NONE',  ( -23.80390023186746262, 9.639914138498133056, -35.79999999999999005 ) ) ;
#7188 = CARTESIAN_POINT ( 'NONE',  ( -24.62499999999998934, -8.000000000000000000, -37.79999999999998295 ) ) ;
#7189 = DIRECTION ( 'NONE',  ( -2.164016633576080887E-32, -1.000000000000000000, 7.509625437129028195E-17 ) ) ;
#7190 = ORIENTED_EDGE ( 'NONE', *, *, #7065, .T. ) ;
#7191 = ORIENTED_EDGE ( 'NONE', *, *, #6671, .F. ) ;
#7192 = VECTOR ( 'NONE', #4488, 1000.000000000000000 ) ;
#7193 = ORIENTED_EDGE ( 'NONE', *, *, #4700, .F. ) ;
#7194 = CARTESIAN_POINT ( 'NONE',  ( -19.62499999999999645, 15.00000000000000000, -39.29999999999999005 ) ) ;
#7195 = DIRECTION ( 'NONE',  ( -0.000000000000000000, 1.000000000000000000, -0.000000000000000000 ) ) ;
#7196 = CARTESIAN_POINT ( 'NONE',  ( 4.329014785873204652, 14.61724921274315570, -14.81811204477357080 ) ) ;
#7197 = CARTESIAN_POINT ( 'NONE',  ( -22.57500000000001705, -5.250000000000000000, 25.10000000000000853 ) ) ;
#7198 = EDGE_CURVE ( 'NONE', #3856, #7725, #4957, .T. ) ;
#7199 = CARTESIAN_POINT ( 'NONE',  ( 20.62499999999998934, -2.624999999999998668, 18.55336663013171972 ) ) ;
#7200 = AXIS2_PLACEMENT_3D ( 'NONE', #8331, #6254, #9084 ) ;
#7201 = CARTESIAN_POINT ( 'NONE',  ( 11.22901478587320234, 19.28421494571414030, -25.00000000000000000 ) ) ;
#7202 = DIRECTION ( 'NONE',  ( 1.000000000000000000, -0.000000000000000000, 2.881657216719182496E-16 ) ) ;
#7203 = CIRCLE ( 'NONE', #8685, 20.00000000000000000 ) ;
#7204 = EDGE_CURVE ( 'NONE', #2398, #4016, #2231, .T. ) ;
#7205 = ORIENTED_EDGE ( 'NONE', *, *, #576, .F. ) ;
#7206 = CARTESIAN_POINT ( 'NONE',  ( -23.16053390593261696, 15.00000000000000000, -10.53553390593271288 ) ) ;
#7207 = CARTESIAN_POINT ( 'NONE',  ( -22.85691307550282403, -0.7270573227274510497, 17.90922468567066872 ) ) ;
#7208 = CARTESIAN_POINT ( 'NONE',  ( 15.12499999999998757, 0.000000000000000000, 23.10000000000001918 ) ) ;
#7209 = PLANE ( 'NONE',  #3444 ) ;
#7210 = CARTESIAN_POINT ( 'NONE',  ( 25.41680784814085570, -11.26230392786632883, -17.87989794941181287 ) ) ;
#7211 = CARTESIAN_POINT ( 'NONE',  ( -26.62500000000001066, 2.624999999999998668, 18.55336663013170551 ) ) ;
#7212 = CARTESIAN_POINT ( 'NONE',  ( 7.892821782178217838, -12.10000000000000142, -29.29999999999998650 ) ) ;
#7213 = CARTESIAN_POINT ( 'NONE',  ( 0.9290147858732040742, 19.28421494571414030, -15.00000000000000000 ) ) ;
#7214 = ORIENTED_EDGE ( 'NONE', *, *, #77, .T. ) ;
#7215 = VERTEX_POINT ( 'NONE', #4979 ) ;
#7216 = ADVANCED_FACE ( 'NONE', ( #7132, #1617 ), #4317, .F. ) ;
#7217 = VERTEX_POINT ( 'NONE', #2882 ) ;
#7218 = CARTESIAN_POINT ( 'NONE',  ( 4.014552563956081066, 14.82943822761377817, -14.92313128781573184 ) ) ;
#7219 = DIRECTION ( 'NONE',  ( 0.000000000000000000, 0.000000000000000000, 1.000000000000000000 ) ) ;
#7220 = DIRECTION ( 'NONE',  ( 0.000000000000000000, 0.000000000000000000, -1.000000000000000000 ) ) ;
#7221 = CARTESIAN_POINT ( 'NONE',  ( 26.44970116535354165, -12.02388938599139223, -14.51175551885958015 ) ) ;
#7222 = DIRECTION ( 'NONE',  ( -0.000000000000000000, -0.000000000000000000, -1.000000000000000000 ) ) ;
#7223 = CIRCLE ( 'NONE', #8404, 2.000000000000001776 ) ;
#7224 = ORIENTED_EDGE ( 'NONE', *, *, #5092, .T. ) ;
#7225 = ORIENTED_EDGE ( 'NONE', *, *, #5027, .T. ) ;
#7226 = EDGE_CURVE ( 'NONE', #2293, #9151, #4358, .T. ) ;
#7227 = EDGE_CURVE ( 'NONE', #8281, #8381, #7872, .T. ) ;
#7228 = CARTESIAN_POINT ( 'NONE',  ( -2.890335053985862768, 13.62805260103447758, -35.69241787870702609 ) ) ;
#7229 = LINE ( 'NONE', #881, #3841 ) ;
#7230 = CARTESIAN_POINT ( 'NONE',  ( 17.62499999999998934, 11.99999999999999467, 23.10000000000001918 ) ) ;
#7231 = TOROIDAL_SURFACE ( 'NONE', #7672, 16.00000000000000711, 4.000000000000000000 ) ;
#7232 = CARTESIAN_POINT ( 'NONE',  ( -24.02787956642205813, 11.75415036063200169, -0.9180501202108487524 ) ) ;
#7233 = DIRECTION ( 'NONE',  ( -0.000000000000000000, -0.000000000000000000, 1.000000000000000000 ) ) ;
#7234 = FACE_BOUND ( 'NONE', #1612, .T. ) ;
#7235 = VERTEX_POINT ( 'NONE', #4456 ) ;
#7236 = ORIENTED_EDGE ( 'NONE', *, *, #582, .T. ) ;
#7237 = ORIENTED_EDGE ( 'NONE', *, *, #2030, .T. ) ;
#7238 = LINE ( 'NONE', #847, #9039 ) ;
#7239 = CARTESIAN_POINT ( 'NONE',  ( 20.62499999999998934, 2.624999999999998668, 18.55336663013172327 ) ) ;
#7240 = CARTESIAN_POINT ( 'NONE',  ( 20.26593226740421727, -1.581287122135268675, -24.57408744190564676 ) ) ;
#7241 = DIRECTION ( 'NONE',  ( 4.956352788505163268E-16, 0.000000000000000000, -1.000000000000000000 ) ) ;
#7242 = DIRECTION ( 'NONE',  ( -0.6652809670318275970, -0.7465930852246063232, 0.000000000000000000 ) ) ;
#7243 = VECTOR ( 'NONE', #8401, 1000.000000000000000 ) ;
#7244 = DIRECTION ( 'NONE',  ( 0.000000000000000000, 0.000000000000000000, -1.000000000000000000 ) ) ;
#7245 = EDGE_CURVE ( 'NONE', #1819, #4125, #2574, .T. ) ;
#7246 = VECTOR ( 'NONE', #1074, 1000.000000000000000 ) ;
#7247 = DIRECTION ( 'NONE',  ( -1.000000000000000000, -0.000000000000000000, -2.881657216719182496E-16 ) ) ;
#7248 = VECTOR ( 'NONE', #7548, 1000.000000000000000 ) ;
#7249 = ORIENTED_EDGE ( 'NONE', *, *, #6488, .F. ) ;
#7250 = ADVANCED_FACE ( 'NONE', ( #8614 ), #5070, .F. ) ;
#7251 = CARTESIAN_POINT ( 'NONE',  ( -22.59037934465752784, 6.841241889960517852, 21.88140108261919181 ) ) ;
#7252 = DIRECTION ( 'NONE',  ( 1.000000000000000000, -0.000000000000000000, 2.881657216719182496E-16 ) ) ;
#7253 = AXIS2_PLACEMENT_3D ( 'NONE', #9152, #9197, #6926 ) ;
#7254 = DIRECTION ( 'NONE',  ( 0.3401922683575348549, -0.000000000000000000, 0.9403559010022508602 ) ) ;
#7255 = CARTESIAN_POINT ( 'NONE',  ( -13.96814575050769847, 10.10000000000000142, -32.72792206135788717 ) ) ;
#7256 = CARTESIAN_POINT ( 'NONE',  ( -14.70261314302104694, -0.5386094932510553379, -37.97280655551546857 ) ) ;
#7257 = DIRECTION ( 'NONE',  ( -1.000000000000000000, 0.000000000000000000, 0.000000000000000000 ) ) ;
#7258 = CARTESIAN_POINT ( 'NONE',  ( -26.62500000000001066, -5.250000000000000000, 23.10000000000000853 ) ) ;
#7259 = DIRECTION ( 'NONE',  ( 0.000000000000000000, 0.000000000000000000, -1.000000000000000000 ) ) ;
#7260 = CIRCLE ( 'NONE', #9192, 1.049999999999998934 ) ;
#7261 = EDGE_LOOP ( 'NONE', ( #612, #5515, #1110, #7000, #6676, #5855, #2873, #7908, #1122, #48, #5875, #7929 ) ) ;
#7262 = VERTEX_POINT ( 'NONE', #823 ) ;
#7263 = VERTEX_POINT ( 'NONE', #3665 ) ;
#7264 = DIRECTION ( 'NONE',  ( -1.000000000000000000, 0.000000000000000000, -2.881657216719182496E-16 ) ) ;
#7265 = EDGE_CURVE ( 'NONE', #7263, #3377, #3761, .T. ) ;
#7266 = DIRECTION ( 'NONE',  ( -0.000000000000000000, -0.000000000000000000, -1.000000000000000000 ) ) ;
#7267 = CARTESIAN_POINT ( 'NONE',  ( 18.17312819401021073, 11.99999999999999645, 1.000000000000006883 ) ) ;
#7268 = AXIS2_PLACEMENT_3D ( 'NONE', #1640, #7561, #4619 ) ;
#7269 = CARTESIAN_POINT ( 'NONE',  ( -26.62499999999998934, -7.100000000000002309, -33.09999999999998010 ) ) ;
#7270 = CARTESIAN_POINT ( 'NONE',  ( -13.96814575050769847, 28.10000000000000853, -32.72792206135788717 ) ) ;
#7271 = ORIENTED_EDGE ( 'NONE', *, *, #2493, .F. ) ;
#7272 = ORIENTED_EDGE ( 'NONE', *, *, #5378, .T. ) ;
#7273 = ADVANCED_FACE ( 'NONE', ( #171, #8234 ), #3849, .F. ) ;
#7274 = CARTESIAN_POINT ( 'NONE',  ( 15.65460715399869329, 12.30762891480896748, -28.00079762669395222 ) ) ;
#7275 = CARTESIAN_POINT ( 'NONE',  ( 20.62499999999998934, -5.250000000000000000, 25.10000000000002629 ) ) ;
#7276 = VECTOR ( 'NONE', #5518, 1000.000000000000000 ) ;
#7277 = CARTESIAN_POINT ( 'NONE',  ( -19.62499999999999645, 11.14271062174728755, -35.79999999999999005 ) ) ;
#7278 = DIRECTION ( 'NONE',  ( 2.478176394252581634E-16, 0.000000000000000000, -1.000000000000000000 ) ) ;
#7279 = CARTESIAN_POINT ( 'NONE',  ( -25.00539769523859235, 11.21734476221681120, 0.04543431450217440964 ) ) ;
#7280 = LINE ( 'NONE', #4419, #5317 ) ;
#7281 = AXIS2_PLACEMENT_3D ( 'NONE', #3454, #1829, #8965 ) ;
#7282 = ORIENTED_EDGE ( 'NONE', *, *, #3346, .T. ) ;
#7283 = CARTESIAN_POINT ( 'NONE',  ( 15.12499999999998934, 0.000000000000000000, 16.10000000000001918 ) ) ;
#7284 = ADVANCED_FACE ( 'NONE', ( #7496 ), #5213, .T. ) ;
#7285 = ORIENTED_EDGE ( 'NONE', *, *, #8335, .F. ) ;
#7286 = ORIENTED_EDGE ( 'NONE', *, *, #8680, .T. ) ;
#7287 = AXIS2_PLACEMENT_3D ( 'NONE', #9064, #4067, #1322 ) ;
#7288 = EDGE_LOOP ( 'NONE', ( #1304, #6271, #6650, #6434 ) ) ;
#7289 = CARTESIAN_POINT ( 'NONE',  ( -26.62499999999999645, -9.598315762216030222, 6.973962995481640288E-15 ) ) ;
#7290 = CARTESIAN_POINT ( 'NONE',  ( 12.62896733454432230, 13.68608183597836359, -25.47589278961036285 ) ) ;
#7291 = CARTESIAN_POINT ( 'NONE',  ( 12.49798334620740725, -11.99999999999999645, 1.000000000000005329 ) ) ;
#7292 = CARTESIAN_POINT ( 'NONE',  ( -70.47777777777830011, -7.999999999999996447, 23.10000000000000853 ) ) ;
#7293 = LINE ( 'NONE', #239, #6062 ) ;
#7294 = AXIS2_PLACEMENT_3D ( 'NONE', #4573, #1082, #6034 ) ;
#7295 = CYLINDRICAL_SURFACE ( 'NONE', #5416, 2.000000000000001776 ) ;
#7296 = CARTESIAN_POINT ( 'NONE',  ( -22.95872278651474829, 1.301568438808131445, 17.04820983808566126 ) ) ;
#7297 = EDGE_LOOP ( 'NONE', ( #7634, #6686, #4780, #1384, #2807, #952, #2033, #4497, #3222, #5981, #6122, #1419, #891, #5619, #7737, #7314, #4738 ) ) ;
#7298 = DIRECTION ( 'NONE',  ( 0.000000000000000000, -0.000000000000000000, 1.000000000000000000 ) ) ;
#7299 = DIRECTION ( 'NONE',  ( 0.000000000000000000, 0.000000000000000000, -1.000000000000000000 ) ) ;
#7300 = CARTESIAN_POINT ( 'NONE',  ( -23.16053390593260985, 10.10000000000000320, -9.849999999999988987 ) ) ;
#7301 = DIRECTION ( 'NONE',  ( 0.000000000000000000, 0.000000000000000000, -1.000000000000000000 ) ) ;
#7302 = FACE_OUTER_BOUND ( 'NONE', #3713, .T. ) ;
#7303 = LINE ( 'NONE', #908, #5589 ) ;
#7304 = CARTESIAN_POINT ( 'NONE',  ( 8.954837973102010906, 12.88338526365619963, 0.005112185916923878831 ) ) ;
#7305 = ORIENTED_EDGE ( 'NONE', *, *, #266, .T. ) ;
#7306 = EDGE_LOOP ( 'NONE', ( #5253, #7399 ) ) ;
#7307 = ORIENTED_EDGE ( 'NONE', *, *, #7513, .T. ) ;
#7308 = FACE_OUTER_BOUND ( 'NONE', #8526, .T. ) ;
#7309 = CARTESIAN_POINT ( 'NONE',  ( 23.00324048767089380, 12.45440959632066757, -21.72500727616096583 ) ) ;
#7310 = CARTESIAN_POINT ( 'NONE',  ( -10.37500000000001599, -10.10000000000000853, -33.09999999999998010 ) ) ;
#7311 = CARTESIAN_POINT ( 'NONE',  ( 26.00349391983311875, -11.19388992144395090, -16.37470872419389778 ) ) ;
#7312 = CARTESIAN_POINT ( 'NONE',  ( 26.62499999999998934, 2.624999999999995559, 25.64663336986832576 ) ) ;
#7313 = ORIENTED_EDGE ( 'NONE', *, *, #2384, .F. ) ;
#7314 = ORIENTED_EDGE ( 'NONE', *, *, #2421, .F. ) ;
#7315 = EDGE_CURVE ( 'NONE', #2119, #350, #3319, .T. ) ;
#7316 = CARTESIAN_POINT ( 'NONE',  ( 18.10420489464864247, 12.06492138904645728, -26.31422930712281172 ) ) ;
#7317 = PLANE ( 'NONE',  #2044 ) ;
#7318 = CARTESIAN_POINT ( 'NONE',  ( -16.57500000000001350, 5.250000000000000000, 21.10000000000000853 ) ) ;
#7319 = VECTOR ( 'NONE', #1103, 1000.000000000000000 ) ;
#7320 = FACE_OUTER_BOUND ( 'NONE', #4354, .T. ) ;
#7321 = CARTESIAN_POINT ( 'NONE',  ( -25.98108663323754897, 10.22068340119449381, -0.4068944670649408679 ) ) ;
#7322 = VECTOR ( 'NONE', #3598, 1000.000000000000000 ) ;
#7323 = DIRECTION ( 'NONE',  ( 1.000000000000000000, 0.000000000000000000, -0.000000000000000000 ) ) ;
#7324 = EDGE_CURVE ( 'NONE', #1097, #406, #5964, .T. ) ;
#7325 = VERTEX_POINT ( 'NONE', #401 ) ;
#7326 = CARTESIAN_POINT ( 'NONE',  ( -26.62499999999999645, 10.67871917582953323, -0.5595730586098358605 ) ) ;
#7327 = VERTEX_POINT ( 'NONE', #1104 ) ;
#7328 = ORIENTED_EDGE ( 'NONE', *, *, #761, .F. ) ;
#7329 = AXIS2_PLACEMENT_3D ( 'NONE', #2239, #4987, #6407 ) ;
#7330 = ORIENTED_EDGE ( 'NONE', *, *, #8698, .T. ) ;
#7331 = EDGE_CURVE ( 'NONE', #5935, #8161, #8841, .T. ) ;
#7332 = CARTESIAN_POINT ( 'NONE',  ( -26.62499999999998934, 7.099999999999995204, -33.09999999999998721 ) ) ;
#7333 = CARTESIAN_POINT ( 'NONE',  ( 9.675000000000004263, 10.09999999999999609, -29.29999999999998650 ) ) ;
#7334 = FACE_BOUND ( 'NONE', #8346, .T. ) ;
#7335 = CARTESIAN_POINT ( 'NONE',  ( -21.17556862445148624, -15.00000000000000000, -3.999999999999996447 ) ) ;
#7336 = EDGE_CURVE ( 'NONE', #2607, #2293, #3251, .T. ) ;
#7337 = CARTESIAN_POINT ( 'NONE',  ( -24.62499999999998934, -8.000000000000000000, -37.79999999999998295 ) ) ;
#7338 = CARTESIAN_POINT ( 'NONE',  ( -14.70261314302103983, -2.602085213965210642E-15, -29.29999999999998650 ) ) ;
#7339 = CIRCLE ( 'NONE', #4498, 7.999999999999996447 ) ;
#7340 = CARTESIAN_POINT ( 'NONE',  ( 20.62499999999998934, -2.624999999999998668, 18.55336663013171972 ) ) ;
#7341 = B_SPLINE_CURVE_WITH_KNOTS ( 'NONE', 3,
 ( #8278, #2684, #4733, #7588, #1200, #6245, #8367, #6898, #4601, #5532 ),
 .UNSPECIFIED., .F., .F.,
 ( 4, 2, 2, 2, 4 ),
 ( 0.02198823008410131022, 0.02287704579110907965, 0.02376586149811684909, 0.02465467720512461852, 0.02554349291213238796 ),
 .UNSPECIFIED. ) ;
#7342 = VERTEX_POINT ( 'NONE', #5306 ) ;
#7343 = ORIENTED_EDGE ( 'NONE', *, *, #39, .T. ) ;
#7344 = CARTESIAN_POINT ( 'NONE',  ( 13.13744632142985935, 13.49906635955071899, -13.99999999999999822 ) ) ;
#7345 = EDGE_CURVE ( 'NONE', #2783, #1247, #3157, .T. ) ;
#7346 = CARTESIAN_POINT ( 'NONE',  ( -16.57500000000001350, 2.624999999999998668, 18.55336663013171261 ) ) ;
#7347 = CARTESIAN_POINT ( 'NONE',  ( 7.829014785873203763, 14.04934217932070872, -14.45506876347049463 ) ) ;
#7348 = ADVANCED_FACE ( 'NONE', ( #6669 ), #8147, .F. ) ;
#7349 = AXIS2_PLACEMENT_3D ( 'NONE', #4682, #1660, #1799 ) ;
#7350 = CARTESIAN_POINT ( 'NONE',  ( -5.575000000000010836, -10.10000000000000497, -13.04999999999999893 ) ) ;
#7351 = DIRECTION ( 'NONE',  ( -1.000000000000000000, 0.000000000000000000, 0.000000000000000000 ) ) ;
#7352 = CARTESIAN_POINT ( 'NONE',  ( -26.45999999999999019, -8.000000000000000000, -37.79999999999998295 ) ) ;
#7353 = AXIS2_PLACEMENT_3D ( 'NONE', #4070, #440, #6049 ) ;
#7354 = CARTESIAN_POINT ( 'NONE',  ( -16.54122920392186202, -15.00000000000000000, -3.999999999999996447 ) ) ;
#7355 = APPLICATION_CONTEXT ( 'automotive_design' ) ;
#7356 = ORIENTED_EDGE ( 'NONE', *, *, #3055, .F. ) ;
#7357 = VERTEX_POINT ( 'NONE', #5259 ) ;
#7358 = ORIENTED_EDGE ( 'NONE', *, *, #5800, .F. ) ;
#7359 = CIRCLE ( 'NONE', #2584, 20.00000000000000711 ) ;
#7360 = CARTESIAN_POINT ( 'NONE',  ( -25.31726086037630097, -10.96938065564352449, 0.1451071729376994801 ) ) ;
#7361 = CARTESIAN_POINT ( 'NONE',  ( -13.81663090373817582, 14.95495575782676312, -36.86630661151680499 ) ) ;
#7362 = CARTESIAN_POINT ( 'NONE',  ( 26.62499999999999645, 11.12083830918277094, 5.204170427930421283E-15 ) ) ;
#7363 = CARTESIAN_POINT ( 'NONE',  ( 26.62499999999999645, -11.12083830918276739, -12.03976285529074097 ) ) ;
#7364 = LINE ( 'NONE', #7270, #9043 ) ;
#7365 = EDGE_CURVE ( 'NONE', #1807, #7357, #877, .T. ) ;
#7366 = ORIENTED_EDGE ( 'NONE', *, *, #9092, .T. ) ;
#7367 = EDGE_LOOP ( 'NONE', ( #1020, #4060, #8009, #1794, #5368 ) ) ;
#7368 = EDGE_CURVE ( 'NONE', #3115, #8200, #8754, .T. ) ;
#7369 = CARTESIAN_POINT ( 'NONE',  ( 7.675000000000007816, 2.599999999999987654, -37.09999999999998010 ) ) ;
#7370 = DIRECTION ( 'NONE',  ( 0.000000000000000000, 2.710505431213754182E-16, 1.000000000000000000 ) ) ;
#7371 = LINE ( 'NONE', #7550, #2568 ) ;
#7372 = CARTESIAN_POINT ( 'NONE',  ( 3.024999999999989697, -14.28421494571413852, -10.00000000000000355 ) ) ;
#7373 = LINE ( 'NONE', #3814, #1171 ) ;
#7374 = CARTESIAN_POINT ( 'NONE',  ( -24.54683014059672885, -10.57782963992368330, 6.483575040205394657 ) ) ;
#7375 = ORIENTED_EDGE ( 'NONE', *, *, #5897, .F. ) ;
#7376 = CARTESIAN_POINT ( 'NONE',  ( -26.62499999999999645, 9.598315762216030222, 8.415558119512318463E-15 ) ) ;
#7377 = VERTEX_POINT ( 'NONE', #6109 ) ;
#7378 = VERTEX_POINT ( 'NONE', #6059 ) ;
#7379 = ORIENTED_EDGE ( 'NONE', *, *, #6257, .T. ) ;
#7380 = DIRECTION ( 'NONE',  ( 1.000000000000000000, -0.000000000000000000, 2.881657216719182496E-16 ) ) ;
#7381 = LINE ( 'NONE', #4335, #1748 ) ;
#7382 = CARTESIAN_POINT ( 'NONE',  ( -23.33460548091057518, -11.51851620080151228, 6.505745400281709223 ) ) ;
#7383 = EDGE_CURVE ( 'NONE', #2045, #7327, #7408, .T. ) ;
#7384 = CARTESIAN_POINT ( 'NONE',  ( -13.96814575050796670, 14.95551785225861963, -19.72792206135788717 ) ) ;
#7385 = CARTESIAN_POINT ( 'NONE',  ( 22.62499999999998934, 11.99999999999999467, 23.10000000000001918 ) ) ;
#7386 = CARTESIAN_POINT ( 'NONE',  ( 24.49654806806789153, -12.27112645248675449, 4.790281692578456212E-12 ) ) ;
#7387 = CARTESIAN_POINT ( 'NONE',  ( 7.829014785873203763, 15.63421494571413639, -25.00000000000000000 ) ) ;
#7388 = ORIENTED_EDGE ( 'NONE', *, *, #7331, .F. ) ;
#7389 = EDGE_LOOP ( 'NONE', ( #1099, #3324 ) ) ;
#7390 = CARTESIAN_POINT ( 'NONE',  ( 0.9290147858732040742, 18.28421494571414030, -15.00000000000000000 ) ) ;
#7391 = CARTESIAN_POINT ( 'NONE',  ( -19.62499999999999645, 15.00000000000000000, -39.29999999999999005 ) ) ;
#7392 = PLANE ( 'NONE',  #4792 ) ;
#7393 = VECTOR ( 'NONE', #4723, 1000.000000000000000 ) ;
#7394 = DIRECTION ( 'NONE',  ( 1.000000000000000000, 0.000000000000000000, 2.881657216719182496E-16 ) ) ;
#7395 = PLANE ( 'NONE',  #1578 ) ;
#7396 = CARTESIAN_POINT ( 'NONE',  ( 15.12499999999998579, 2.624999999999995559, 27.64663336986832221 ) ) ;
#7397 = AXIS2_PLACEMENT_3D ( 'NONE', #2272, #3662, #821 ) ;
#7398 = EDGE_CURVE ( 'NONE', #1029, #3726, #6716, .T. ) ;
#7399 = ORIENTED_EDGE ( 'NONE', *, *, #2030, .F. ) ;
#7400 = EDGE_CURVE ( 'NONE', #1573, #9033, #4501, .T. ) ;
#7401 = ORIENTED_EDGE ( 'NONE', *, *, #6036, .T. ) ;
#7402 = CIRCLE ( 'NONE', #3961, 2.000000000000001776 ) ;
#7403 = VERTEX_POINT ( 'NONE', #7362 ) ;
#7404 = CARTESIAN_POINT ( 'NONE',  ( -22.62256308275782857, -11.99999999999999645, -0.2792407799438650362 ) ) ;
#7405 = CARTESIAN_POINT ( 'NONE',  ( 16.23158591793324845, 13.20270028907871485, -27.63418319074548890 ) ) ;
#7406 = AXIS2_PLACEMENT_3D ( 'NONE', #7493, #3202, #5350 ) ;
#7407 = DIRECTION ( 'NONE',  ( 1.000000000000000000, 0.000000000000000000, 2.881657216719182496E-16 ) ) ;
#7408 = LINE ( 'NONE', #7451, #5498 ) ;
#7409 = CARTESIAN_POINT ( 'NONE',  ( 26.44702850821823148, -11.14202317744659254, -14.52944008009374599 ) ) ;
#7410 = CARTESIAN_POINT ( 'NONE',  ( -24.46557450237217424, -8.103426060940030595, 9.770281504007392925 ) ) ;
#7411 = ORIENTED_EDGE ( 'NONE', *, *, #444, .T. ) ;
#7412 = ORIENTED_EDGE ( 'NONE', *, *, #8407, .F. ) ;
#7414 = VECTOR ( 'NONE', #6870, 1000.000000000000000 ) ;
#7413 = CIRCLE ( 'NONE', #4574, 1.049999999999995381 ) ;
#7415 = FACE_OUTER_BOUND ( 'NONE', #5845, .T. ) ;
#7416 = CARTESIAN_POINT ( 'NONE',  ( -26.62500000000001066, -2.625000000000002220, 27.64663336986831510 ) ) ;
#7417 = DIRECTION ( 'NONE',  ( 1.000000000000000000, 0.000000000000000000, 2.881657216719182003E-16 ) ) ;
#7418 = CARTESIAN_POINT ( 'NONE',  ( -25.44344922367848127, 10.85207528901309892, -0.6173584296710258323 ) ) ;
#7419 = PRODUCT_RELATED_PRODUCT_CATEGORY ( 'part', '', ( #6054 ) ) ;
#7420 = DIRECTION ( 'NONE',  ( -1.000000000000000000, -0.000000000000000000, -2.881657216719182496E-16 ) ) ;
#7421 = ORIENTED_EDGE ( 'NONE', *, *, #9010, .F. ) ;
#7422 = CARTESIAN_POINT ( 'NONE',  ( -11.07500000000001883, -2.625000000000002220, 27.64663336986831510 ) ) ;
#7423 = ORIENTED_EDGE ( 'NONE', *, *, #1468, .T. ) ;
#7424 = ORIENTED_EDGE ( 'NONE', *, *, #699, .T. ) ;
#7425 = FACE_OUTER_BOUND ( 'NONE', #1135, .T. ) ;
#7426 = PLANE ( 'NONE',  #6833 ) ;
#7427 = DIRECTION ( 'NONE',  ( 1.000000000000000000, -0.000000000000000000, 2.881657216719182496E-16 ) ) ;
#7428 = CARTESIAN_POINT ( 'NONE',  ( -26.62500000000000000, -11.00000000000000000, 2.602085213965210642E-15 ) ) ;
#7429 = VECTOR ( 'NONE', #671, 1000.000000000000000 ) ;
#7430 = CARTESIAN_POINT ( 'NONE',  ( -22.65759777878695402, -3.630404887465948249, 20.28720642041587396 ) ) ;
#7431 = DIRECTION ( 'NONE',  ( 0.000000000000000000, 0.000000000000000000, -1.000000000000000000 ) ) ;
#7432 = DIRECTION ( 'NONE',  ( 1.317361586081176046E-32, 1.000000000000000000, -7.461176240760461390E-17 ) ) ;
#7433 = ORIENTED_EDGE ( 'NONE', *, *, #9082, .F. ) ;
#7434 = EDGE_CURVE ( 'NONE', #5053, #7855, #3114, .T. ) ;
#7435 = VERTEX_POINT ( 'NONE', #6013 ) ;
#7436 = EDGE_CURVE ( 'NONE', #9225, #8200, #6852, .T. ) ;
#7437 = CARTESIAN_POINT ( 'NONE',  ( -26.84991221830399866, -8.768250222726479137, 6.088209185381280975 ) ) ;
#7438 = CARTESIAN_POINT ( 'NONE',  ( -19.12649554331193258, 14.99981966397797351, -4.000000000002359890 ) ) ;
#7439 = DIRECTION ( 'NONE',  ( 0.000000000000000000, 0.000000000000000000, -1.000000000000000000 ) ) ;
#7440 = DIRECTION ( 'NONE',  ( 1.000000000000000000, 0.000000000000000000, 0.000000000000000000 ) ) ;
#7441 = CARTESIAN_POINT ( 'NONE',  ( -13.57500000000000995, 10.94854271258595624, -7.381296623649907229E-15 ) ) ;
#7442 = CARTESIAN_POINT ( 'NONE',  ( -13.96814575050796670, 28.10000000000000853, -19.72792206135788717 ) ) ;
#7443 = EDGE_CURVE ( 'NONE', #8420, #9068, #8853, .T. ) ;
#7444 = EDGE_LOOP ( 'NONE', ( #4206, #2268, #7722, #8992 ) ) ;
#7445 = VERTEX_POINT ( 'NONE', #8942 ) ;
#7446 = VERTEX_POINT ( 'NONE', #2547 ) ;
#7447 = EDGE_CURVE ( 'NONE', #6479, #6039, #8624, .T. ) ;
#7448 = CARTESIAN_POINT ( 'NONE',  ( -24.29166666666666430, 15.00000000000000000, -3.999999999999996447 ) ) ;
#7449 = CARTESIAN_POINT ( 'NONE',  ( -3.308591250574902887, 13.64675130605527187, -35.80267410556914598 ) ) ;
#7450 = DIRECTION ( 'NONE',  ( 1.000000000000000000, -8.587739980083203670E-17, 0.000000000000000000 ) ) ;
#7451 = CARTESIAN_POINT ( 'NONE',  ( -18.21811974579579285, 13.12500000000000000, -35.79999999999999005 ) ) ;
#7452 = CARTESIAN_POINT ( 'NONE',  ( 16.23158591793582417, -13.20270028908394799, -27.63418319074448348 ) ) ;
#7453 = EDGE_CURVE ( 'NONE', #7235, #3428, #6705, .T. ) ;
#7454 = CARTESIAN_POINT ( 'NONE',  ( 25.40308702607473279, -12.15719045456846992, 0.000000000000000000 ) ) ;
#7455 = EDGE_CURVE ( 'NONE', #8068, #2640, #125, .T. ) ;
#7456 = VERTEX_POINT ( 'NONE', #4731 ) ;
#7457 = ORIENTED_EDGE ( 'NONE', *, *, #8107, .T. ) ;
#7458 = CARTESIAN_POINT ( 'NONE',  ( 7.129014785873202698, 17.98421494571413604, -25.00000000000000000 ) ) ;
#7459 = EDGE_CURVE ( 'NONE', #485, #2246, #6896, .T. ) ;
#7460 = LINE ( 'NONE', #7549, #8809 ) ;
#7461 = CARTESIAN_POINT ( 'NONE',  ( -10.37500000000001243, -12.16847652122513068, -0.2041283090680196255 ) ) ;
#7462 = CARTESIAN_POINT ( 'NONE',  ( 22.82272402568544578, 11.99999999999999822, 0.8505520382472647745 ) ) ;
#7463 = CARTESIAN_POINT ( 'NONE',  ( -27.46053271364779746, 8.908646761485741195, 0.03045107950476194300 ) ) ;
#7464 = DIRECTION ( 'NONE',  ( -1.000000000000000000, 0.000000000000000000, -2.881657216719182496E-16 ) ) ;
#7465 = VERTEX_POINT ( 'NONE', #3475 ) ;
#7466 = CARTESIAN_POINT ( 'NONE',  ( -26.62499999999999645, 14.32379000772444932, -1.774596669241476965 ) ) ;
#7467 = ORIENTED_EDGE ( 'NONE', *, *, #3083, .T. ) ;
#7468 = ORIENTED_EDGE ( 'NONE', *, *, #360, .F. ) ;
#7469 = VECTOR ( 'NONE', #9164, 1000.000000000000000 ) ;
#7470 = CARTESIAN_POINT ( 'NONE',  ( 7.675000000000007816, -7.100000000000002309, -33.09999999999998010 ) ) ;
#7471 = CARTESIAN_POINT ( 'NONE',  ( -22.69070634268370412, -1.032809053966742274, 19.77075941592329755 ) ) ;
#7472 = CARTESIAN_POINT ( 'NONE',  ( -25.26264215611995567, -14.99999999999999645, 4.336808689942017736E-15 ) ) ;
#7473 = DIRECTION ( 'NONE',  ( 0.000000000000000000, 0.000000000000000000, 1.000000000000000000 ) ) ;
#7474 = DIRECTION ( 'NONE',  ( 0.000000000000000000, 0.000000000000000000, 1.000000000000000000 ) ) ;
#7475 = AXIS2_PLACEMENT_3D ( 'NONE', #5717, #4443, #5762 ) ;
#7476 = CARTESIAN_POINT ( 'NONE',  ( -22.71520164260857655, 0.8253682159933047879, 19.43568475463428413 ) ) ;
#7477 = EDGE_CURVE ( 'NONE', #8139, #4580, #8413, .T. ) ;
#7478 = ORIENTED_EDGE ( 'NONE', *, *, #7204, .T. ) ;
#7479 = ORIENTED_EDGE ( 'NONE', *, *, #4449, .T. ) ;
#7480 = ORIENTED_EDGE ( 'NONE', *, *, #7080, .F. ) ;
#7481 = CARTESIAN_POINT ( 'NONE',  ( -22.57500000000001705, 5.250000000000000000, 23.10000000000000497 ) ) ;
#7482 = CARTESIAN_POINT ( 'NONE',  ( 22.62499999999998934, -11.99999999999999467, 23.10000000000002274 ) ) ;
#7483 = EDGE_CURVE ( 'NONE', #3960, #7357, #620, .T. ) ;
#7484 = DIRECTION ( 'NONE',  ( 0.7071067811865520136, 0.000000000000000000, 0.7071067811865431318 ) ) ;
#7485 = CARTESIAN_POINT ( 'NONE',  ( -0.07098521412679612008, 19.28421494571414030, -25.00000000000000000 ) ) ;
#7486 = DIRECTION ( 'NONE',  ( 0.000000000000000000, -1.000000000000000000, 0.000000000000000000 ) ) ;
#7487 = CARTESIAN_POINT ( 'NONE',  ( -1.122604028082864192, 14.52279140376062649, -13.99999999999999822 ) ) ;
#7488 = EDGE_CURVE ( 'NONE', #7078, #4716, #9223, .T. ) ;
#7489 = ORIENTED_EDGE ( 'NONE', *, *, #7002, .T. ) ;
#7490 = ORIENTED_EDGE ( 'NONE', *, *, #9148, .T. ) ;
#7491 = ORIENTED_EDGE ( 'NONE', *, *, #1117, .T. ) ;
#7492 = VECTOR ( 'NONE', #8971, 1000.000000000000000 ) ;
#7493 = CARTESIAN_POINT ( 'NONE',  ( -26.62500000000000000, -11.00000000000000000, -3.999999999999998224 ) ) ;
#7494 = CARTESIAN_POINT ( 'NONE',  ( -3.517879973707397134, 14.64576237967654571, -34.83518185396921751 ) ) ;
#7495 = PLANE ( 'NONE',  #2851 ) ;
#7496 = FACE_OUTER_BOUND ( 'NONE', #139, .T. ) ;
#7497 = CARTESIAN_POINT ( 'NONE',  ( -16.63837062456654081, -13.98870996067193673, -38.16916215577597882 ) ) ;
#7498 = CARTESIAN_POINT ( 'NONE',  ( 20.62499999999998934, -2.625000000000002220, 25.64663336986832576 ) ) ;
#7499 = EDGE_LOOP ( 'NONE', ( #9021, #1771, #8081, #3821 ) ) ;
#7500 = AXIS2_PLACEMENT_3D ( 'NONE', #8089, #8746, #6660 ) ;
#7501 = AXIS2_PLACEMENT_3D ( 'NONE', #1602, #2215, #7298 ) ;
#7502 = EDGE_LOOP ( 'NONE', ( #2068, #1726, #6731, #879 ) ) ;
#7503 = CARTESIAN_POINT ( 'NONE',  ( 22.62499999999999645, -7.999999999999996447, 2.749917483388373720E-15 ) ) ;
#7504 = CARTESIAN_POINT ( 'NONE',  ( -23.01812051288953498, 12.68377223398316112, -1.227924077994377416 ) ) ;
#7505 = DIRECTION ( 'NONE',  ( -0.7071067811865274777, 0.000000000000000000, 0.7071067811865675568 ) ) ;
#7506 = CARTESIAN_POINT ( 'NONE',  ( 3.024999999999990585, -7.200000000000004619, -9.849999999999983658 ) ) ;
#7507 = CARTESIAN_POINT ( 'NONE',  ( 3.024999999999990585, -7.200000000000004619, -10.84999999999998543 ) ) ;
#7508 = LINE ( 'NONE', #3955, #690 ) ;
#7509 = EDGE_CURVE ( 'NONE', #117, #415, #3339, .T. ) ;
#7510 = ORIENTED_EDGE ( 'NONE', *, *, #3681, .T. ) ;
#7511 = DIRECTION ( 'NONE',  ( 0.000000000000000000, 0.000000000000000000, 1.000000000000000000 ) ) ;
#7512 = ORIENTED_EDGE ( 'NONE', *, *, #4586, .F. ) ;
#7513 = EDGE_CURVE ( 'NONE', #8067, #8381, #3854, .T. ) ;
#7514 = ORIENTED_EDGE ( 'NONE', *, *, #3845, .T. ) ;
#7515 = CARTESIAN_POINT ( 'NONE',  ( -25.12690742654782738, -11.12909400013475114, -0.7096980000449213399 ) ) ;
#7516 = LINE ( 'NONE', #1775, #6972 ) ;
#7517 = PLANE ( 'NONE',  #1813 ) ;
#7518 = CARTESIAN_POINT ( 'NONE',  ( 9.675000000000004263, 10.09999999999999609, -29.29999999999998650 ) ) ;
#7519 = LINE ( 'NONE', #3920, #388 ) ;
#7520 = FACE_OUTER_BOUND ( 'NONE', #648, .T. ) ;
#7521 = LINE ( 'NONE', #607, #8466 ) ;
#7522 =( BOUNDED_SURFACE ( )  B_SPLINE_SURFACE ( 3, 2, ( 
 ( #5414, #373, #6688 ),
 ( #4007, #1728, #8166 ),
 ( #3272, #4569, #2391 ),
 ( #5281, #8825, #3178 ),
 ( #1822, #2477, #5325 ),
 ( #6829, #8254, #1774 ),
 ( #4618, #3226, #6078 ),
 ( #2527, #7515, #7044 ),
 ( #7741, #4753, #7602 ),
 ( #4229, #3493, #6216 ),
 ( #1214, #1950, #1305 ),
 ( #8338, #1260, #8433 ),
 ( #3355, #6913, #6958 ),
 ( #9048, #4091, #555 ),
 ( #6308, #3401, #4791 ),
 ( #4893, #3445, #9141 ),
 ( #1906, #8481, #4050 ),
 ( #2795, #7090, #507 ),
 ( #695, #7784, #649 ),
 ( #8295, #1352, #6351 ) ),
 .UNSPECIFIED., .F., .F., .T. ) 
 B_SPLINE_SURFACE_WITH_KNOTS ( ( 4, 2, 2, 2, 2, 2, 2, 2, 2, 4 ),
 ( 3, 3 ),
 ( 0.000000000000000000, 0.001008596082846610490, 0.002017192165693220979, 0.003025788248539831686, 0.003530086289963136822, 0.004034384331386441959, 0.005042980414233053099, 0.006051576497079663372, 0.007060172579926273645, 0.008068768662772883918 ),
 ( 0.000000000000000000, 1.000000000000000000 ),
 .UNSPECIFIED. ) 
 GEOMETRIC_REPRESENTATION_ITEM ( )  RATIONAL_B_SPLINE_SURFACE ( (
 ( 1.000000000000000000, 0.8112421851755612368, 1.000000000000000000),
 ( 1.000000000000000000, 0.8108900903739316712, 1.000000000000000000),
 ( 1.000000000000000000, 0.8099056661843447857, 1.000000000000000000),
 ( 1.000000000000000000, 0.8069027871953614595, 1.000000000000000000),
 ( 1.000000000000000000, 0.8048531065404943563, 1.000000000000000000),
 ( 1.000000000000000000, 0.7999773124333250385, 1.000000000000000000),
 ( 1.000000000000000000, 0.7971548410796155393, 1.000000000000000000),
 ( 1.000000000000000000, 0.7923750125858951554, 1.000000000000000000),
 ( 1.000000000000000000, 0.7906844728728382732, 1.000000000000000000),
 ( 1.000000000000000000, 0.7871914399795606476, 1.000000000000000000),
 ( 1.000000000000000000, 0.7853807292173035082, 1.000000000000000000),
 ( 1.000000000000000000, 0.7797536885944086338, 1.000000000000000000),
 ( 1.000000000000000000, 0.7757113433748876741, 1.000000000000000000),
 ( 1.000000000000000000, 0.7671791897211792666, 1.000000000000000000),
 ( 1.000000000000000000, 0.7627510114001998520, 1.000000000000000000),
 ( 1.000000000000000000, 0.7534749351392679984, 1.000000000000000000),
 ( 1.000000000000000000, 0.7485810382810020869, 1.000000000000000000),
 ( 1.000000000000000000, 0.7386024664764641035, 1.000000000000000000),
 ( 1.000000000000000000, 0.7334865824118453892, 1.000000000000000000),
 ( 1.000000000000000000, 0.7281701387334760245, 1.000000000000000000) ) ) 
 REPRESENTATION_ITEM ( '' )  SURFACE ( )  );
#7523 = ORIENTED_EDGE ( 'NONE', *, *, #5779, .F. ) ;
#7524 = EDGE_LOOP ( 'NONE', ( #5535, #4274 ) ) ;
#7525 = AXIS2_PLACEMENT_3D ( 'NONE', #2183, #7087, #7824 ) ;
#7526 = ORIENTED_EDGE ( 'NONE', *, *, #4854, .T. ) ;
#7527 = CARTESIAN_POINT ( 'NONE',  ( -10.27752471476109619, 10.87707415206943473, 2.602085213965210642E-15 ) ) ;
#7528 = CARTESIAN_POINT ( 'NONE',  ( -24.62499999999998579, 8.000000000000000000, -39.29999999999999005 ) ) ;
#7529 = CARTESIAN_POINT ( 'NONE',  ( -23.81394430696028763, -10.59999999999999609, 8.605745400281710644 ) ) ;
#7530 = ADVANCED_FACE ( 'NONE', ( #1378 ), #578, .T. ) ;
#7531 = CARTESIAN_POINT ( 'NONE',  ( -26.62500000000001066, 2.624999999999995559, 28.69663336986830871 ) ) ;
#7532 = VECTOR ( 'NONE', #6659, 1000.000000000000114 ) ;
#7533 = DIRECTION ( 'NONE',  ( 0.5773502691896231775, 0.5773502691896310601, -0.5773502691896231775 ) ) ;
#7534 = ORIENTED_EDGE ( 'NONE', *, *, #3762, .F. ) ;
#7535 = ORIENTED_EDGE ( 'NONE', *, *, #4622, .T. ) ;
#7536 = DIRECTION ( 'NONE',  ( 0.000000000000000000, -0.7469998888252639135, 0.6648241617864406594 ) ) ;
#7537 = CARTESIAN_POINT ( 'NONE',  ( 9.675000000000006040, 10.10000000000000142, 13.64553149005147326 ) ) ;
#7538 = CARTESIAN_POINT ( 'NONE',  ( -5.575000000000010836, -10.10000000000000497, -10.00000000000000000 ) ) ;
#7539 = CARTESIAN_POINT ( 'NONE',  ( 9.983099579247879163, -12.81289243824371304, -31.09963160366318036 ) ) ;
#7540 = CIRCLE ( 'NONE', #8730, 0.8499999999999965361 ) ;
#7541 = CARTESIAN_POINT ( 'NONE',  ( 23.98512827848529128, -12.33712229117619685, 0.000000000000000000 ) ) ;
#7542 = AXIS2_PLACEMENT_3D ( 'NONE', #6542, #135, #2940 ) ;
#7543 = ORIENTED_EDGE ( 'NONE', *, *, #1575, .T. ) ;
#7544 = ORIENTED_EDGE ( 'NONE', *, *, #3224, .F. ) ;
#7545 = ORIENTED_EDGE ( 'NONE', *, *, #1186, .F. ) ;
#7546 = ADVANCED_FACE ( 'NONE', ( #4775 ), #2074, .F. ) ;
#7547 = VECTOR ( 'NONE', #8273, 1000.000000000000000 ) ;
#7548 = DIRECTION ( 'NONE',  ( -0.000000000000000000, -1.000000000000000000, -0.000000000000000000 ) ) ;
#7549 = CARTESIAN_POINT ( 'NONE',  ( -26.62500000000001066, -2.624999999999998668, 17.50336663013170480 ) ) ;
#7550 = CARTESIAN_POINT ( 'NONE',  ( -26.62500000000001066, 5.250000000000000000, 24.15000000000000924 ) ) ;
#7551 = AXIS2_PLACEMENT_3D ( 'NONE', #7660, #2008, #2808 ) ;
#7552 = CARTESIAN_POINT ( 'NONE',  ( -16.57500000000001350, 2.624999999999996003, 29.64663336986831510 ) ) ;
#7553 = CARTESIAN_POINT ( 'NONE',  ( -24.52817181825961512, -10.59262455020602367, 6.498369950487735025 ) ) ;
#7554 = ORIENTED_EDGE ( 'NONE', *, *, #1791, .F. ) ;
#7555 = EDGE_CURVE ( 'NONE', #1783, #3504, #1333, .T. ) ;
#7556 = EDGE_CURVE ( 'NONE', #1566, #8114, #4945, .T. ) ;
#7557 = VECTOR ( 'NONE', #3967, 1000.000000000000000 ) ;
#7558 = ORIENTED_EDGE ( 'NONE', *, *, #4449, .F. ) ;
#7559 = EDGE_LOOP ( 'NONE', ( #1891, #1224, #9232, #8893 ) ) ;
#7560 = CARTESIAN_POINT ( 'NONE',  ( -26.62500000000001066, 2.624999999999998668, 18.55336663013170906 ) ) ;
#7561 = DIRECTION ( 'NONE',  ( -1.000000000000000000, -0.000000000000000000, -2.881657216719182496E-16 ) ) ;
#7562 = DIRECTION ( 'NONE',  ( 0.000000000000000000, 0.000000000000000000, -1.000000000000000000 ) ) ;
#7563 = LINE ( 'NONE', #1264, #5486 ) ;
#7564 = CIRCLE ( 'NONE', #2793, 1.000000000000000888 ) ;
#7565 = CARTESIAN_POINT ( 'NONE',  ( -22.69075646189984496, -4.217696661618992593, 19.77005136945829022 ) ) ;
#7566 = ADVANCED_FACE ( 'NONE', ( #9168 ), #1977, .F. ) ;
#7567 = CARTESIAN_POINT ( 'NONE',  ( 23.64045643670811003, -11.87467375621843857, 0.2887163633814665564 ) ) ;
#7568 = EDGE_CURVE ( 'NONE', #3776, #2607, #491, .T. ) ;
#7569 = DIRECTION ( 'NONE',  ( 1.000000000000000000, -0.000000000000000000, 2.881657216719182496E-16 ) ) ;
#7570 = ORIENTED_EDGE ( 'NONE', *, *, #4748, .T. ) ;
#7571 = EDGE_LOOP ( 'NONE', ( #2966, #2, #431, #1269 ) ) ;
#7572 = ORIENTED_EDGE ( 'NONE', *, *, #5339, .F. ) ;
#7573 = CARTESIAN_POINT ( 'NONE',  ( -19.62499999999999645, -15.00000000000000000, -39.29999999999999005 ) ) ;
#7574 = AXIS2_PLACEMENT_3D ( 'NONE', #9170, #9122, #1979 ) ;
#7575 = PLANE ( 'NONE',  #4655 ) ;
#7576 = AXIS2_PLACEMENT_3D ( 'NONE', #662, #7703, #2713 ) ;
#7577 = DIRECTION ( 'NONE',  ( 1.000000000000000000, 0.000000000000000000, -0.000000000000000000 ) ) ;
#7578 = DIRECTION ( 'NONE',  ( 0.7465930852246063232, 0.6652809670318275970, -0.000000000000000000 ) ) ;
#7579 = CARTESIAN_POINT ( 'NONE',  ( 17.62499999999999645, -12.99999999999999822, 1.000000000000005329 ) ) ;
#7580 = AXIS2_PLACEMENT_3D ( 'NONE', #9147, #562, #4715 ) ;
#7581 = ORIENTED_EDGE ( 'NONE', *, *, #3816, .T. ) ;
#7582 = VERTEX_POINT ( 'NONE', #4822 ) ;
#7583 = AXIS2_PLACEMENT_3D ( 'NONE', #3836, #3050, #3792 ) ;
#7584 = CARTESIAN_POINT ( 'NONE',  ( -19.62499999999999645, -7.900000000000000355, -19.99999999999999289 ) ) ;
#7585 = CARTESIAN_POINT ( 'NONE',  ( -17.73932361996333640, -15.00000000000000000, -28.95674419190220306 ) ) ;
#7586 = CARTESIAN_POINT ( 'NONE',  ( -26.62500000000001066, 2.624999999999998668, 18.55336663013170551 ) ) ;
#7587 = CARTESIAN_POINT ( 'NONE',  ( -3.269682230488381691, -14.63474184482745954, -35.79253150402623618 ) ) ;
#7588 = CARTESIAN_POINT ( 'NONE',  ( -21.81545268528090986, -11.84838315263729669, 8.605745400281710644 ) ) ;
#7589 = AXIS2_PLACEMENT_3D ( 'NONE', #7665, #3417, #5563 ) ;
#7590 = ORIENTED_EDGE ( 'NONE', *, *, #4514, .T. ) ;
#7591 = ORIENTED_EDGE ( 'NONE', *, *, #8871, .T. ) ;
#7592 = ORIENTED_EDGE ( 'NONE', *, *, #8994, .F. ) ;
#7593 = DIRECTION ( 'NONE',  ( 0.7071067811865475727, -0.000000000000000000, 0.7071067811865475727 ) ) ;
#7594 = DIRECTION ( 'NONE',  ( -0.000000000000000000, 1.000000000000000000, -0.000000000000000000 ) ) ;
#7595 = FACE_OUTER_BOUND ( 'NONE', #3161, .T. ) ;
#7596 = EDGE_CURVE ( 'NONE', #8381, #9045, #2173, .T. ) ;
#7597 = PLANE ( 'NONE',  #4988 ) ;
#7598 = CARTESIAN_POINT ( 'NONE',  ( -24.53001319065534247, -12.31049989418532320, -1.103499964728433369 ) ) ;
#7599 = EDGE_CURVE ( 'NONE', #1124, #8488, #6533, .T. ) ;
#7600 = EDGE_LOOP ( 'NONE', ( #8239, #505, #3281, #6340, #892, #6750 ) ) ;
#7601 = EDGE_LOOP ( 'NONE', ( #752, #5820, #4364, #3648 ) ) ;
#7602 = CARTESIAN_POINT ( 'NONE',  ( -25.11183918117207270, -11.13567917473013935, 0.07829923352458226238 ) ) ;
#7603 = DIRECTION ( 'NONE',  ( 0.000000000000000000, 0.000000000000000000, -1.000000000000000000 ) ) ;
#7604 = AXIS2_PLACEMENT_3D ( 'NONE', #997, #248, #3877 ) ;
#7605 = CARTESIAN_POINT ( 'NONE',  ( 21.14208669640301252, 11.99999999999999645, 0.9495200722982951591 ) ) ;
#7606 = CARTESIAN_POINT ( 'NONE',  ( 11.22901478587320234, 18.28421494571414030, -25.00000000000000000 ) ) ;
#7607 = EDGE_CURVE ( 'NONE', #1524, #8294, #2169, .T. ) ;
#7608 = CARTESIAN_POINT ( 'NONE',  ( -22.59859061812120018, 3.927522895450778595, 21.59398397114112811 ) ) ;
#7609 = CARTESIAN_POINT ( 'NONE',  ( -23.16053390593275196, -7.900000000000000355, -23.53553390593271288 ) ) ;
#7610 = CARTESIAN_POINT ( 'NONE',  ( -26.84991221830399866, -10.59999999999999609, 6.505745400281707447 ) ) ;
#7611 = AXIS2_PLACEMENT_3D ( 'NONE', #7747, #7189, #5695 ) ;
#7612 = EDGE_CURVE ( 'NONE', #4238, #1840, #7122, .T. ) ;
#7613 = ORIENTED_EDGE ( 'NONE', *, *, #4298, .F. ) ;
#7614 = ORIENTED_EDGE ( 'NONE', *, *, #2951, .T. ) ;
#7615 = ORIENTED_EDGE ( 'NONE', *, *, #8164, .T. ) ;
#7616 = CARTESIAN_POINT ( 'NONE',  ( 20.62499999999998934, -5.250000000000000000, 22.05000000000002913 ) ) ;
#7617 = CARTESIAN_POINT ( 'NONE',  ( -15.68237869130544659, 14.98895488141515564, -4.000000000018909319 ) ) ;
#7618 = CARTESIAN_POINT ( 'NONE',  ( -5.609770168984698380, 12.10000000000000675, -34.36516802601585852 ) ) ;
#7619 = CARTESIAN_POINT ( 'NONE',  ( -17.92454972894575604, -14.32073484608426384, -1.773578282028079878 ) ) ;
#7620 = VECTOR ( 'NONE', #1423, 1000.000000000000114 ) ;
#7621 = CARTESIAN_POINT ( 'NONE',  ( 26.62499999999998934, 5.250000000000000000, 25.10000000000002629 ) ) ;
#7622 = CARTESIAN_POINT ( 'NONE',  ( -11.55871906792850012, -10.79439392297349087, -35.50581315267589133 ) ) ;
#7623 = ADVANCED_FACE ( 'NONE', ( #7862 ), #4305, .T. ) ;
#7624 = EDGE_LOOP ( 'NONE', ( #75, #1934, #4081, #1741 ) ) ;
#7625 = EDGE_CURVE ( 'NONE', #1, #2007, #2225, .T. ) ;
#7626 = ORIENTED_EDGE ( 'NONE', *, *, #6103, .T. ) ;
#7627 = DIRECTION ( 'NONE',  ( -1.000000000000000000, 0.000000000000000000, 0.000000000000000000 ) ) ;
#7628 = CARTESIAN_POINT ( 'NONE',  ( 20.62499999999998934, 5.250000000000000000, 23.10000000000002274 ) ) ;
#7629 = CARTESIAN_POINT ( 'NONE',  ( -13.57500000000001172, -14.12394749741116584, -1.555284448606405467 ) ) ;
#7630 = CARTESIAN_POINT ( 'NONE',  ( 9.642903682132265786, -13.80956119448026520, -30.19237218016514745 ) ) ;
#7631 = LINE ( 'NONE', #3383, #1595 ) ;
#7632 = ORIENTED_EDGE ( 'NONE', *, *, #8237, .T. ) ;
#7633 = VECTOR ( 'NONE', #8084, 1000.000000000000000 ) ;
#7634 = ORIENTED_EDGE ( 'NONE', *, *, #370, .T. ) ;
#7635 = ORIENTED_EDGE ( 'NONE', *, *, #6082, .T. ) ;
#7636 = VERTEX_POINT ( 'NONE', #252 ) ;
#7637 = LINE ( 'NONE', #4174, #6816 ) ;
#7638 = CARTESIAN_POINT ( 'NONE',  ( -11.37499999999998224, -14.00000000000004441, -10.00000000000000000 ) ) ;
#7639 = CARTESIAN_POINT ( 'NONE',  ( 20.62499999999998934, -2.625000000000002220, 28.69663336986832647 ) ) ;
#7640 = PLANE ( 'NONE',  #2901 ) ;
#7641 = VECTOR ( 'NONE', #8658, 1000.000000000000000 ) ;
#7642 = EDGE_CURVE ( 'NONE', #7725, #3856, #4895, .T. ) ;
#7643 = VECTOR ( 'NONE', #6748, 1000.000000000000000 ) ;
#7644 = CARTESIAN_POINT ( 'NONE',  ( 26.62499999999998934, -5.250000000000000000, 23.10000000000002274 ) ) ;
#7645 = VERTEX_POINT ( 'NONE', #4632 ) ;
#7646 = VERTEX_POINT ( 'NONE', #3242 ) ;
#7647 = ADVANCED_FACE ( 'NONE', ( #5954 ), #2358, .F. ) ;
#7648 = DIRECTION ( 'NONE',  ( 0.000000000000000000, 0.000000000000000000, -1.000000000000000000 ) ) ;
#7649 = EDGE_CURVE ( 'NONE', #7217, #2081, #5381, .T. ) ;
#7650 = CARTESIAN_POINT ( 'NONE',  ( 5.357665471531622536, -14.13519631779851515, -32.00368007675691473 ) ) ;
#7651 = VECTOR ( 'NONE', #6603, 999.9999999999998863 ) ;
#7652 = FACE_BOUND ( 'NONE', #2924, .T. ) ;
#7653 = CARTESIAN_POINT ( 'NONE',  ( -23.80390023186746262, 9.639914138498133056, -39.29999999999999005 ) ) ;
#7654 = CARTESIAN_POINT ( 'NONE',  ( 0.000000000000000000, 0.000000000000000000, -13.04999999999999893 ) ) ;
#7655 = CARTESIAN_POINT ( 'NONE',  ( -19.62499999999999645, -15.00000000000000000, -4.000000000000010658 ) ) ;
#7656 = DIRECTION ( 'NONE',  ( 1.000000000000000000, -0.000000000000000000, 2.881657216719182496E-16 ) ) ;
#7657 = ORIENTED_EDGE ( 'NONE', *, *, #3886, .T. ) ;
#7658 = ORIENTED_EDGE ( 'NONE', *, *, #4328, .T. ) ;
#7659 = VERTEX_POINT ( 'NONE', #4445 ) ;
#7660 = CARTESIAN_POINT ( 'NONE',  ( -26.62499999999999645, 15.00000000000000000, 5.147263975624272985E-15 ) ) ;
#7661 = ADVANCED_FACE ( 'NONE', ( #7302 ), #8744, .T. ) ;
#7662 = CARTESIAN_POINT ( 'NONE',  ( -13.96814575050769847, -10.09999999999999076, -32.72792206135788717 ) ) ;
#7663 = CARTESIAN_POINT ( 'NONE',  ( 12.22901478587320234, 14.58540566807859840, -25.00000000000000000 ) ) ;
#7664 = DIRECTION ( 'NONE',  ( 0.000000000000000000, 1.000000000000000000, 0.000000000000000000 ) ) ;
#7665 = CARTESIAN_POINT ( 'NONE',  ( 26.62499999999998934, 2.624999999999995559, 27.64663336986832576 ) ) ;
#7666 = DIRECTION ( 'NONE',  ( 0.000000000000000000, 0.000000000000000000, -1.000000000000000000 ) ) ;
#7667 = CARTESIAN_POINT ( 'NONE',  ( 20.62499999999998934, -2.624999999999998668, 19.60336663013172043 ) ) ;
#7668 = VECTOR ( 'NONE', #2693, 1000.000000000000000 ) ;
#7669 = ORIENTED_EDGE ( 'NONE', *, *, #4527, .T. ) ;
#7670 = ORIENTED_EDGE ( 'NONE', *, *, #1509, .F. ) ;
#7671 = DIRECTION ( 'NONE',  ( -1.765621858500567205E-16, -0.000000000000000000, 1.000000000000000000 ) ) ;
#7672 = AXIS2_PLACEMENT_3D ( 'NONE', #5107, #7948, #1559 ) ;
#7673 = LINE ( 'NONE', #9119, #766 ) ;
#7674 = CARTESIAN_POINT ( 'NONE',  ( 26.62500000000000000, -11.12083830918277094, -12.03976285529074097 ) ) ;
#7675 = FACE_BOUND ( 'NONE', #4080, .T. ) ;
#7676 = CARTESIAN_POINT ( 'NONE',  ( -22.64274064696088473, 2.886600109172073658, 20.55336663013170906 ) ) ;
#7677 = PLANE ( 'NONE',  #8240 ) ;
#7678 = EDGE_CURVE ( 'NONE', #5536, #2343, #3952, .T. ) ;
#7679 = ORIENTED_EDGE ( 'NONE', *, *, #3796, .T. ) ;
#7680 = ORIENTED_EDGE ( 'NONE', *, *, #4234, .F. ) ;
#7681 = ORIENTED_EDGE ( 'NONE', *, *, #5225, .F. ) ;
#7682 = ORIENTED_EDGE ( 'NONE', *, *, #4586, .T. ) ;
#7683 = DIRECTION ( 'NONE',  ( 0.7071067811865474617, -3.693093820828773644E-16, -0.7071067811865474617 ) ) ;
#7684 = CARTESIAN_POINT ( 'NONE',  ( -26.62500000000001066, -2.625000000000001776, 29.64663336986831155 ) ) ;
#7685 = CARTESIAN_POINT ( 'NONE',  ( 22.62500000000000711, 11.99999999999999645, 0.8672861625754799686 ) ) ;
#7686 = DIRECTION ( 'NONE',  ( -1.000000000000000000, 0.000000000000000000, -1.765621858500567205E-16 ) ) ;
#7687 = AXIS2_PLACEMENT_3D ( 'NONE', #6647, #2995, #5704 ) ;
#7688 = DIRECTION ( 'NONE',  ( 1.000000000000000000, 0.000000000000000000, 2.881657216719182496E-16 ) ) ;
#7689 = VERTEX_POINT ( 'NONE', #1000 ) ;
#7690 = ORIENTED_EDGE ( 'NONE', *, *, #3734, .F. ) ;
#7691 = CIRCLE ( 'NONE', #1143, 11.99999999999999467 ) ;
#7692 = CARTESIAN_POINT ( 'NONE',  ( 22.80952370847612443, 12.47677082109075464, 1.900299360666976170E-12 ) ) ;
#7693 = FACE_OUTER_BOUND ( 'NONE', #8361, .T. ) ;
#7694 = CARTESIAN_POINT ( 'NONE',  ( 26.62499999999999289, 9.200274188692796784, 0.4284435566731988332 ) ) ;
#7695 = EDGE_CURVE ( 'NONE', #8200, #2043, #8040, .T. ) ;
#7696 = DIRECTION ( 'NONE',  ( 0.000000000000000000, 0.7071067811865464625, -0.7071067811865486830 ) ) ;
#7697 = FACE_OUTER_BOUND ( 'NONE', #3420, .T. ) ;
#7698 = CARTESIAN_POINT ( 'NONE',  ( 18.17312819460622464, 13.00000000560882185, 0.000000000000000000 ) ) ;
#7699 = ORIENTED_EDGE ( 'NONE', *, *, #1803, .F. ) ;
#7700 = VERTEX_POINT ( 'NONE', #4490 ) ;
#7701 = VERTEX_POINT ( 'NONE', #8086 ) ;
#7702 = DIRECTION ( 'NONE',  ( -0.000000000000000000, 1.000000000000000000, -0.000000000000000000 ) ) ;
#7703 = DIRECTION ( 'NONE',  ( 0.000000000000000000, 0.000000000000000000, 1.000000000000000000 ) ) ;
#7704 = AXIS2_PLACEMENT_3D ( 'NONE', #4985, #3586, #1997 ) ;
#7705 = CARTESIAN_POINT ( 'NONE',  ( 4.329014785873204652, 14.25581579226733098, -14.38174364411424833 ) ) ;
#7706 = FACE_OUTER_BOUND ( 'NONE', #496, .T. ) ;
#7707 = CARTESIAN_POINT ( 'NONE',  ( -14.66227445932361384, -14.28172868787956595, -1.760576229293181250 ) ) ;
#7708 = FACE_OUTER_BOUND ( 'NONE', #3354, .T. ) ;
#7709 = DIRECTION ( 'NONE',  ( -0.000000000000000000, -0.000000000000000000, -1.000000000000000000 ) ) ;
#7710 = EDGE_CURVE ( 'NONE', #7446, #5913, #3558, .T. ) ;
#7711 = VERTEX_POINT ( 'NONE', #4585 ) ;
#7712 = VERTEX_POINT ( 'NONE', #959 ) ;
#7713 = DIRECTION ( 'NONE',  ( 1.000000000000000000, -0.000000000000000000, 2.881657216719182496E-16 ) ) ;
#7714 = CYLINDRICAL_SURFACE ( 'NONE', #7845, 1.049999999999998934 ) ;
#7715 = FACE_OUTER_BOUND ( 'NONE', #4059, .T. ) ;
#7716 = DIRECTION ( 'NONE',  ( 1.000000000000000000, 0.000000000000000000, 2.881657216719182496E-16 ) ) ;
#7717 = CARTESIAN_POINT ( 'NONE',  ( 4.329014785873201987, 14.19919496893260025, -26.00000000000000355 ) ) ;
#7718 = CARTESIAN_POINT ( 'NONE',  ( -26.58016325386661194, 7.963276868065192637, 1.335932803610917041 ) ) ;
#7719 = DIRECTION ( 'NONE',  ( -4.785727636935519874E-32, 1.000000000000000000, 2.710505431213760099E-16 ) ) ;
#7720 = EDGE_CURVE ( 'NONE', #9150, #7262, #6046, .T. ) ;
#7721 = AXIS2_PLACEMENT_3D ( 'NONE', #3169, #5319, #4418 ) ;
#7722 = ORIENTED_EDGE ( 'NONE', *, *, #5544, .T. ) ;
#7723 = AXIS2_PLACEMENT_3D ( 'NONE', #8321, #6194, #448 ) ;
#7724 = EDGE_LOOP ( 'NONE', ( #3564, #1531, #6762, #4268 ) ) ;
#7725 = VERTEX_POINT ( 'NONE', #8791 ) ;
#7727 = EDGE_CURVE ( 'NONE', #5793, #1429, #8775, .T. ) ;
#7726 = ORIENTED_EDGE ( 'NONE', *, *, #3083, .F. ) ;
#7728 = EDGE_LOOP ( 'NONE', ( #3, #6859, #6042, #1077 ) ) ;
#7729 = DIRECTION ( 'NONE',  ( 2.881657216719182989E-16, 0.000000000000000000, -1.000000000000000000 ) ) ;
#7730 = DIRECTION ( 'NONE',  ( 1.079438565345101546E-14, 5.222823368532323219E-16, 1.000000000000000000 ) ) ;
#7731 = EDGE_CURVE ( 'NONE', #8687, #4568, #2404, .T. ) ;
#7732 = CARTESIAN_POINT ( 'NONE',  ( 26.62499999999998934, -2.624999999999998668, 18.55336663013171972 ) ) ;
#7733 = ADVANCED_FACE ( 'NONE', ( #8888 ), #5202, .T. ) ;
#7734 = CARTESIAN_POINT ( 'NONE',  ( -25.91401857862976144, -8.649165365491025881, 5.088209185383202993 ) ) ;
#7735 = CIRCLE ( 'NONE', #4450, 2.000000000000001776 ) ;
#7736 = CARTESIAN_POINT ( 'NONE',  ( 7.129014785873204474, 19.28421494571414030, -25.00000000000000000 ) ) ;
#7737 = ORIENTED_EDGE ( 'NONE', *, *, #7368, .F. ) ;
#7738 = ORIENTED_EDGE ( 'NONE', *, *, #6488, .T. ) ;
#7739 = EDGE_CURVE ( 'NONE', #5397, #2852, #4746, .T. ) ;
#7740 = EDGE_CURVE ( 'NONE', #1136, #5208, #730, .T. ) ;
#7741 = CARTESIAN_POINT ( 'NONE',  ( -25.73357842861933520, -11.60337120205273287, -0.8677904006842362961 ) ) ;
#7742 = CARTESIAN_POINT ( 'NONE',  ( 20.62499999999998934, 2.624999999999998668, 18.55336663013172327 ) ) ;
#7743 = DIRECTION ( 'NONE',  ( -0.6652809670318275970, 0.7465930852246064342, -5.334798887520881527E-17 ) ) ;
#7744 = CARTESIAN_POINT ( 'NONE',  ( -26.62500000000001066, 2.624999999999996003, 29.64663336986831155 ) ) ;
#7745 = CARTESIAN_POINT ( 'NONE',  ( 18.17312819401020718, 12.99999999999999645, 1.000000000000005329 ) ) ;
#7746 = DIRECTION ( 'NONE',  ( 0.7071067811865426878, 0.000000000000000000, -0.7071067811865523467 ) ) ;
#7747 = CARTESIAN_POINT ( 'NONE',  ( -22.57500000000000995, -11.99999999999999645, -9.974788118697171032E-15 ) ) ;
#7748 = ORIENTED_EDGE ( 'NONE', *, *, #1564, .F. ) ;
#7749 = ORIENTED_EDGE ( 'NONE', *, *, #3536, .F. ) ;
#7750 = ORIENTED_EDGE ( 'NONE', *, *, #5099, .T. ) ;
#7751 = LINE ( 'NONE', #5559, #3233 ) ;
#7752 = DIRECTION ( 'NONE',  ( 0.000000000000000000, 1.000000000000000000, 0.000000000000000000 ) ) ;
#7753 = LINE ( 'NONE', #7890, #9103 ) ;
#7754 = DIRECTION ( 'NONE',  ( -1.000000000000000000, 1.334402673828310480E-15, 0.000000000000000000 ) ) ;
#7755 = CARTESIAN_POINT ( 'NONE',  ( -23.16053390593275196, -15.00000000000000000, -23.53553390593271288 ) ) ;
#7756 = CARTESIAN_POINT ( 'NONE',  ( 13.26131578747432194, 14.49189343498346183, -15.00000000000000000 ) ) ;
#7757 = DIRECTION ( 'NONE',  ( -2.164016633576081161E-32, 1.000000000000000000, 7.509625437129028195E-17 ) ) ;
#7758 = EDGE_CURVE ( 'NONE', #2501, #5829, #342, .T. ) ;
#7759 = VERTEX_POINT ( 'NONE', #3930 ) ;
#7760 = EDGE_CURVE ( 'NONE', #9161, #4313, #6794, .T. ) ;
#7761 = VERTEX_POINT ( 'NONE', #438 ) ;
#7762 = CARTESIAN_POINT ( 'NONE',  ( -19.62499999999999645, 15.00000000000000000, -38.29999999999999005 ) ) ;
#7763 = VECTOR ( 'NONE', #4730, 1000.000000000000000 ) ;
#7764 = CARTESIAN_POINT ( 'NONE',  ( 23.35028927773434049, 12.41182603774622351, -19.74143567302535374 ) ) ;
#7765 = CARTESIAN_POINT ( 'NONE',  ( -24.54022760136615133, -7.821926078391381765, 9.519748682329050027 ) ) ;
#7766 = DIRECTION ( 'NONE',  ( -0.000000000000000000, -0.000000000000000000, -1.000000000000000000 ) ) ;
#7767 = CARTESIAN_POINT ( 'NONE',  ( 3.176357042979577994, -15.00000000000000000, -2.081668171172168513E-14 ) ) ;
#7768 = FACE_OUTER_BOUND ( 'NONE', #8469, .T. ) ;
#7769 = AXIS2_PLACEMENT_3D ( 'NONE', #6904, #501, #4175 ) ;
#7770 = LINE ( 'NONE', #2172, #2578 ) ;
#7772 = VECTOR ( 'NONE', #5461, 1000.000000000000000 ) ;
#7771 = CARTESIAN_POINT ( 'NONE',  ( 0.000000000000000000, 0.000000000000000000, 0.000000000000000000 ) ) ;
#7773 = ORIENTED_EDGE ( 'NONE', *, *, #494, .T. ) ;
#7774 = EDGE_LOOP ( 'NONE', ( #2489, #6113, #2784, #4593 ) ) ;
#7775 = ORIENTED_EDGE ( 'NONE', *, *, #6925, .T. ) ;
#7776 = ORIENTED_EDGE ( 'NONE', *, *, #6528, .F. ) ;
#7777 = CARTESIAN_POINT ( 'NONE',  ( -10.37500000000000888, 12.88713917568067124, -0.5298855299775937500 ) ) ;
#7778 = ADVANCED_FACE ( 'NONE', ( #4108 ), #2762, .F. ) ;
#7779 = CARTESIAN_POINT ( 'NONE',  ( 21.83654301190209068, -12.59234992599562197, -2.765109897857365996E-12 ) ) ;
#7780 = CARTESIAN_POINT ( 'NONE',  ( -16.57500000000001350, 2.624999999999995559, 27.64663336986831510 ) ) ;
#7781 = CARTESIAN_POINT ( 'NONE',  ( -13.57500000000000995, -11.99999999999999645, -0.2792407799438634264 ) ) ;
#7782 = ORIENTED_EDGE ( 'NONE', *, *, #2595, .T. ) ;
#7783 = ORIENTED_EDGE ( 'NONE', *, *, #7848, .F. ) ;
#7784 = CARTESIAN_POINT ( 'NONE',  ( -26.65985759996507554, -7.927165286347524820, 0.3576115712175774730 ) ) ;
#7785 = DIRECTION ( 'NONE',  ( -1.000000000000000000, 0.000000000000000000, -0.000000000000000000 ) ) ;
#7786 = DIRECTION ( 'NONE',  ( -0.8000000000000012657, -0.5999999999999983125, 0.000000000000000000 ) ) ;
#7787 = VECTOR ( 'NONE', #484, 1000.000000000000000 ) ;
#7788 = DIRECTION ( 'NONE',  ( 1.000000000000000000, 0.000000000000000000, 0.000000000000000000 ) ) ;
#7789 = EDGE_CURVE ( 'NONE', #7997, #5886, #1917, .T. ) ;
#7790 = DIRECTION ( 'NONE',  ( -0.000000000000000000, -0.7469998888252639135, 0.6648241617864406594 ) ) ;
#7791 = EDGE_CURVE ( 'NONE', #6018, #3198, #2623, .T. ) ;
#7792 = CARTESIAN_POINT ( 'NONE',  ( 9.446471105871246721, -12.71189753698771696, 0.04058936253581892084 ) ) ;
#7793 = VERTEX_POINT ( 'NONE', #3464 ) ;
#7794 = ORIENTED_EDGE ( 'NONE', *, *, #7336, .F. ) ;
#7795 = VECTOR ( 'NONE', #380, 1000.000000000000000 ) ;
#7796 = ORIENTED_EDGE ( 'NONE', *, *, #4807, .F. ) ;
#7797 = DIRECTION ( 'NONE',  ( 2.891205793294679805E-16, 0.000000000000000000, -1.000000000000000000 ) ) ;
#7798 = CARTESIAN_POINT ( 'NONE',  ( -21.29923514659236616, -11.99999999999999822, 6.505745400281709223 ) ) ;
#7799 = CARTESIAN_POINT ( 'NONE',  ( 20.62499999999998934, 5.250000000000000000, 23.10000000000002274 ) ) ;
#7800 = LINE ( 'NONE', #8666, #1828 ) ;
#7801 = CARTESIAN_POINT ( 'NONE',  ( -16.56062007662913160, 15.00000000000000000, -23.06437992337089682 ) ) ;
#7802 = CARTESIAN_POINT ( 'NONE',  ( 9.546225644514350961, 13.81566563496497402, -13.99999999999999822 ) ) ;
#7803 = CARTESIAN_POINT ( 'NONE',  ( -18.21811974579579285, 13.12500000000000000, -38.26673052524024854 ) ) ;
#7804 = DIRECTION ( 'NONE',  ( 0.000000000000000000, 0.000000000000000000, 1.000000000000000000 ) ) ;
#7805 = ORIENTED_EDGE ( 'NONE', *, *, #4617, .T. ) ;
#7806 = AXIS2_PLACEMENT_3D ( 'NONE', #8739, #5198, #8036 ) ;
#7807 = EDGE_LOOP ( 'NONE', ( #2133, #7379, #7613, #888, #8373, #4701, #4507, #564, #7249, #6640, #9057, #1793, #9140, #6166 ) ) ;
#7808 = CARTESIAN_POINT ( 'NONE',  ( 7.675000000000007816, -10.09999999999999609, -10.00000000000000178 ) ) ;
#7809 = ADVANCED_FACE ( 'NONE', ( #1142 ), #7017, .F. ) ;
#7810 = CARTESIAN_POINT ( 'NONE',  ( -13.81139128944243843, 14.95487009779400189, -36.86560697303459477 ) ) ;
#7811 = DIRECTION ( 'NONE',  ( 0.000000000000000000, 0.000000000000000000, -1.000000000000000000 ) ) ;
#7812 = CARTESIAN_POINT ( 'NONE',  ( -12.86914843132565878, -8.382649852275104507, -37.73316312724630706 ) ) ;
#7813 = DIRECTION ( 'NONE',  ( 0.000000000000000000, 0.000000000000000000, -1.000000000000000000 ) ) ;
#7814 = CARTESIAN_POINT ( 'NONE',  ( -22.85691307550283469, 4.522942677272546064, 17.90922468567067227 ) ) ;
#7815 = CARTESIAN_POINT ( 'NONE',  ( -23.16053390593274841, 15.00000000000000000, -23.53553390593271644 ) ) ;
#7816 = VERTEX_POINT ( 'NONE', #2673 ) ;
#7817 = EDGE_LOOP ( 'NONE', ( #6089, #7043 ) ) ;
#7818 = EDGE_LOOP ( 'NONE', ( #6861, #7136, #2290, #6800, #7544, #8499, #2628, #6307, #4451, #4739, #4394, #9139, #5876 ) ) ;
#7819 = VECTOR ( 'NONE', #7743, 1000.000000000000000 ) ;
#7820 = ORIENTED_EDGE ( 'NONE', *, *, #8131, .T. ) ;
#7821 = CARTESIAN_POINT ( 'NONE',  ( -10.37500000000000888, 13.52535316667738385, -0.9878804808186480990 ) ) ;
#7822 = CARTESIAN_POINT ( 'NONE',  ( 25.17560767170159153, 12.18601519517491916, -16.06807950492975579 ) ) ;
#7823 = LINE ( 'NONE', #8705, #4057 ) ;
#7824 = DIRECTION ( 'NONE',  ( 1.000000000000000000, -9.366785582234730440E-17, 0.000000000000000000 ) ) ;
#7825 = EDGE_CURVE ( 'NONE', #1018, #7033, #3393, .T. ) ;
#7826 = VERTEX_POINT ( 'NONE', #5521 ) ;
#7827 = ORIENTED_EDGE ( 'NONE', *, *, #4516, .T. ) ;
#7828 = EDGE_CURVE ( 'NONE', #8114, #2676, #2717, .T. ) ;
#7829 = CARTESIAN_POINT ( 'NONE',  ( 2.784772765938530625, 13.31932688766222306, -33.94483210983285204 ) ) ;
#7830 = DIRECTION ( 'NONE',  ( -1.000000000000000000, 0.000000000000000000, -2.881657216719182496E-16 ) ) ;
#7831 = VECTOR ( 'NONE', #5215, 1000.000000000000000 ) ;
#7832 = LINE ( 'NONE', #5692, #6789 ) ;
#7833 = FACE_BOUND ( 'NONE', #4396, .T. ) ;
#7834 = VECTOR ( 'NONE', #543, 1000.000000000000000 ) ;
#7835 = EDGE_CURVE ( 'NONE', #4545, #5931, #1190, .T. ) ;
#7836 = DIRECTION ( 'NONE',  ( -1.000000000000000000, 0.000000000000000000, 0.000000000000000000 ) ) ;
#7837 = EDGE_CURVE ( 'NONE', #2564, #9076, #7735, .T. ) ;
#7838 = DIRECTION ( 'NONE',  ( -1.000000000000000000, 8.381007514813918854E-33, -1.765621858500567205E-16 ) ) ;
#7839 = EDGE_LOOP ( 'NONE', ( #5412, #6393, #6190, #5185, #1871, #683, #476, #9056, #1293, #3259, #6922, #5616, #7032, #1820, #2619, #3549, #4494, #7699, #2565 ) ) ;
#7840 = CIRCLE ( 'NONE', #5160, 1.049999999999995381 ) ;
#7841 = ORIENTED_EDGE ( 'NONE', *, *, #7843, .T. ) ;
#7842 = ORIENTED_EDGE ( 'NONE', *, *, #6950, .T. ) ;
#7843 = EDGE_CURVE ( 'NONE', #3751, #2543, #1330, .T. ) ;
#7844 = CARTESIAN_POINT ( 'NONE',  ( 26.62499999999999645, -10.73116571091272142, 5.145066351166454373E-15 ) ) ;
#7845 = AXIS2_PLACEMENT_3D ( 'NONE', #3336, #3985, #6981 ) ;
#7846 = CARTESIAN_POINT ( 'NONE',  ( -14.24206885842065518, 4.301643058159960731, -37.91751381875660343 ) ) ;
#7847 = DIRECTION ( 'NONE',  ( -1.000000000000000000, -0.000000000000000000, -2.881657216719182496E-16 ) ) ;
#7848 = EDGE_CURVE ( 'NONE', #8008, #4626, #8311, .T. ) ;
#7849 = DIRECTION ( 'NONE',  ( -0.000000000000000000, -0.000000000000000000, 1.000000000000000000 ) ) ;
#7850 = VECTOR ( 'NONE', #939, 1000.000000000000000 ) ;
#7851 = EDGE_CURVE ( 'NONE', #2054, #1566, #8390, .T. ) ;
#7852 = CARTESIAN_POINT ( 'NONE',  ( -16.56062007662926661, 15.00000000000000000, -10.06437992337086129 ) ) ;
#7853 = CARTESIAN_POINT ( 'NONE',  ( 5.297386856978961056, -2.602085213965210642E-15, -37.09999999999998010 ) ) ;
#7854 = DIRECTION ( 'NONE',  ( 1.000000000000000000, -0.000000000000000000, 2.881657216719182496E-16 ) ) ;
#7855 = VERTEX_POINT ( 'NONE', #1231 ) ;
#7857 = VECTOR ( 'NONE', #8532, 1000.000000000000000 ) ;
#7856 = CIRCLE ( 'NONE', #2348, 1.000000000000000000 ) ;
#7858 = FACE_OUTER_BOUND ( 'NONE', #3280, .T. ) ;
#7859 = CARTESIAN_POINT ( 'NONE',  ( -24.62499999999998579, 8.000000000000000000, -39.29999999999999005 ) ) ;
#7860 = CARTESIAN_POINT ( 'NONE',  ( 12.67500000000000604, 10.10000000000000142, -29.70912988879060279 ) ) ;
#7861 = DIRECTION ( 'NONE',  ( -0.000000000000000000, -0.000000000000000000, -1.000000000000000000 ) ) ;
#7862 = FACE_OUTER_BOUND ( 'NONE', #5969, .T. ) ;
#7863 = FACE_BOUND ( 'NONE', #2327, .T. ) ;
#7864 = CARTESIAN_POINT ( 'NONE',  ( -10.62712255461673649, -12.09999999999999964, -37.37460308602189940 ) ) ;
#7865 = DIRECTION ( 'NONE',  ( 1.000000000000000000, 0.000000000000000000, 2.881657216719182496E-16 ) ) ;
#7866 = ORIENTED_EDGE ( 'NONE', *, *, #4854, .F. ) ;
#7867 = ORIENTED_EDGE ( 'NONE', *, *, #8883, .T. ) ;
#7868 = EDGE_LOOP ( 'NONE', ( #4124, #1883, #7657, #7356 ) ) ;
#7869 = ORIENTED_EDGE ( 'NONE', *, *, #4714, .F. ) ;
#7870 = PLANE ( 'NONE',  #7397 ) ;
#7871 = CARTESIAN_POINT ( 'NONE',  ( 26.59394517240825451, 12.00514301669285899, -13.27769568808642653 ) ) ;
#7872 = LINE ( 'NONE', #780, #5407 ) ;
#7873 = CARTESIAN_POINT ( 'NONE',  ( -0.07098521412679612008, 19.28421494571414030, -15.00000000000000000 ) ) ;
#7874 = ORIENTED_EDGE ( 'NONE', *, *, #1574, .T. ) ;
#7875 = VERTEX_POINT ( 'NONE', #1875 ) ;
#7876 = ADVANCED_FACE ( 'NONE', ( #6929 ), #9111, .F. ) ;
#7877 = CARTESIAN_POINT ( 'NONE',  ( 23.97466646679901814, 11.77060918152915470, 0.9105751988788355344 ) ) ;
#7878 = CARTESIAN_POINT ( 'NONE',  ( 20.31893889988485569, -12.76651966693441409, -23.28439014813713470 ) ) ;
#7879 = VECTOR ( 'NONE', #3380, 1000.000000000000000 ) ;
#7880 = LINE ( 'NONE', #601, #8661 ) ;
#7881 = DIRECTION ( 'NONE',  ( 0.000000000000000000, 0.000000000000000000, -1.000000000000000000 ) ) ;
#7882 = ADVANCED_FACE ( 'NONE', ( #522 ), #4022, .F. ) ;
#7883 = CARTESIAN_POINT ( 'NONE',  ( 3.641639634455053454, 15.10959520448947302, -25.00000000000000355 ) ) ;
#7884 = DIRECTION ( 'NONE',  ( 2.164016633576080887E-32, -1.000000000000000000, -7.509625437129028195E-17 ) ) ;
#7885 = VERTEX_POINT ( 'NONE', #3372 ) ;
#7886 = ORIENTED_EDGE ( 'NONE', *, *, #1052, .F. ) ;
#7887 = ORIENTED_EDGE ( 'NONE', *, *, #1283, .F. ) ;
#7888 = CYLINDRICAL_SURFACE ( 'NONE', #8741, 1.049999999999998934 ) ;
#7889 = CARTESIAN_POINT ( 'NONE',  ( 12.22901478587320234, 14.34184366802959687, -25.01787643934386196 ) ) ;
#7890 = CARTESIAN_POINT ( 'NONE',  ( 20.62499999999998934, 2.624999999999996003, 29.64663336986832931 ) ) ;
#7891 = CARTESIAN_POINT ( 'NONE',  ( -0.5678728486935471498, 14.64800578736692849, -14.54818708063284127 ) ) ;
#7892 = DIRECTION ( 'NONE',  ( 0.000000000000000000, 0.7071067811865477948, -0.7071067811865473507 ) ) ;
#7893 = LINE ( 'NONE', #5193, #8088 ) ;
#7894 = EDGE_CURVE ( 'NONE', #4783, #9068, #1924, .T. ) ;
#7895 = CARTESIAN_POINT ( 'NONE',  ( 0.6829005254363202937, 15.42728865823066187, -15.00000000000000000 ) ) ;
#7896 = ORIENTED_EDGE ( 'NONE', *, *, #343, .F. ) ;
#7897 = DIRECTION ( 'NONE',  ( -1.000000000000000000, 0.000000000000000000, -2.881657216719182496E-16 ) ) ;
#7898 = DIRECTION ( 'NONE',  ( 0.000000000000000000, 0.000000000000000000, 1.000000000000000000 ) ) ;
#7899 = CARTESIAN_POINT ( 'NONE',  ( 11.71520379640600495, 13.63269221384009455, -29.19117057106199553 ) ) ;
#7900 = CARTESIAN_POINT ( 'NONE',  ( 4.670577183887424155, -12.09999999999999964, -31.22736801673084273 ) ) ;
#7901 = DIRECTION ( 'NONE',  ( -0.4016630891040890994, -0.9157875096611444166, 0.000000000000000000 ) ) ;
#7902 = CARTESIAN_POINT ( 'NONE',  ( -28.14150632011527620, 11.54238195154679758, -39.29999999999999005 ) ) ;
#7903 = DIRECTION ( 'NONE',  ( -0.000000000000000000, 1.000000000000000000, -0.000000000000000000 ) ) ;
#7904 = CARTESIAN_POINT ( 'NONE',  ( -13.45774846787526435, -14.96038798953499338, -3.999999999999997335 ) ) ;
#7905 = EDGE_CURVE ( 'NONE', #4438, #3788, #8782, .T. ) ;
#7906 = ADVANCED_FACE ( 'NONE', ( #55 ), #2111, .F. ) ;
#7907 = ORIENTED_EDGE ( 'NONE', *, *, #9128, .F. ) ;
#7908 = ORIENTED_EDGE ( 'NONE', *, *, #5554, .F. ) ;
#7909 = EDGE_LOOP ( 'NONE', ( #4089, #8787, #3032, #7670 ) ) ;
#7910 = VECTOR ( 'NONE', #8072, 1000.000000000000000 ) ;
#7911 = ORIENTED_EDGE ( 'NONE', *, *, #6757, .T. ) ;
#7912 = CARTESIAN_POINT ( 'NONE',  ( -18.57500000000001705, 7.999999999999994671, 23.10000000000000853 ) ) ;
#7913 = CARTESIAN_POINT ( 'NONE',  ( 19.01159041923556714, 12.91017475506112078, -24.41528594919101280 ) ) ;
#7914 = VECTOR ( 'NONE', #3630, 1000.000000000000000 ) ;
#7915 = CARTESIAN_POINT ( 'NONE',  ( 19.61737675737645503, 11.99999999999999645, 0.1386340395417788585 ) ) ;
#7916 = CARTESIAN_POINT ( 'NONE',  ( 25.58549244349078577, -12.13400320721022929, -14.36830374613737504 ) ) ;
#7917 = CARTESIAN_POINT ( 'NONE',  ( 25.62499999999999645, -11.12083830918277094, -12.03976285529073920 ) ) ;
#7918 = AXIS2_PLACEMENT_3D ( 'NONE', #3295, #4597, #3250 ) ;
#7919 = VERTEX_POINT ( 'NONE', #7197 ) ;
#7920 = ORIENTED_EDGE ( 'NONE', *, *, #5225, .T. ) ;
#7921 = CARTESIAN_POINT ( 'NONE',  ( -19.31083502193769874, 13.99987239901617997, -38.29817666897892536 ) ) ;
#7922 = CARTESIAN_POINT ( 'NONE',  ( 19.00020912954877517, -12.91141152985707308, -24.42473535944256113 ) ) ;
#7923 = EDGE_CURVE ( 'NONE', #8150, #3282, #3703, .T. ) ;
#7924 = DIRECTION ( 'NONE',  ( 0.5999999999999983125, -0.8000000000000012657, 0.000000000000000000 ) ) ;
#7925 = CARTESIAN_POINT ( 'NONE',  ( 9.675000000000004263, 10.09999999999999609, -31.19659787680117802 ) ) ;
#7926 = CARTESIAN_POINT ( 'NONE',  ( 3.570122197767649830, 15.25135460600989390, -25.00000000000000000 ) ) ;
#7927 = EDGE_CURVE ( 'NONE', #7377, #2419, #7936, .T. ) ;
#7928 = DIRECTION ( 'NONE',  ( -2.673804447852906559E-15, -6.684511119632265904E-17, 1.000000000000000000 ) ) ;
#7929 = ORIENTED_EDGE ( 'NONE', *, *, #7398, .F. ) ;
#7930 = ORIENTED_EDGE ( 'NONE', *, *, #6920, .T. ) ;
#7931 = AXIS2_PLACEMENT_3D ( 'NONE', #9109, #6095, #2581 ) ;
#7932 = VERTEX_POINT ( 'NONE', #802 ) ;
#7933 = CARTESIAN_POINT ( 'NONE',  ( -26.62500000000001066, -2.625000000000002220, 27.64663336986831510 ) ) ;
#7934 = CARTESIAN_POINT ( 'NONE',  ( -23.95434950215389591, 11.78177355224482170, -0.1846239203883470181 ) ) ;
#7935 = CYLINDRICAL_SURFACE ( 'NONE', #319, 47.90277777777828305 ) ;
#7936 = LINE ( 'NONE', #2856, #8183 ) ;
#7937 = CARTESIAN_POINT ( 'NONE',  ( -13.57500000000001172, -11.99999999999999645, 8.605745400281712421 ) ) ;
#7938 = DIRECTION ( 'NONE',  ( -0.000000000000000000, -2.059984127722470731E-14, -1.000000000000000000 ) ) ;
#7939 = CARTESIAN_POINT ( 'NONE',  ( -26.84991221830399866, -8.899999999999996803, 8.471193762254685566 ) ) ;
#7940 = AXIS2_PLACEMENT_3D ( 'NONE', #163, #7994, #8650 ) ;
#7941 = EDGE_CURVE ( 'NONE', #7077, #3221, #5357, .T. ) ;
#7942 = ORIENTED_EDGE ( 'NONE', *, *, #8903, .F. ) ;
#7943 = CARTESIAN_POINT ( 'NONE',  ( -22.60129942539982650, 6.471861855284306131, 21.51120221793831888 ) ) ;
#7944 = CARTESIAN_POINT ( 'NONE',  ( -24.48476223727271517, -8.034536926812188895, 9.708970703915095868 ) ) ;
#7945 = LINE ( 'NONE', #3652, #3815 ) ;
#7946 = CARTESIAN_POINT ( 'NONE',  ( 25.75185937550014614, 12.11275902115914072, 0.000000000000000000 ) ) ;
#7947 = CARTESIAN_POINT ( 'NONE',  ( 16.56331851091576723, -12.21957960656120967, -27.41570808838292450 ) ) ;
#7948 = DIRECTION ( 'NONE',  ( -2.164016633576080887E-32, 1.000000000000000000, 7.509625437129028195E-17 ) ) ;
#7949 = CARTESIAN_POINT ( 'NONE',  ( -22.96930713483035547, 3.848634637514802836, 16.96593295962178871 ) ) ;
#7950 = CARTESIAN_POINT ( 'NONE',  ( -25.65686900274285520, -9.385774887386718390, 5.291520287668424416 ) ) ;
#7951 = EDGE_CURVE ( 'NONE', #7215, #4626, #4294, .T. ) ;
#7952 = ORIENTED_EDGE ( 'NONE', *, *, #7758, .F. ) ;
#7953 = ORIENTED_EDGE ( 'NONE', *, *, #146, .T. ) ;
#7954 = ORIENTED_EDGE ( 'NONE', *, *, #2494, .T. ) ;
#7955 = CARTESIAN_POINT ( 'NONE',  ( -25.85648867894923697, -7.935155052763331440, 5.490969200991838939 ) ) ;
#7956 = CARTESIAN_POINT ( 'NONE',  ( 21.15895374884734537, 12.67084426529505770, -22.46341433840477464 ) ) ;
#7957 = CARTESIAN_POINT ( 'NONE',  ( 18.87984255954606638, 12.00000000000247624, 0.07509912965935856832 ) ) ;
#7958 = CARTESIAN_POINT ( 'NONE',  ( 25.04341137542501627, -12.20366458405178811, -18.64783098927823701 ) ) ;
#7959 = EDGE_CURVE ( 'NONE', #5444, #6899, #3716, .T. ) ;
#7960 = CARTESIAN_POINT ( 'NONE',  ( -22.57500000000001705, -36.63153466595210972, 23.10000000000000497 ) ) ;
#7961 = ORIENTED_EDGE ( 'NONE', *, *, #5908, .F. ) ;
#7962 = ORIENTED_EDGE ( 'NONE', *, *, #7047, .T. ) ;
#7963 = B_SPLINE_CURVE_WITH_KNOTS ( 'NONE', 3,
 ( #8790, #8038, #1649, #7347, #3791, #8840, #6704, #297 ),
 .UNSPECIFIED., .F., .F.,
 ( 4, 2, 2, 4 ),
 ( 0.000000000000000000, 0.0003497835848738158233, 0.0006995671697476316467, 0.001399134339495259824 ),
 .UNSPECIFIED. ) ;
#7964 = CARTESIAN_POINT ( 'NONE',  ( 21.28366238111329523, 11.73031738615661901, -23.63699818598785640 ) ) ;
#7965 = CARTESIAN_POINT ( 'NONE',  ( 25.75185937549459325, -12.11275902115984593, -13.21976434032288594 ) ) ;
#7966 = CARTESIAN_POINT ( 'NONE',  ( 26.62499999999999645, 10.99999999999999822, 5.204170427930421283E-15 ) ) ;
#7967 = DIRECTION ( 'NONE',  ( 1.000000000000000000, -0.000000000000000000, 2.881657216719182496E-16 ) ) ;
#7968 = AXIS2_PLACEMENT_3D ( 'NONE', #3623, #8426, #8522 ) ;
#7969 = CARTESIAN_POINT ( 'NONE',  ( -25.60050388142849087, 11.70545318651144129, -0.9018177288371393985 ) ) ;
#7970 = PLANE ( 'NONE',  #4397 ) ;
#7971 = EDGE_LOOP ( 'NONE', ( #1202, #3199, #3876, #6955, #6979 ) ) ;
#7972 = DIRECTION ( 'NONE',  ( 1.000000000000000000, -0.000000000000000000, 2.881657216719182496E-16 ) ) ;
#7973 = VERTEX_POINT ( 'NONE', #2208 ) ;
#7974 = ORIENTED_EDGE ( 'NONE', *, *, #6073, .F. ) ;
#7975 = ORIENTED_EDGE ( 'NONE', *, *, #2135, .T. ) ;
#7976 = FACE_OUTER_BOUND ( 'NONE', #3683, .T. ) ;
#7977 = DIRECTION ( 'NONE',  ( 1.000000000000000000, -0.000000000000000000, 2.881657216719182496E-16 ) ) ;
#7978 = CARTESIAN_POINT ( 'NONE',  ( -22.57500000000001705, -7.999999999999992895, 23.10000000000000853 ) ) ;
#7979 = CARTESIAN_POINT ( 'NONE',  ( -25.26264215611817576, -11.00000000000000000, 2.602085213965210642E-15 ) ) ;
#7980 = CARTESIAN_POINT ( 'NONE',  ( -22.76707918757223581, -4.612423132702441642, 18.81258921511583182 ) ) ;
#7981 = AXIS2_PLACEMENT_3D ( 'NONE', #5285, #5942, #1040 ) ;
#7982 = DIRECTION ( 'NONE',  ( 2.037639358997287858E-16, 0.7071067811865473507, -0.7071067811865477948 ) ) ;
#7983 = AXIS2_PLACEMENT_3D ( 'NONE', #7644, #7688, #549 ) ;
#7984 = CARTESIAN_POINT ( 'NONE',  ( 3.570122197767650718, 15.25135460600989212, -15.00000000000000000 ) ) ;
#7985 = AXIS2_PLACEMENT_3D ( 'NONE', #8375, #5634, #1986 ) ;
#7986 = ORIENTED_EDGE ( 'NONE', *, *, #1675, .T. ) ;
#7987 = CARTESIAN_POINT ( 'NONE',  ( -22.59859219938850927, 6.572417924004658296, 21.59393609681121262 ) ) ;
#7988 = CARTESIAN_POINT ( 'NONE',  ( -25.26264215610931174, 15.00000000000000000, 4.336808689942017736E-15 ) ) ;
#7989 = AXIS2_PLACEMENT_3D ( 'NONE', #8447, #1273, #4855 ) ;
#7990 = CARTESIAN_POINT ( 'NONE',  ( -18.16315633674215491, 14.99715013153919507, -37.26442798882109741 ) ) ;
#7991 = LINE ( 'NONE', #1650, #473 ) ;
#7992 = CARTESIAN_POINT ( 'NONE',  ( -18.42405975713823807, -13.99859670057149863, -38.27996542186858164 ) ) ;
#7993 = DIRECTION ( 'NONE',  ( -0.000000000000000000, -0.000000000000000000, -1.000000000000000000 ) ) ;
#7994 = DIRECTION ( 'NONE',  ( 1.000000000000000000, 0.000000000000000000, 2.881657216719182496E-16 ) ) ;
#7995 = EDGE_CURVE ( 'NONE', #3198, #6392, #8478, .T. ) ;
#7996 = AXIS2_PLACEMENT_3D ( 'NONE', #7917, #1954, #471 ) ;
#7997 = VERTEX_POINT ( 'NONE', #8495 ) ;
#7998 = ORIENTED_EDGE ( 'NONE', *, *, #1335, .F. ) ;
#7999 = ORIENTED_EDGE ( 'NONE', *, *, #4245, .T. ) ;
#8000 = CARTESIAN_POINT ( 'NONE',  ( -24.44638780675722245, -11.57116448819365395, -0.09791506507792396841 ) ) ;
#8001 = CARTESIAN_POINT ( 'NONE',  ( 23.35689038437437048, 12.41102643364027358, -19.73160167710772228 ) ) ;
#8002 = DIRECTION ( 'NONE',  ( 1.000000000000000000, 0.000000000000000000, 2.881657216719182496E-16 ) ) ;
#8003 = EDGE_CURVE ( 'NONE', #3593, #6801, #850, .T. ) ;
#8004 = VECTOR ( 'NONE', #1863, 1000.000000000000000 ) ;
#8005 = CARTESIAN_POINT ( 'NONE',  ( 25.47829710143331639, -12.14767134098087098, -14.93970830946190986 ) ) ;
#8006 = CARTESIAN_POINT ( 'NONE',  ( 26.62499999999999645, -11.12083830918277094, 5.204170427930421283E-15 ) ) ;
#8007 = EDGE_CURVE ( 'NONE', #1679, #4534, #2837, .T. ) ;
#8008 = VERTEX_POINT ( 'NONE', #5657 ) ;
#8009 = ORIENTED_EDGE ( 'NONE', *, *, #38, .T. ) ;
#8010 = AXIS2_PLACEMENT_3D ( 'NONE', #45, #4897, #745 ) ;
#8011 = ADVANCED_FACE ( 'NONE', ( #2813 ), #8545, .F. ) ;
#8012 = CARTESIAN_POINT ( 'NONE',  ( 26.50499421185529769, 11.13533027723325830, -14.42769254638189658 ) ) ;
#8013 = LINE ( 'NONE', #3858, #4181 ) ;
#8014 = DIRECTION ( 'NONE',  ( 0.7806247497997997886, -0.6249999999999998890, 0.000000000000000000 ) ) ;
#8015 = DIRECTION ( 'NONE',  ( -0.7071067811865475727, 0.000000000000000000, -0.7071067811865475727 ) ) ;
#8016 = CARTESIAN_POINT ( 'NONE',  ( -25.84377326067563985, 10.38441971753739246, 0.3781960415408145426 ) ) ;
#8017 = FACE_BOUND ( 'NONE', #553, .T. ) ;
#8018 = AXIS2_PLACEMENT_3D ( 'NONE', #5096, #8221, #8736 ) ;
#8019 = EDGE_CURVE ( 'NONE', #4427, #2689, #5093, .T. ) ;
#8020 = ORIENTED_EDGE ( 'NONE', *, *, #824, .T. ) ;
#8021 = CARTESIAN_POINT ( 'NONE',  ( 2.512659147718478536, 14.32095831927362362, -13.99999999999999822 ) ) ;
#8022 = ORIENTED_EDGE ( 'NONE', *, *, #1267, .F. ) ;
#8023 = ORIENTED_EDGE ( 'NONE', *, *, #2551, .F. ) ;
#8024 = EDGE_CURVE ( 'NONE', #7055, #7816, #6418, .T. ) ;
#8025 = AXIS2_PLACEMENT_3D ( 'NONE', #2496, #389, #3195 ) ;
#8026 = EDGE_LOOP ( 'NONE', ( #5323, #8837, #1849, #6933 ) ) ;
#8027 = CARTESIAN_POINT ( 'NONE',  ( -0.2730636152230577207, 14.90132029319741847, -25.17045036756462650 ) ) ;
#8028 = LINE ( 'NONE', #4429, #408 ) ;
#8029 = CARTESIAN_POINT ( 'NONE',  ( 9.675000000000004263, -10.09999999999999609, -9.849999999999983658 ) ) ;
#8030 = DIRECTION ( 'NONE',  ( -1.000000000000000000, 0.000000000000000000, 0.000000000000000000 ) ) ;
#8031 = DIRECTION ( 'NONE',  ( 0.000000000000000000, 0.000000000000000000, 1.000000000000000000 ) ) ;
#8032 = VECTOR ( 'NONE', #4378, 1000.000000000000000 ) ;
#8033 = DIRECTION ( 'NONE',  ( 1.000000000000000000, -0.000000000000000000, 2.881657216719182496E-16 ) ) ;
#8034 = DIRECTION ( 'NONE',  ( 0.000000000000000000, 0.000000000000000000, 1.000000000000000000 ) ) ;
#8035 = ORIENTED_EDGE ( 'NONE', *, *, #266, .F. ) ;
#8036 = DIRECTION ( 'NONE',  ( 0.000000000000000000, 0.000000000000000000, -1.000000000000000000 ) ) ;
#8037 = CARTESIAN_POINT ( 'NONE',  ( -26.62499999999999289, 15.00000000000000000, -3.999999999999996447 ) ) ;
#8038 = CARTESIAN_POINT ( 'NONE',  ( 7.829014785873207316, 13.94727521435340734, -14.11827527318259179 ) ) ;
#8039 = LINE ( 'NONE', #4304, #4183 ) ;
#8040 = LINE ( 'NONE', #6706, #4603 ) ;
#8041 = EDGE_CURVE ( 'NONE', #5970, #1840, #6183, .T. ) ;
#8042 = FACE_OUTER_BOUND ( 'NONE', #1725, .T. ) ;
#8043 = CARTESIAN_POINT ( 'NONE',  ( 8.624999999999992895, -11.99999999999999645, 8.000000000000005329 ) ) ;
#8044 = ADVANCED_FACE ( 'NONE', ( #4201 ), #437, .T. ) ;
#8045 = ORIENTED_EDGE ( 'NONE', *, *, #3274, .F. ) ;
#8046 = EDGE_LOOP ( 'NONE', ( #1158, #3268, #6363, #5097, #5781, #5209 ) ) ;
#8047 = ADVANCED_FACE ( 'NONE', ( #7 ), #3183, .F. ) ;
#8048 = ORIENTED_EDGE ( 'NONE', *, *, #4496, .F. ) ;
#8049 = CARTESIAN_POINT ( 'NONE',  ( -23.95434950215388881, -11.78177355224482881, -0.1846239203883486557 ) ) ;
#8050 = CARTESIAN_POINT ( 'NONE',  ( -16.63040470091250711, 14.98803646150028435, -38.16852825034280983 ) ) ;
#8051 = DIRECTION ( 'NONE',  ( -1.000000000000000000, 0.000000000000000000, 0.000000000000000000 ) ) ;
#8052 = CARTESIAN_POINT ( 'NONE',  ( 19.01159041923861537, -12.91017475506078149, -24.41528594919302364 ) ) ;
#8053 = DIRECTION ( 'NONE',  ( 0.000000000000000000, 0.000000000000000000, -1.000000000000000000 ) ) ;
#8054 = VECTOR ( 'NONE', #8066, 1000.000000000000000 ) ;
#8055 = ORIENTED_EDGE ( 'NONE', *, *, #6206, .F. ) ;
#8056 = EDGE_LOOP ( 'NONE', ( #7214, #5043, #4981, #3311 ) ) ;
#8057 = ADVANCED_FACE ( 'NONE', ( #1777 ), #1642, .F. ) ;
#8058 = CARTESIAN_POINT ( 'NONE',  ( 16.62499999999999289, -11.99999999999999645, 1.321308170842025300E-15 ) ) ;
#8059 = DIRECTION ( 'NONE',  ( -0.000000000000000000, -0.000000000000000000, -1.000000000000000000 ) ) ;
#8060 = CARTESIAN_POINT ( 'NONE',  ( -22.57500000000001705, -11.99999999999999467, 23.10000000000000853 ) ) ;
#8061 = VECTOR ( 'NONE', #8320, 1000.000000000000000 ) ;
#8062 = DIRECTION ( 'NONE',  ( -0.000000000000000000, -0.000000000000000000, 1.000000000000000000 ) ) ;
#8063 = CARTESIAN_POINT ( 'NONE',  ( -23.29858959624623083, 12.64924272644098124, -1.216414242146986346 ) ) ;
#8064 = CARTESIAN_POINT ( 'NONE',  ( -24.53751457457855878, -10.58523439409690248, 6.490979794378614720 ) ) ;
#8065 = ORIENTED_EDGE ( 'NONE', *, *, #824, .F. ) ;
#8066 = DIRECTION ( 'NONE',  ( -0.000000000000000000, -1.000000000000000000, -0.000000000000000000 ) ) ;
#8067 = VERTEX_POINT ( 'NONE', #8780 ) ;
#8068 = VERTEX_POINT ( 'NONE', #1687 ) ;
#8069 = ORIENTED_EDGE ( 'NONE', *, *, #2602, .T. ) ;
#8070 = FACE_OUTER_BOUND ( 'NONE', #3637, .T. ) ;
#8071 = CARTESIAN_POINT ( 'NONE',  ( -10.43261184457520763, 14.88244887111398995, -16.19238815542516718 ) ) ;
#8072 = DIRECTION ( 'NONE',  ( -0.7071067811865274777, 5.275848315469825427E-17, 0.7071067811865675568 ) ) ;
#8073 = CARTESIAN_POINT ( 'NONE',  ( -10.43261184457520763, -7.900000000000000355, -16.19238815542516718 ) ) ;
#8075 = EDGE_CURVE ( 'NONE', #5898, #2537, #6600, .T. ) ;
#8074 = CARTESIAN_POINT ( 'NONE',  ( -22.73440712732558566, -4.524343075221405108, 19.19341015477777290 ) ) ;
#8076 = ADVANCED_FACE ( 'NONE', ( #6780 ), #5990, .F. ) ;
#8077 = DIRECTION ( 'NONE',  ( -1.000000000000000000, 0.000000000000000000, 0.000000000000000000 ) ) ;
#8078 = AXIS2_PLACEMENT_3D ( 'NONE', #1164, #8155, #1765 ) ;
#8079 = DIRECTION ( 'NONE',  ( -1.000000000000000000, -0.000000000000000000, -2.881657216719182496E-16 ) ) ;
#8080 = ORIENTED_EDGE ( 'NONE', *, *, #7828, .T. ) ;
#8081 = ORIENTED_EDGE ( 'NONE', *, *, #370, .F. ) ;
#8082 = CARTESIAN_POINT ( 'NONE',  ( 8.266301410448008369, -11.68087286160834459, -29.64160148465808575 ) ) ;
#8083 = DIRECTION ( 'NONE',  ( -1.000000000000000000, -0.000000000000000000, -1.765621858500567205E-16 ) ) ;
#8084 = DIRECTION ( 'NONE',  ( 1.000000000000000000, -1.317361586081176046E-32, 0.000000000000000000 ) ) ;
#8085 = VECTOR ( 'NONE', #4549, 1000.000000000000000 ) ;
#8086 = CARTESIAN_POINT ( 'NONE',  ( 8.509014785873199926, 16.14421494571413263, -15.00000000000000000 ) ) ;
#8087 = CARTESIAN_POINT ( 'NONE',  ( -13.57500000000000995, 0.000000000000000000, 1.040834085586084257E-14 ) ) ;
#8088 = VECTOR ( 'NONE', #1597, 1000.000000000000000 ) ;
#8089 = CARTESIAN_POINT ( 'NONE',  ( -16.57500000000001350, 2.624999999999998668, 18.55336663013170906 ) ) ;
#8090 = ORIENTED_EDGE ( 'NONE', *, *, #6137, .F. ) ;
#8091 = ORIENTED_EDGE ( 'NONE', *, *, #1150, .F. ) ;
#8092 = VERTEX_POINT ( 'NONE', #4431 ) ;
#8093 = VECTOR ( 'NONE', #9191, 1000.000000000000000 ) ;
#8094 = DIRECTION ( 'NONE',  ( -0.000000000000000000, 1.000000000000000000, -0.000000000000000000 ) ) ;
#8095 = CARTESIAN_POINT ( 'NONE',  ( 18.18977547499245873, 12.99899126765530433, -26.25107203100746389 ) ) ;
#8096 = DIRECTION ( 'NONE',  ( 0.000000000000000000, 0.000000000000000000, -1.000000000000000000 ) ) ;
#8097 = CARTESIAN_POINT ( 'NONE',  ( 18.17312819401016100, -12.99999999999999822, 1.000000000000005329 ) ) ;
#8098 = CARTESIAN_POINT ( 'NONE',  ( 26.01361273541942865, -12.08022637587094650, -16.34247992424432638 ) ) ;
#8099 = DIRECTION ( 'NONE',  ( -0.000000000000000000, -1.000000000000000000, -0.000000000000000000 ) ) ;
#8100 = VERTEX_POINT ( 'NONE', #1038 ) ;
#8101 = VERTEX_POINT ( 'NONE', #5238 ) ;
#8102 = CARTESIAN_POINT ( 'NONE',  ( -16.57500000000001350, -2.625000000000002220, 27.64663336986831510 ) ) ;
#8103 = LINE ( 'NONE', #1852, #763 ) ;
#8104 = CARTESIAN_POINT ( 'NONE',  ( -10.37500000000001066, -14.47502817426439137, -2.225295506588837124 ) ) ;
#8105 = CARTESIAN_POINT ( 'NONE',  ( 25.75185937549460036, -12.11275902115985303, -12.03976285529073920 ) ) ;
#8106 = FACE_OUTER_BOUND ( 'NONE', #6799, .T. ) ;
#8107 = EDGE_CURVE ( 'NONE', #8750, #729, #4493, .T. ) ;
#8108 = AXIS2_PLACEMENT_3D ( 'NONE', #6487, #7180, #3582 ) ;
#8109 = CARTESIAN_POINT ( 'NONE',  ( 20.62499999999998934, -2.624999999999998224, 20.55336663013171972 ) ) ;
#8110 = EDGE_CURVE ( 'NONE', #5302, #3705, #8731, .T. ) ;
#8111 = ORIENTED_EDGE ( 'NONE', *, *, #8374, .F. ) ;
#8112 = CARTESIAN_POINT ( 'NONE',  ( -11.11262648333786984, 11.46104034030694230, -35.43051245953959238 ) ) ;
#8113 = ORIENTED_EDGE ( 'NONE', *, *, #7568, .T. ) ;
#8114 = VERTEX_POINT ( 'NONE', #8119 ) ;
#8115 = DIRECTION ( 'NONE',  ( 1.000000000000000000, -0.000000000000000000, 2.881657216719182496E-16 ) ) ;
#8116 = AXIS2_PLACEMENT_3D ( 'NONE', #5862, #5904, #2916 ) ;
#8117 = CARTESIAN_POINT ( 'NONE',  ( 20.62499999999998934, 2.624999999999998668, 17.50336663013172611 ) ) ;
#8118 = CARTESIAN_POINT ( 'NONE',  ( -13.57500000000001705, 11.99999999999999467, 23.10000000000001208 ) ) ;
#8119 = CARTESIAN_POINT ( 'NONE',  ( -13.57500000000000995, -11.99999999999999645, -0.1406273990108787564 ) ) ;
#8120 = EDGE_CURVE ( 'NONE', #2977, #5821, #9231, .T. ) ;
#8121 = CARTESIAN_POINT ( 'NONE',  ( 3.024999999999989697, -15.00000000000000000, -10.00000000000000000 ) ) ;
#8122 = DIRECTION ( 'NONE',  ( -0.7071067811865274777, -0.000000000000000000, 0.7071067811865675568 ) ) ;
#8123 = FACE_OUTER_BOUND ( 'NONE', #416, .T. ) ;
#8124 = EDGE_CURVE ( 'NONE', #6401, #609, #332, .T. ) ;
#8125 = ORIENTED_EDGE ( 'NONE', *, *, #2267, .F. ) ;
#8126 = VERTEX_POINT ( 'NONE', #3733 ) ;
#8127 = ORIENTED_EDGE ( 'NONE', *, *, #8784, .T. ) ;
#8128 = FACE_OUTER_BOUND ( 'NONE', #4879, .T. ) ;
#8129 = CARTESIAN_POINT ( 'NONE',  ( -19.81532436575400524, 15.00011440415950226, 3.252151699292217540E-12 ) ) ;
#8130 = ADVANCED_FACE ( 'NONE', ( #990 ), #8833, .T. ) ;
#8131 = EDGE_CURVE ( 'NONE', #1752, #4973, #1953, .T. ) ;
#8132 = CARTESIAN_POINT ( 'NONE',  ( -19.03920264607916124, 14.99964208314329817, -37.29497672809247177 ) ) ;
#8133 = VECTOR ( 'NONE', #1002, 1000.000000000000000 ) ;
#8134 = DIRECTION ( 'NONE',  ( 1.000000000000000000, 0.000000000000000000, 2.881657216719182496E-16 ) ) ;
#8135 = CARTESIAN_POINT ( 'NONE',  ( 15.12499999999998579, -5.250000000000000000, 24.15000000000001634 ) ) ;
#8136 = CARTESIAN_POINT ( 'NONE',  ( 17.62499999999998934, 0.000000000000000000, 23.10000000000001918 ) ) ;
#8137 = VECTOR ( 'NONE', #1938, 1000.000000000000000 ) ;
#8138 = EDGE_CURVE ( 'NONE', #2537, #922, #8298, .T. ) ;
#8139 = VERTEX_POINT ( 'NONE', #4756 ) ;
#8140 = ORIENTED_EDGE ( 'NONE', *, *, #6087, .T. ) ;
#8141 = CIRCLE ( 'NONE', #3668, 1.049999999999995381 ) ;
#8142 = EDGE_LOOP ( 'NONE', ( #8953, #8229, #6027, #5699, #5135, #7468, #5335 ) ) ;
#8143 = LINE ( 'NONE', #1753, #2627 ) ;
#8144 = CARTESIAN_POINT ( 'NONE',  ( -16.71190558477087507, 14.98867848927592483, -37.17243836704577831 ) ) ;
#8145 = CIRCLE ( 'NONE', #1146, 2.000000000000001776 ) ;
#8146 = DIRECTION ( 'NONE',  ( -0.000000000000000000, 0.000000000000000000, -1.000000000000000000 ) ) ;
#8147 = PLANE ( 'NONE',  #9069 ) ;
#8148 = CARTESIAN_POINT ( 'NONE',  ( 18.18977547499116909, -12.99899126765787294, -26.25107203100665387 ) ) ;
#8149 = DIRECTION ( 'NONE',  ( -1.000000000000000000, -8.381007514813918854E-33, -1.765621858500567205E-16 ) ) ;
#8150 = VERTEX_POINT ( 'NONE', #6220 ) ;
#8151 = ORIENTED_EDGE ( 'NONE', *, *, #327, .T. ) ;
#8152 = CIRCLE ( 'NONE', #3245, 2.000000000000001776 ) ;
#8153 = CARTESIAN_POINT ( 'NONE',  ( -25.31535060641889601, -9.876359530302638134, 5.782104930584347713 ) ) ;
#8154 = LINE ( 'NONE', #6160, #2699 ) ;
#8155 = DIRECTION ( 'NONE',  ( 0.000000000000000000, 0.000000000000000000, -1.000000000000000000 ) ) ;
#8156 = CARTESIAN_POINT ( 'NONE',  ( 26.62499999999998934, 2.624999999999995559, 27.64663336986832576 ) ) ;
#8157 = LINE ( 'NONE', #5274, #4137 ) ;
#8158 = ADVANCED_FACE ( 'NONE', ( #1865 ), #3966, .F. ) ;
#8159 = B_SPLINE_CURVE_WITH_KNOTS ( 'NONE', 3,
 ( #1746, #6931, #7622, #3331 ),
 .UNSPECIFIED., .F., .F.,
 ( 4, 4 ),
 ( 0.000000000000000000, 0.002416975928125267639 ),
 .UNSPECIFIED. ) ;
#8160 = CARTESIAN_POINT ( 'NONE',  ( -21.67069441603601021, -7.999999999999996447, 5.443076293720565673 ) ) ;
#8161 = VERTEX_POINT ( 'NONE', #7653 ) ;
#8162 = CARTESIAN_POINT ( 'NONE',  ( 5.029014785873203053, 19.28421494571414030, -25.00000000000000000 ) ) ;
#8163 = ORIENTED_EDGE ( 'NONE', *, *, #8131, .F. ) ;
#8164 = EDGE_CURVE ( 'NONE', #3364, #395, #2052, .T. ) ;
#8165 = ORIENTED_EDGE ( 'NONE', *, *, #1908, .T. ) ;
#8166 = CARTESIAN_POINT ( 'NONE',  ( -22.89548157963168862, -11.99999999999999645, -0.2780502700012350559 ) ) ;
#8167 = DIRECTION ( 'NONE',  ( -1.000000000000000000, 0.000000000000000000, 0.000000000000000000 ) ) ;
#8168 = CARTESIAN_POINT ( 'NONE',  ( -22.81687486294720202, -0.6380920016948402607, 18.29054444383398703 ) ) ;
#8169 = B_SPLINE_CURVE_WITH_KNOTS ( 'NONE', 3,
 ( #1944, #4747, #8334, #9086, #6164, #7598, #9182, #8998, #1210, #4046, #6909, #8428, #504, #4788 ),
 .UNSPECIFIED., .F., .F.,
 ( 4, 2, 2, 2, 2, 2, 4 ),
 ( 0.000000000000000000, 0.001169459240887710250, 0.001754188861331565808, 0.002338918481775421367, 0.002923648102219276925, 0.003508377722663132484, 0.004677836963550832325 ),
 .UNSPECIFIED. ) ;
#8170 = EDGE_CURVE ( 'NONE', #72, #2235, #3254, .T. ) ;
#8171 = CARTESIAN_POINT ( 'NONE',  ( -25.26264215611817576, -15.00000000000000000, -3.999999999999996447 ) ) ;
#8172 = VECTOR ( 'NONE', #4187, 1000.000000000000000 ) ;
#8173 = CARTESIAN_POINT ( 'NONE',  ( 22.62499999999999645, 7.999999999999996447, 1.000000000000004441 ) ) ;
#8174 = FACE_OUTER_BOUND ( 'NONE', #4750, .T. ) ;
#8175 = DIRECTION ( 'NONE',  ( -0.7465930852246063232, 0.6652809670318275970, 0.000000000000000000 ) ) ;
#8176 = AXIS2_PLACEMENT_3D ( 'NONE', #2507, #3896, #1153 ) ;
#8177 = ORIENTED_EDGE ( 'NONE', *, *, #8041, .F. ) ;
#8178 = EDGE_LOOP ( 'NONE', ( #2234, #6051 ) ) ;
#8179 = ORIENTED_EDGE ( 'NONE', *, *, #4683, .F. ) ;
#8180 = DIRECTION ( 'NONE',  ( 1.000000000000000000, 0.000000000000000000, 0.000000000000000000 ) ) ;
#8181 = CARTESIAN_POINT ( 'NONE',  ( 12.22901478587320234, 18.28421494571414030, -25.00000000000000000 ) ) ;
#8182 = CARTESIAN_POINT ( 'NONE',  ( -13.96814575050796670, -7.900000000000000355, -19.72792206135788717 ) ) ;
#8183 = VECTOR ( 'NONE', #666, 1000.000000000000000 ) ;
#8184 = CARTESIAN_POINT ( 'NONE',  ( -10.37500000000001954, -14.88096929338442287, -19.26489999999999725 ) ) ;
#8185 = EDGE_CURVE ( 'NONE', #8721, #4534, #5941, .T. ) ;
#8186 = CARTESIAN_POINT ( 'NONE',  ( -13.57500000000000995, 11.65578372105890281, -0.04687528510467768583 ) ) ;
#8187 = DIRECTION ( 'NONE',  ( 0.000000000000000000, 0.000000000000000000, 1.000000000000000000 ) ) ;
#8188 = ORIENTED_EDGE ( 'NONE', *, *, #5120, .T. ) ;
#8189 = ORIENTED_EDGE ( 'NONE', *, *, #5057, .T. ) ;
#8190 = ORIENTED_EDGE ( 'NONE', *, *, #1238, .T. ) ;
#8191 = CARTESIAN_POINT ( 'NONE',  ( 20.62499999999998934, 2.624999999999998668, 16.55336663013171972 ) ) ;
#8192 = CARTESIAN_POINT ( 'NONE',  ( 10.11240787120397222, 14.76772139702230824, -25.00000000000000000 ) ) ;
#8193 = CARTESIAN_POINT ( 'NONE',  ( 9.675000000000004263, 10.09999999999999609, -29.29999999999998650 ) ) ;
#8194 = CARTESIAN_POINT ( 'NONE',  ( -11.96499999999999631, 10.10000000000000320, -29.29999999999998295 ) ) ;
#8195 = CARTESIAN_POINT ( 'NONE',  ( 12.09663533468142305, -12.63549231059721834, -30.07587669752878057 ) ) ;
#8196 = EDGE_CURVE ( 'NONE', #7445, #5455, #7563, .T. ) ;
#8197 = CARTESIAN_POINT ( 'NONE',  ( -26.62500000000001066, -2.625000000000002220, 25.64663336986830799 ) ) ;
#8198 = EDGE_CURVE ( 'NONE', #2443, #7148, #874, .T. ) ;
#8199 = ORIENTED_EDGE ( 'NONE', *, *, #5386, .F. ) ;
#8200 = VERTEX_POINT ( 'NONE', #3276 ) ;
#8201 = DIRECTION ( 'NONE',  ( -0.000000000000000000, -0.000000000000000000, -1.000000000000000000 ) ) ;
#8202 = CARTESIAN_POINT ( 'NONE',  ( -24.70781641476211377, 12.23319066906028674, -1.077730223020087585 ) ) ;
#8203 = CARTESIAN_POINT ( 'NONE',  ( -10.37500000000001066, -14.35058281038731565, -1.992602682666839709 ) ) ;
#8204 = CARTESIAN_POINT ( 'NONE',  ( 20.62499999999998934, 2.624999999999996003, 29.64663336986832931 ) ) ;
#8205 = CARTESIAN_POINT ( 'NONE',  ( -22.57500000000002771, -7.250000000000003553, 23.10000000000000853 ) ) ;
#8206 = CARTESIAN_POINT ( 'NONE',  ( -25.16583269131957223, 7.099999999999994316, -36.29999999999999005 ) ) ;
#8207 = ORIENTED_EDGE ( 'NONE', *, *, #8473, .F. ) ;
#8208 = ORIENTED_EDGE ( 'NONE', *, *, #4461, .F. ) ;
#8209 = VERTEX_POINT ( 'NONE', #511 ) ;
#8210 = EDGE_CURVE ( 'NONE', #4625, #4171, #6873, .T. ) ;
#8211 = CIRCLE ( 'NONE', #4779, 1.000000000000000000 ) ;
#8212 = LINE ( 'NONE', #7470, #6673 ) ;
#8213 = CARTESIAN_POINT ( 'NONE',  ( 12.22901478587320234, 14.49486514259852399, -25.00407478481146839 ) ) ;
#8214 = CARTESIAN_POINT ( 'NONE',  ( 19.65802983197201570, 11.99999999999999112, 0.9909439493390823639 ) ) ;
#8215 = VECTOR ( 'NONE', #2192, 1000.000000000000000 ) ;
#8216 = CARTESIAN_POINT ( 'NONE',  ( -15.68237869131490747, -14.98895488141928034, -2.358947473118081224E-12 ) ) ;
#8217 = ADVANCED_FACE ( 'NONE', ( #4010 ), #3230, .T. ) ;
#8218 = CARTESIAN_POINT ( 'NONE',  ( -13.57500000000000995, 11.99999999999999645, -0.2792407799438614835 ) ) ;
#8219 = CARTESIAN_POINT ( 'NONE',  ( -19.62499999999999645, 15.00000000000000000, -39.29999999999999005 ) ) ;
#8220 = VECTOR ( 'NONE', #7861, 1000.000000000000000 ) ;
#8221 = DIRECTION ( 'NONE',  ( 1.000000000000000000, 0.000000000000000000, 2.881657216719182496E-16 ) ) ;
#8222 = ORIENTED_EDGE ( 'NONE', *, *, #462, .F. ) ;
#8223 = VERTEX_POINT ( 'NONE', #2571 ) ;
#8224 = CARTESIAN_POINT ( 'NONE',  ( -12.92707508024643737, 14.94821963888986183, 1.182048324104314978E-11 ) ) ;
#8225 = CARTESIAN_POINT ( 'NONE',  ( -26.62499999999999645, -14.32379000772444577, -1.774596669241476299 ) ) ;
#8226 = PLANE ( 'NONE',  #6952 ) ;
#8227 = DIRECTION ( 'NONE',  ( 0.000000000000000000, -1.000000000000000000, 0.000000000000000000 ) ) ;
#8228 = EDGE_CURVE ( 'NONE', #729, #609, #5124, .T. ) ;
#8229 = ORIENTED_EDGE ( 'NONE', *, *, #5681, .T. ) ;
#8230 = ORIENTED_EDGE ( 'NONE', *, *, #5328, .T. ) ;
#8231 = CIRCLE ( 'NONE', #7931, 1.834999999999999742 ) ;
#8232 = CARTESIAN_POINT ( 'NONE',  ( -10.43261184457520763, 10.10000000000000142, -16.19238815542516718 ) ) ;
#8233 = CARTESIAN_POINT ( 'NONE',  ( -20.55999399519519599, 15.00000000000000355, -35.79999999999999005 ) ) ;
#8234 = FACE_BOUND ( 'NONE', #5134, .T. ) ;
#8235 = CARTESIAN_POINT ( 'NONE',  ( -3.517879973720626108, -14.64576237967706795, -34.83518185394498801 ) ) ;
#8236 = DIRECTION ( 'NONE',  ( 0.000000000000000000, 0.000000000000000000, -1.000000000000000000 ) ) ;
#8237 = EDGE_CURVE ( 'NONE', #3107, #3926, #8456, .T. ) ;
#8238 = B_SPLINE_CURVE_WITH_KNOTS ( 'NONE', 3,
 ( #9040, #1766, #8248, #3999, #2647, #6767, #7462, #6951 ),
 .UNSPECIFIED., .F., .F.,
 ( 4, 2, 2, 4 ),
 ( 0.000000000000000000, 0.001176345514279410589, 0.001764518271419110787, 0.002352691028558811202 ),
 .UNSPECIFIED. ) ;
#8239 = ORIENTED_EDGE ( 'NONE', *, *, #2780, .T. ) ;
#8240 = AXIS2_PLACEMENT_3D ( 'NONE', #7030, #9123, #70 ) ;
#8241 = VERTEX_POINT ( 'NONE', #1218 ) ;
#8242 = ORIENTED_EDGE ( 'NONE', *, *, #8559, .F. ) ;
#8243 = LINE ( 'NONE', #8058, #9028 ) ;
#8244 = FACE_OUTER_BOUND ( 'NONE', #2005, .T. ) ;
#8245 = ADVANCED_FACE ( 'NONE', ( #4844, #3358 ), #2845, .T. ) ;
#8246 = PLANE ( 'NONE',  #8974 ) ;
#8247 = EDGE_CURVE ( 'NONE', #4973, #4495, #1665, .T. ) ;
#8248 = CARTESIAN_POINT ( 'NONE',  ( 24.16585990215728685, 11.71226548522786892, 0.9327678737638394058 ) ) ;
#8249 = B_SPLINE_CURVE_WITH_KNOTS ( 'NONE', 3,
 ( #6916, #509, #9005, #3357, #6218, #9050 ),
 .UNSPECIFIED., .F., .F.,
 ( 4, 2, 4 ),
 ( 0.000000000000000000, 0.002226948657385728614, 0.004453897314771457228 ),
 .UNSPECIFIED. ) ;
#8250 = DIRECTION ( 'NONE',  ( 2.891205793294679805E-16, 0.000000000000000000, -1.000000000000000000 ) ) ;
#8251 = EDGE_LOOP ( 'NONE', ( #4265, #3138, #4865, #4687 ) ) ;
#8252 = ORIENTED_EDGE ( 'NONE', *, *, #6658, .F. ) ;
#8253 = EDGE_LOOP ( 'NONE', ( #996, #5159, #6199, #8305, #3891 ) ) ;
#8254 = CARTESIAN_POINT ( 'NONE',  ( -24.54423707532176380, -11.52036079404414082, -0.8401202646811873898 ) ) ;
#8255 = CARTESIAN_POINT ( 'NONE',  ( 3.024999999999991029, 14.28421494571413852, -19.26490000000000080 ) ) ;
#8256 = DIRECTION ( 'NONE',  ( 2.881657216719182496E-16, 0.000000000000000000, -1.000000000000000000 ) ) ;
#8257 = DIRECTION ( 'NONE',  ( 1.765621858500567205E-16, 0.000000000000000000, -1.000000000000000000 ) ) ;
#8258 = FACE_OUTER_BOUND ( 'NONE', #7571, .T. ) ;
#8259 = LINE ( 'NONE', #8924, #6472 ) ;
#8260 = CARTESIAN_POINT ( 'NONE',  ( -19.62499999999999645, 15.00000000000000000, -39.29999999999999005 ) ) ;
#8261 = ORIENTED_EDGE ( 'NONE', *, *, #1945, .T. ) ;
#8262 = ORIENTED_EDGE ( 'NONE', *, *, #8417, .F. ) ;
#8263 = AXIS2_PLACEMENT_3D ( 'NONE', #976, #8015, #3026 ) ;
#8264 = VERTEX_POINT ( 'NONE', #3589 ) ;
#8265 = LINE ( 'NONE', #4629, #7276 ) ;
#8266 = CYLINDRICAL_SURFACE ( 'NONE', #2719, 20.00000000000000000 ) ;
#8267 = DIRECTION ( 'NONE',  ( 0.000000000000000000, 0.000000000000000000, 1.000000000000000000 ) ) ;
#8268 = DIRECTION ( 'NONE',  ( 0.000000000000000000, -8.673617379884033007E-17, 1.000000000000000000 ) ) ;
#8269 = DIRECTION ( 'NONE',  ( 0.000000000000000000, 0.000000000000000000, -1.000000000000000000 ) ) ;
#8270 = VERTEX_POINT ( 'NONE', #2939 ) ;
#8271 = ORIENTED_EDGE ( 'NONE', *, *, #6493, .F. ) ;
#8272 = CIRCLE ( 'NONE', #3805, 2.000000000000001776 ) ;
#8273 = DIRECTION ( 'NONE',  ( 1.000000000000000000, -0.000000000000000000, 2.881657216719182496E-16 ) ) ;
#8274 = CARTESIAN_POINT ( 'NONE',  ( -11.07500000000001883, -2.625000000000002220, 27.64663336986831510 ) ) ;
#8275 = CARTESIAN_POINT ( 'NONE',  ( 25.62499999999997868, -11.12083830918277094, -12.03976285529073920 ) ) ;
#8276 = ADVANCED_FACE ( 'NONE', ( #6408 ), #4989, .F. ) ;
#8277 = CARTESIAN_POINT ( 'NONE',  ( -13.70095664271333469, -13.95508110029264692, -37.85770627432366098 ) ) ;
#8278 = CARTESIAN_POINT ( 'NONE',  ( -20.63989133934208553, -11.99999999999999645, 8.605745400281710644 ) ) ;
#8279 = AXIS2_PLACEMENT_3D ( 'NONE', #9097, #9053, #4190 ) ;
#8280 = ORIENTED_EDGE ( 'NONE', *, *, #4817, .T. ) ;
#8281 = VERTEX_POINT ( 'NONE', #8437 ) ;
#8282 = ORIENTED_EDGE ( 'NONE', *, *, #424, .T. ) ;
#8283 = VECTOR ( 'NONE', #5962, 1000.000000000000000 ) ;
#8284 = ADVANCED_FACE ( 'NONE', ( #4325 ), #5597, .T. ) ;
#8285 = CARTESIAN_POINT ( 'NONE',  ( 18.17312819401020718, 11.99999999999999645, 1.000000000000005329 ) ) ;
#8286 = DIRECTION ( 'NONE',  ( 0.000000000000000000, -1.000000000000000000, 0.000000000000000000 ) ) ;
#8287 = CARTESIAN_POINT ( 'NONE',  ( -26.62500000000001066, 2.624999999999995559, 26.59663336986831794 ) ) ;
#8288 = AXIS2_PLACEMENT_3D ( 'NONE', #5089, #2204, #4289 ) ;
#8289 = CARTESIAN_POINT ( 'NONE',  ( -4.980154683993635700, 12.10000000000000142, -36.38894121238288193 ) ) ;
#8290 = EDGE_CURVE ( 'NONE', #7689, #5469, #4280, .T. ) ;
#8291 = CARTESIAN_POINT ( 'NONE',  ( -10.62712255461673649, 12.09999999999999254, -35.34359239950281761 ) ) ;
#8292 = VERTEX_POINT ( 'NONE', #1537 ) ;
#8293 = CIRCLE ( 'NONE', #9022, 2.000000000000001776 ) ;
#8294 = VERTEX_POINT ( 'NONE', #5035 ) ;
#8295 = CARTESIAN_POINT ( 'NONE',  ( -27.57788777643995104, -7.637868319064659239, 0.4540438936451239305 ) ) ;
#8296 = DIRECTION ( 'NONE',  ( 0.000000000000000000, 0.000000000000000000, -1.000000000000000000 ) ) ;
#8297 = CARTESIAN_POINT ( 'NONE',  ( 20.62499999999998934, 5.250000000000000000, 23.10000000000002274 ) ) ;
#8298 = LINE ( 'NONE', #377, #417 ) ;
#8299 = CARTESIAN_POINT ( 'NONE',  ( -22.60870029608764753, 4.362796965377025771, 21.30276141346819685 ) ) ;
#8300 = EDGE_CURVE ( 'NONE', #3945, #3353, #6451, .T. ) ;
#8301 = CARTESIAN_POINT ( 'NONE',  ( 24.26100398758324062, -12.30033339551425975, -1.011518240435518094E-12 ) ) ;
#8302 = EDGE_CURVE ( 'NONE', #8161, #6618, #9238, .T. ) ;
#8303 = DIRECTION ( 'NONE',  ( -1.000000000000000000, 0.000000000000000000, -0.000000000000000000 ) ) ;
#8304 = ORIENTED_EDGE ( 'NONE', *, *, #6442, .T. ) ;
#8305 = ORIENTED_EDGE ( 'NONE', *, *, #5314, .F. ) ;
#8306 = ORIENTED_EDGE ( 'NONE', *, *, #477, .F. ) ;
#8307 = DIRECTION ( 'NONE',  ( 0.000000000000000000, 0.000000000000000000, -1.000000000000000000 ) ) ;
#8308 = VECTOR ( 'NONE', #7881, 1000.000000000000000 ) ;
#8309 = DIRECTION ( 'NONE',  ( -0.000000000000000000, -0.000000000000000000, -1.000000000000000000 ) ) ;
#8310 = VECTOR ( 'NONE', #2058, 1000.000000000000000 ) ;
#8311 = LINE ( 'NONE', #2582, #6112 ) ;
#8312 = CARTESIAN_POINT ( 'NONE',  ( 26.62499999999998934, -2.625000000000002220, 27.64663336986832576 ) ) ;
#8313 = LINE ( 'NONE', #1145, #6319 ) ;
#8314 = VECTOR ( 'NONE', #7656, 1000.000000000000000 ) ;
#8315 = VERTEX_POINT ( 'NONE', #5693 ) ;
#8316 = EDGE_LOOP ( 'NONE', ( #7679, #6179, #1522, #9115 ) ) ;
#8317 = VECTOR ( 'NONE', #6140, 1000.000000000000000 ) ;
#8318 = EDGE_CURVE ( 'NONE', #8101, #933, #6693, .T. ) ;
#8319 = CARTESIAN_POINT ( 'NONE',  ( -0.07098521412679563436, 15.52145826415290308, -25.00000000000000000 ) ) ;
#8320 = DIRECTION ( 'NONE',  ( -0.000000000000000000, 1.000000000000000000, -0.000000000000000000 ) ) ;
#8321 = CARTESIAN_POINT ( 'NONE',  ( -70.47777777777830011, 7.999999999999992895, 23.10000000000000853 ) ) ;
#8322 = CARTESIAN_POINT ( 'NONE',  ( -19.01854507177347386, -13.99999999999898748, -38.29999999999999005 ) ) ;
#8323 = DIRECTION ( 'NONE',  ( 1.000000000000000000, 0.000000000000000000, 2.881657216719182496E-16 ) ) ;
#8324 = EDGE_CURVE ( 'NONE', #5073, #7446, #5081, .T. ) ;
#8325 = ORIENTED_EDGE ( 'NONE', *, *, #5476, .T. ) ;
#8326 = VERTEX_POINT ( 'NONE', #8535 ) ;
#8327 = ORIENTED_EDGE ( 'NONE', *, *, #6082, .F. ) ;
#8328 = VERTEX_POINT ( 'NONE', #8579 ) ;
#8329 = DIRECTION ( 'NONE',  ( -1.000000000000000000, 0.000000000000000000, 1.734723475976807094E-16 ) ) ;
#8330 = CARTESIAN_POINT ( 'NONE',  ( 7.892821782178217838, 12.10000000000000142, -29.29999999999998650 ) ) ;
#8331 = CARTESIAN_POINT ( 'NONE',  ( 20.62499999999998934, -2.625000000000002220, 27.64663336986832576 ) ) ;
#8332 = DIRECTION ( 'NONE',  ( -1.000000000000000000, 0.000000000000000000, 0.000000000000000000 ) ) ;
#8333 = B_SPLINE_CURVE_WITH_KNOTS ( 'NONE', 3,
 ( #1219, #9145, #81, #3498, #5778, #8299, #4144, #5509, #7608, #8342, #1912, #4095, #4188, #7007 ),
 .UNSPECIFIED., .F., .F.,
 ( 4, 2, 2, 2, 2, 2, 4 ),
 ( 0.000000000000000000, 0.0003909383806293266310, 0.0007818767612586532620, 0.001172815141887979893, 0.001563753522517306524, 0.002345630283775950679, 0.003127507045034594833 ),
 .UNSPECIFIED. ) ;
#8334 = CARTESIAN_POINT ( 'NONE',  ( -23.40528135717109848, -12.63751492087476791, -1.212504973624914939 ) ) ;
#8335 = EDGE_CURVE ( 'NONE', #4125, #1136, #9144, .T. ) ;
#8336 = ORIENTED_EDGE ( 'NONE', *, *, #4566, .F. ) ;
#8337 = ORIENTED_EDGE ( 'NONE', *, *, #3765, .F. ) ;
#8338 = CARTESIAN_POINT ( 'NONE',  ( -26.44546365250831599, -10.92327016355275582, -0.6410900545175767240 ) ) ;
#8339 = CARTESIAN_POINT ( 'NONE',  ( 15.12499999999998579, 2.624999999999998668, 18.55336663013171972 ) ) ;
#8340 = LINE ( 'NONE', #1176, #7772 ) ;
#8341 = CARTESIAN_POINT ( 'NONE',  ( -18.79144685044883900, -10.99918730756462537, 2.602085213965210642E-15 ) ) ;
#8342 = CARTESIAN_POINT ( 'NONE',  ( -22.59041432202309707, 3.650792159986441021, 21.87091327832976262 ) ) ;
#8343 = CARTESIAN_POINT ( 'NONE',  ( -4.574999999999995737, 10.10000000000000497, -13.04999999999999893 ) ) ;
#8344 = CARTESIAN_POINT ( 'NONE',  ( -70.47777777777830011, -7.999999999999996447, 23.10000000000000853 ) ) ;
#8345 = AXIS2_PLACEMENT_3D ( 'NONE', #7771, #7511, #6338 ) ;
#8346 = EDGE_LOOP ( 'NONE', ( #3577, #5582 ) ) ;
#8347 = ORIENTED_EDGE ( 'NONE', *, *, #4986, .F. ) ;
#8348 = ORIENTED_EDGE ( 'NONE', *, *, #8210, .F. ) ;
#8349 = LINE ( 'NONE', #1961, #7100 ) ;
#8350 = CARTESIAN_POINT ( 'NONE',  ( -10.17224623924378513, 14.87568846737826966, 2.602085213965210247E-15 ) ) ;
#8351 = CIRCLE ( 'NONE', #6144, 1.049999999999998934 ) ;
#8352 = CARTESIAN_POINT ( 'NONE',  ( -13.70095664271235059, 13.95508110029466486, -37.85770627432350466 ) ) ;
#8353 = DIRECTION ( 'NONE',  ( -1.000000000000000000, 0.000000000000000000, -2.881657216719182496E-16 ) ) ;
#8354 = EDGE_CURVE ( 'NONE', #7700, #3527, #4432, .T. ) ;
#8355 = B_SPLINE_CURVE_WITH_KNOTS ( 'NONE', 3,
 ( #3927, #5337, #8082, #4582 ),
 .UNSPECIFIED., .F., .F.,
 ( 4, 4 ),
 ( 0.000000000000000000, 0.001755105310259524529 ),
 .UNSPECIFIED. ) ;
#8356 = CARTESIAN_POINT ( 'NONE',  ( 8.624999999999992895, 11.99999999999999645, 1.000000000000005329 ) ) ;
#8357 = CIRCLE ( 'NONE', #4332, 2.000000000000001776 ) ;
#8358 = CARTESIAN_POINT ( 'NONE',  ( -10.37500000000001243, -14.88096929326675166, -10.00000000000000000 ) ) ;
#8359 = CARTESIAN_POINT ( 'NONE',  ( -15.74972602804602317, 14.29898259353099199, -1.766327531176989263 ) ) ;
#8360 = ORIENTED_EDGE ( 'NONE', *, *, #3238, .T. ) ;
#8361 = EDGE_LOOP ( 'NONE', ( #2463, #4228, #7669, #7907 ) ) ;
#8362 = CARTESIAN_POINT ( 'NONE',  ( 7.829014785873203763, 14.78421494571413852, -25.00000000000000000 ) ) ;
#8363 = CARTESIAN_POINT ( 'NONE',  ( -10.37500000000001243, -15.00000000000000000, -10.00000000000000000 ) ) ;
#8364 = CARTESIAN_POINT ( 'NONE',  ( -13.57500000000000995, -13.97437625814795581, -1.372778615883634590 ) ) ;
#8365 = CARTESIAN_POINT ( 'NONE',  ( 11.44533923317412594, 14.65904712452368130, -25.00000000000000000 ) ) ;
#8366 = PLANE ( 'NONE',  #7574 ) ;
#8367 = CARTESIAN_POINT ( 'NONE',  ( -22.90469151124541014, -11.37233266078357907, 8.605745400281710644 ) ) ;
#8368 = CLOSED_SHELL ( 'NONE', ( #4998, #7882, #2566, #7733, #8799, #136, #430, #3241, #2092, #4064, #3044, #3604, #7647, #7150, #5456, #9110, #541, #4937, #2848, #1123, #6935, #8519, #4404, #6478, #8821, #6687, #4931, #8856, #4883, #5607, #5742, #7250, #3063, #6557, #3433, #2968, #1901, #8397, #8810, #8245, #4847, #4003, #6406, #5921, #6871, #3569, #4112, #4648, #8938, #5173, #2678, #8919, #4476, #8577, #2926, #7171, #1395, #7809, #7086, #5029, #4412, #5396, #61, #2767, #6697, #6815, #4602, #9198, #831, #5628, #2078, #6208, #1201, #3163, #6124, #2648, #2635, #1834, #1432, #2549, #535, #8217, #5346, #3213, #9015, #4281, #827, #7135, #3970, #4426, #1810, #5036, #2643, #2115, #6775, #6154, #4160, #606, #8747, #3370, #6782, #5802, #4886, #1543, #442, #6824, #2471, #2883, #4015, #8076, #5541, #8521, #4408, #665, #8388, #5796, #1957, #2405, #9080, #92, #2236, #5569, #8707, #6840, #3363, #2593, #4191, #7546, #8403, #7273, #3934, #2408, #4694, #7216, #414, #1698, #2661, #743, #4766, #5965, #1893, #5957, #1795, #4011, #466, #6890, #5512, #1105, #7623, #830, #1814, #7661, #7876, #1857, #2241, #912, #7284, #8011, #6315, #3209, #4341, #7348, #3782, #2289, #6802, #6610, #6601, #6947, #7906, #8276, #4798, #5827, #6588, #6444, #6101, #4310, #708, #312, #4920, #2209, #4049, #255, #3051, #7530, #128, #8044, #1913, #7160, #6741, #5866, #8130, #301, #197, #347, #256, #6378, #8726, #9221, #2149, #2314, #178, #8158, #3553, #5968, #3349, #6236, #4689, #8047, #8284, #525, #1346, #7166, #7037, #5744, #4393, #1157, #4749, #8823, #9047, #5711, #8057, #8435, #1318, #2871, #2834, #3649, #175, #1502, #3292, #5689, #2881, #667, #3645, #2994, #8476, #1969, #5405, #458, #3382, #2983, #5593, #3170, #7778, #5001, #1784, #3573, #6019, #2519, #8808, #7566 ) ) ;
#8369 = ORIENTED_EDGE ( 'NONE', *, *, #4842, .F. ) ;
#8370 = VECTOR ( 'NONE', #7664, 1000.000000000000000 ) ;
#8371 = EDGE_LOOP ( 'NONE', ( #3479, #5807 ) ) ;
#8372 = VERTEX_POINT ( 'NONE', #698 ) ;
#8373 = ORIENTED_EDGE ( 'NONE', *, *, #5092, .F. ) ;
#8374 = EDGE_CURVE ( 'NONE', #5931, #2564, #1401, .T. ) ;
#8375 = CARTESIAN_POINT ( 'NONE',  ( 22.62499999999998934, -7.999999999999994671, 23.10000000000002274 ) ) ;
#8376 = CARTESIAN_POINT ( 'NONE',  ( -24.49373389049654648, -7.999999999999996447, 9.678233104402590214 ) ) ;
#8377 = LINE ( 'NONE', #5586, #4203 ) ;
#8378 = DIRECTION ( 'NONE',  ( 1.000000000000000000, 0.000000000000000000, 2.881657216719182496E-16 ) ) ;
#8379 = VECTOR ( 'NONE', #7757, 1000.000000000000000 ) ;
#8380 = CARTESIAN_POINT ( 'NONE',  ( -19.62499999999999645, 10.10000000000000142, -19.99999999999999289 ) ) ;
#8381 = VERTEX_POINT ( 'NONE', #7049 ) ;
#8382 = ORIENTED_EDGE ( 'NONE', *, *, #7739, .T. ) ;
#8383 = CARTESIAN_POINT ( 'NONE',  ( 22.56627866080043532, 12.50566558229503045, 2.136962481968929239E-13 ) ) ;
#8384 = CARTESIAN_POINT ( 'NONE',  ( -22.57500000000001705, -3.249999999999994671, 23.10000000000000853 ) ) ;
#8385 = CARTESIAN_POINT ( 'NONE',  ( 26.62499999999999289, 9.952744789166178663, 0.1564250095959690279 ) ) ;
#8386 = DIRECTION ( 'NONE',  ( -1.000000000000000000, 0.000000000000000000, 0.000000000000000000 ) ) ;
#8387 = CARTESIAN_POINT ( 'NONE',  ( 12.26462597115088649, 14.19764896013369260, -14.93363320941062078 ) ) ;
#8388 = ADVANCED_FACE ( 'NONE', ( #6354, #7833 ), #2799, .T. ) ;
#8389 = CARTESIAN_POINT ( 'NONE',  ( -21.95833333333332860, -15.00000000000000000, -3.999999999999996447 ) ) ;
#8390 = B_SPLINE_CURVE_WITH_KNOTS ( 'NONE', 3,
 ( #8225, #4155, #5430, #6884, #7619, #2013, #7707, #4810 ),
 .UNSPECIFIED., .F., .F.,
 ( 4, 2, 2, 4 ),
 ( 0.000000000000000000, 0.006525325176463115176, 0.009787987764694673631, 0.01305065035292623035 ),
 .UNSPECIFIED. ) ;
#8391 = CARTESIAN_POINT ( 'NONE',  ( -16.57500000000001350, -2.624999999999998668, 18.55336663013170551 ) ) ;
#8392 = ORIENTED_EDGE ( 'NONE', *, *, #8859, .T. ) ;
#8393 = ORIENTED_EDGE ( 'NONE', *, *, #1623, .F. ) ;
#8394 = EDGE_LOOP ( 'NONE', ( #4772, #51, #1523, #7433, #2388 ) ) ;
#8395 = CARTESIAN_POINT ( 'NONE',  ( 20.62499999999998934, 5.250000000000000000, 21.10000000000002274 ) ) ;
#8396 = FACE_OUTER_BOUND ( 'NONE', #8701, .T. ) ;
#8397 = ADVANCED_FACE ( 'NONE', ( #5740 ), #2894, .T. ) ;
#8398 = CARTESIAN_POINT ( 'NONE',  ( 22.82088355718306971, -14.16799923439409703, -30.97828103410475720 ) ) ;
#8399 = CARTESIAN_POINT ( 'NONE',  ( 9.675000000000004263, -10.09999999999999609, -29.29999999999998650 ) ) ;
#8400 = CARTESIAN_POINT ( 'NONE',  ( -22.57500000000001705, 2.624999999999995559, 27.64663336986831155 ) ) ;
#8401 = DIRECTION ( 'NONE',  ( -0.000000000000000000, -0.000000000000000000, -1.000000000000000000 ) ) ;
#8402 = CARTESIAN_POINT ( 'NONE',  ( 7.675000000000007816, 7.099999999999995204, -33.09999999999998010 ) ) ;
#8403 = ADVANCED_FACE ( 'NONE', ( #7094 ), #838, .F. ) ;
#8404 = AXIS2_PLACEMENT_3D ( 'NONE', #6540, #2981, #8667 ) ;
#8405 = ORIENTED_EDGE ( 'NONE', *, *, #8075, .T. ) ;
#8406 = EDGE_CURVE ( 'NONE', #4950, #5227, #777, .T. ) ;
#8407 = EDGE_CURVE ( 'NONE', #6155, #3593, #5929, .T. ) ;
#8408 = ORIENTED_EDGE ( 'NONE', *, *, #4291, .F. ) ;
#8409 = LINE ( 'NONE', #625, #6738 ) ;
#8410 = FACE_OUTER_BOUND ( 'NONE', #1223, .T. ) ;
#8411 = VECTOR ( 'NONE', #4260, 1000.000000000000000 ) ;
#8412 = DIRECTION ( 'NONE',  ( 0.000000000000000000, 0.000000000000000000, -1.000000000000000000 ) ) ;
#8413 = LINE ( 'NONE', #5483, #7879 ) ;
#8414 = CARTESIAN_POINT ( 'NONE',  ( -22.68367146858663830, 4.132780177689729051, 19.87384120914456531 ) ) ;
#8415 = CARTESIAN_POINT ( 'NONE',  ( -0.07098521412679641152, 15.46836889292180217, -25.00000000000000000 ) ) ;
#8416 = EDGE_CURVE ( 'NONE', #8631, #4468, #7373, .T. ) ;
#8417 = EDGE_CURVE ( 'NONE', #4372, #1, #8157, .T. ) ;
#8418 = ORIENTED_EDGE ( 'NONE', *, *, #7245, .F. ) ;
#8419 = ORIENTED_EDGE ( 'NONE', *, *, #8487, .T. ) ;
#8420 = VERTEX_POINT ( 'NONE', #6681 ) ;
#8421 = ORIENTED_EDGE ( 'NONE', *, *, #9098, .F. ) ;
#8422 = ORIENTED_EDGE ( 'NONE', *, *, #1750, .F. ) ;
#8423 = DIRECTION ( 'NONE',  ( 1.734723475976807094E-16, 0.000000000000000000, 1.000000000000000000 ) ) ;
#8424 = LINE ( 'NONE', #2788, #5082 ) ;
#8425 = CARTESIAN_POINT ( 'NONE',  ( 12.22901478587320234, 14.49486514259852399, -14.99592521518853161 ) ) ;
#8426 = DIRECTION ( 'NONE',  ( -2.164016633576080887E-32, -1.000000000000000000, 7.509625437129028195E-17 ) ) ;
#8427 = VECTOR ( 'NONE', #5226, 1000.000000000000000 ) ;
#8428 = CARTESIAN_POINT ( 'NONE',  ( -26.13704320855014984, -11.26255484390827277, -0.7541849479694165970 ) ) ;
#8430 = ORIENTED_EDGE ( 'NONE', *, *, #2018, .T. ) ;
#8429 = VECTOR ( 'NONE', #8811, 1000.000000000000000 ) ;
#8431 = EDGE_LOOP ( 'NONE', ( #4688, #337 ) ) ;
#8432 = VECTOR ( 'NONE', #7702, 1000.000000000000000 ) ;
#8433 = CARTESIAN_POINT ( 'NONE',  ( -25.68100743404470165, -10.59159834352341534, 0.2958721078051325670 ) ) ;
#8434 = CARTESIAN_POINT ( 'NONE',  ( -22.57554727908818748, -3.262989400177909616, 22.83781328052167581 ) ) ;
#8435 = ADVANCED_FACE ( 'NONE', ( #8106 ), #3457, .F. ) ;
#8436 = CARTESIAN_POINT ( 'NONE',  ( 7.129014785873202698, 17.98421494571413604, -15.00000000000000000 ) ) ;
#8437 = CARTESIAN_POINT ( 'NONE',  ( 26.62500000000000000, 11.12083830918277094, -12.03976285529074097 ) ) ;
#8438 = CARTESIAN_POINT ( 'NONE',  ( 12.22901478587320234, 14.58540566807859840, -15.00000000000000000 ) ) ;
#8439 = DIRECTION ( 'NONE',  ( 0.000000000000000000, 0.000000000000000000, 1.000000000000000000 ) ) ;
#8440 = CIRCLE ( 'NONE', #7092, 7.999999999999996447 ) ;
#8441 = EDGE_CURVE ( 'NONE', #1480, #60, #8572, .T. ) ;
#8442 = DIRECTION ( 'NONE',  ( 1.000000000000000000, 0.000000000000000000, 2.881657216719182496E-16 ) ) ;
#8443 = EDGE_LOOP ( 'NONE', ( #8306, #8989, #3012, #3753 ) ) ;
#8444 = ORIENTED_EDGE ( 'NONE', *, *, #2838, .F. ) ;
#8445 = ORIENTED_EDGE ( 'NONE', *, *, #1915, .T. ) ;
#8446 = EDGE_CURVE ( 'NONE', #3874, #4604, #9061, .T. ) ;
#8447 = CARTESIAN_POINT ( 'NONE',  ( -24.62499999999998579, 8.000000000000000000, -37.79999999999998295 ) ) ;
#8448 = CARTESIAN_POINT ( 'NONE',  ( -23.16053390593271644, -10.09999999999999076, -19.99999999999999289 ) ) ;
#8449 = VECTOR ( 'NONE', #2248, 1000.000000000000000 ) ;
#8450 = CARTESIAN_POINT ( 'NONE',  ( 26.62500000000000000, 14.16787163341026634, -12.03976285529074097 ) ) ;
#8451 = CARTESIAN_POINT ( 'NONE',  ( -11.07500000000001705, 0.000000000000000000, 23.10000000000001208 ) ) ;
#8452 = CARTESIAN_POINT ( 'NONE',  ( 8.146364177586224997, 14.82947307548878157, -25.00000000000000000 ) ) ;
#8453 = CARTESIAN_POINT ( 'NONE',  ( -19.62499999999999645, -15.00000000000000000, -27.07106781186551814 ) ) ;
#8454 = EDGE_CURVE ( 'NONE', #8549, #1478, #1894, .T. ) ;
#8455 = ORIENTED_EDGE ( 'NONE', *, *, #5982, .T. ) ;
#8456 = CIRCLE ( 'NONE', #3103, 1.049999999999998934 ) ;
#8457 = ORIENTED_EDGE ( 'NONE', *, *, #1548, .F. ) ;
#8458 = CARTESIAN_POINT ( 'NONE',  ( -22.92290701012314003, -1.032742893160254694, 17.33612062441579482 ) ) ;
#8459 = AXIS2_PLACEMENT_3D ( 'NONE', #7346, #3695, #156 ) ;
#8460 = CARTESIAN_POINT ( 'NONE',  ( 9.631932198325799277, 13.81045463806687579, -30.19740901630527929 ) ) ;
#8461 = CARTESIAN_POINT ( 'NONE',  ( -24.61474170365957548, -7.626065251583579396, 9.270105476764758379 ) ) ;
#8462 = DIRECTION ( 'NONE',  ( -1.000000000000000000, 0.000000000000000000, 0.000000000000000000 ) ) ;
#8463 = CARTESIAN_POINT ( 'NONE',  ( 15.12499999999998579, 2.624999999999995559, 26.59663336986832860 ) ) ;
#8464 = CARTESIAN_POINT ( 'NONE',  ( -26.59496624354116889, 8.721671624990079863, 0.09277612500331029743 ) ) ;
#8465 = CARTESIAN_POINT ( 'NONE',  ( -26.62500000000001066, 2.624999999999998668, 17.50336663013171190 ) ) ;
#8466 = VECTOR ( 'NONE', #6316, 1000.000000000000000 ) ;
#8467 = ORIENTED_EDGE ( 'NONE', *, *, #4479, .T. ) ;
#8468 = VECTOR ( 'NONE', #1844, 1000.000000000000000 ) ;
#8469 = EDGE_LOOP ( 'NONE', ( #1681, #5888 ) ) ;
#8470 = ORIENTED_EDGE ( 'NONE', *, *, #841, .F. ) ;
#8471 = ORIENTED_EDGE ( 'NONE', *, *, #8709, .T. ) ;
#8472 = CARTESIAN_POINT ( 'NONE',  ( -9.969448724536016826, 11.99999999999999645, -0.9999999999999885647 ) ) ;
#8473 = EDGE_CURVE ( 'NONE', #6090, #2588, #2076, .T. ) ;
#8474 = CARTESIAN_POINT ( 'NONE',  ( -26.62499999999999645, -15.00000000000000000, -3.999999999999996447 ) ) ;
#8475 = DIRECTION ( 'NONE',  ( 1.000000000000000000, -0.000000000000000000, 2.881657216719182496E-16 ) ) ;
#8476 = ADVANCED_FACE ( 'NONE', ( #7768, #6385 ), #8366, .T. ) ;
#8477 = CARTESIAN_POINT ( 'NONE',  ( -26.62500000000001066, 5.250000000000000000, 22.05000000000001137 ) ) ;
#8478 = CIRCLE ( 'NONE', #2525, 8.000000000000000000 ) ;
#8479 = ORIENTED_EDGE ( 'NONE', *, *, #4982, .T. ) ;
#8480 = ORIENTED_EDGE ( 'NONE', *, *, #3291, .T. ) ;
#8481 = CARTESIAN_POINT ( 'NONE',  ( -26.59496624354116889, -8.721671624989793870, 0.09277612500340964852 ) ) ;
#8482 = CARTESIAN_POINT ( 'NONE',  ( -22.60869829938352282, -4.362812295269489660, 21.30282317340819986 ) ) ;
#8483 = CARTESIAN_POINT ( 'NONE',  ( -26.62499999999998934, 2.599999999999987654, -37.09999999999998721 ) ) ;
#8484 = DIRECTION ( 'NONE',  ( 2.881657216719182496E-16, 0.000000000000000000, -1.000000000000000000 ) ) ;
#8485 = FACE_OUTER_BOUND ( 'NONE', #4802, .T. ) ;
#8486 = CARTESIAN_POINT ( 'NONE',  ( -26.62500000000001066, 2.624999999999998668, 17.50336663013171190 ) ) ;
#8487 = EDGE_CURVE ( 'NONE', #4122, #4372, #6239, .T. ) ;
#8488 = VERTEX_POINT ( 'NONE', #7864 ) ;
#8489 = EDGE_LOOP ( 'NONE', ( #6249, #693, #6158, #7974 ) ) ;
#8490 = ORIENTED_EDGE ( 'NONE', *, *, #872, .F. ) ;
#8491 = CARTESIAN_POINT ( 'NONE',  ( 24.84746962085978694, 11.32575236365477522, 1.000000000000004441 ) ) ;
#8492 = FACE_OUTER_BOUND ( 'NONE', #8586, .T. ) ;
#8493 = FACE_BOUND ( 'NONE', #4172, .T. ) ;
#8494 = FACE_BOUND ( 'NONE', #4373, .T. ) ;
#8495 = CARTESIAN_POINT ( 'NONE',  ( -22.78999999999999204, -8.000000000000000000, -39.29999999999999005 ) ) ;
#8496 = CARTESIAN_POINT ( 'NONE',  ( 24.16401621586552295, -11.71312862596349902, 0.9324397526638733558 ) ) ;
#8497 = DIRECTION ( 'NONE',  ( 0.000000000000000000, 0.000000000000000000, -1.000000000000000000 ) ) ;
#8498 = CARTESIAN_POINT ( 'NONE',  ( 22.62499999999998934, 11.99999999999999467, 23.10000000000001918 ) ) ;
#8499 = ORIENTED_EDGE ( 'NONE', *, *, #4938, .T. ) ;
#8500 = ORIENTED_EDGE ( 'NONE', *, *, #5510, .T. ) ;
#8501 = CARTESIAN_POINT ( 'NONE',  ( -13.49649023082914390, -14.96088833646640737, -26.12850976917092183 ) ) ;
#8502 = AXIS2_PLACEMENT_3D ( 'NONE', #8941, #4644, #3337 ) ;
#8503 = CARTESIAN_POINT ( 'NONE',  ( 25.75185937549461102, 12.11275902115985126, -12.03976285529073920 ) ) ;
#8504 = DIRECTION ( 'NONE',  ( 1.000000000000000000, 0.000000000000000000, 0.000000000000000000 ) ) ;
#8505 = CARTESIAN_POINT ( 'NONE',  ( -10.11225507853549388, -13.88611249427787975, -37.32043550300160462 ) ) ;
#8506 = DIRECTION ( 'NONE',  ( -0.000000000000000000, -0.000000000000000000, 1.000000000000000000 ) ) ;
#8507 = EDGE_CURVE ( 'NONE', #6006, #6801, #1560, .T. ) ;
#8508 = CYLINDRICAL_SURFACE ( 'NONE', #3546, 1.049999999999995381 ) ;
#8509 = CIRCLE ( 'NONE', #3740, 2.000000000000001776 ) ;
#8510 = DIRECTION ( 'NONE',  ( -1.000000000000000000, 0.000000000000000000, -0.000000000000000000 ) ) ;
#8512 = VECTOR ( 'NONE', #3005, 1000.000000000000000 ) ;
#8511 = PRODUCT_CONTEXT ( 'NONE', #2748, 'mechanical' ) ;
#8513 = ORIENTED_EDGE ( 'NONE', *, *, #4121, .T. ) ;
#8514 = ORIENTED_EDGE ( 'NONE', *, *, #7556, .F. ) ;
#8515 = ORIENTED_EDGE ( 'NONE', *, *, #209, .F. ) ;
#8516 = ORIENTED_EDGE ( 'NONE', *, *, #7760, .T. ) ;
#8517 = CARTESIAN_POINT ( 'NONE',  ( -10.43261184457520763, -10.09999999999998366, -16.19238815542516718 ) ) ;
#8518 = CARTESIAN_POINT ( 'NONE',  ( 18.17312819460618911, -13.00000000560882718, 6.938893903907228378E-15 ) ) ;
#8519 = ADVANCED_FACE ( 'NONE', ( #162 ), #3009, .F. ) ;
#8520 = CARTESIAN_POINT ( 'NONE',  ( 21.14211530881433276, 11.99999999999999645, 0.9495190443382031109 ) ) ;
#8521 = ADVANCED_FACE ( 'NONE', ( #4391 ), #8508, .F. ) ;
#8522 = DIRECTION ( 'NONE',  ( 0.000000000000000000, -1.084202172485503941E-16, -1.000000000000000000 ) ) ;
#8523 = AXIS2_PLACEMENT_3D ( 'NONE', #7416, #363, #1670 ) ;
#8524 = EDGE_CURVE ( 'NONE', #1340, #5970, #863, .T. ) ;
#8525 = ORIENTED_EDGE ( 'NONE', *, *, #5267, .F. ) ;
#8526 = EDGE_LOOP ( 'NONE', ( #9013, #817, #2999, #3021 ) ) ;
#8527 = B_SPLINE_CURVE_WITH_KNOTS ( 'NONE', 3,
 ( #8503, #5761, #5102, #2863, #4303, #1422, #1375, #5812, #7764, #8645, #1556, #4387, #2121, #9165, #5621, #7163, #2167, #2773, #7071, #7899, #8460, #2072, #675, #3566, #3519, #6381, #4964, #7810, #4257, #6427, #6564, #7990, #6000, #8132, #1048, #4584 ),
 .UNSPECIFIED., .F., .F.,
 ( 4, 2, 2, 2, 2, 2, 2, 2, 2, 2, 2, 2, 2, 2, 2, 2, 2, 4 ),
 ( 0.000000000000000000, 0.003493801449564656273, 0.005240702174346982892, 0.006987602899129309077, 0.008734503623911635262, 0.01048140434869396231, 0.01397520579825860948, 0.01572210652304094000, 0.01746900724782327052, 0.02096280869738792810, 0.02795041159651723631, 0.03493801449564654799, 0.04192561739477586313, 0.04891322029390517134, 0.05240702174346983239, 0.05415392246825215250, 0.05502737283064331603, 0.05590082319303447261 ),
 .UNSPECIFIED. ) ;
#8528 = EDGE_CURVE ( 'NONE', #5169, #8223, #7124, .T. ) ;
#8529 = EDGE_CURVE ( 'NONE', #1806, #4975, #5721, .T. ) ;
#8530 = CARTESIAN_POINT ( 'NONE',  ( 24.72874206993980195, 11.40509334219907522, 0.09499295234307848779 ) ) ;
#8531 = VECTOR ( 'NONE', #4744, 1000.000000000000000 ) ;
#8532 = DIRECTION ( 'NONE',  ( 1.000000000000000000, -0.000000000000000000, 2.881657216719182496E-16 ) ) ;
#8533 = FACE_OUTER_BOUND ( 'NONE', #1635, .T. ) ;
#8534 = AXIS2_PLACEMENT_3D ( 'NONE', #8402, #7112, #2720 ) ;
#8535 = CARTESIAN_POINT ( 'NONE',  ( -24.51880167001189648, -10.59999999999999609, 6.505745400281708335 ) ) ;
#8536 = CARTESIAN_POINT ( 'NONE',  ( 10.61169042115223604, 13.80351761209911210, 0.000000000000000000 ) ) ;
#8537 = CARTESIAN_POINT ( 'NONE',  ( -26.58130259014061281, -7.999999999999996447, 1.321357987355051389 ) ) ;
#8538 = EDGE_LOOP ( 'NONE', ( #7172, #8946, #1195, #8393, #4641, #8347, #6349, #3614, #2428, #8348 ) ) ;
#8539 = VERTEX_POINT ( 'NONE', #8557 ) ;
#8540 = VECTOR ( 'NONE', #1827, 1000.000000000000000 ) ;
#8541 = VERTEX_POINT ( 'NONE', #2171 ) ;
#8542 = FACE_OUTER_BOUND ( 'NONE', #7146, .T. ) ;
#8543 = DIRECTION ( 'NONE',  ( 0.5999999999999986455, 0.8000000000000011546, -0.000000000000000000 ) ) ;
#8544 = CARTESIAN_POINT ( 'NONE',  ( 4.329014785873203763, 14.19919496893260025, -14.19203966426185204 ) ) ;
#8545 = CYLINDRICAL_SURFACE ( 'NONE', #2379, 0.8499999999999965361 ) ;
#8546 = LINE ( 'NONE', #5852, #3659 ) ;
#8547 = CARTESIAN_POINT ( 'NONE',  ( 7.675000000000005151, 10.10000000000000320, -9.849999999999983658 ) ) ;
#8548 = LINE ( 'NONE', #1418, #7429 ) ;
#8549 = VERTEX_POINT ( 'NONE', #8649 ) ;
#8550 = CARTESIAN_POINT ( 'NONE',  ( 9.599583189851220055, 13.81108172929512179, -13.99999999999999822 ) ) ;
#8551 = DIRECTION ( 'NONE',  ( 0.000000000000000000, 1.000000000000000000, 0.000000000000000000 ) ) ;
#8552 = DIRECTION ( 'NONE',  ( 1.079438565345101231E-14, -0.000000000000000000, 1.000000000000000000 ) ) ;
#8553 = CARTESIAN_POINT ( 'NONE',  ( -25.43211802004501010, -36.63153466595210972, 6.803845367150705314 ) ) ;
#8554 = CARTESIAN_POINT ( 'NONE',  ( -13.29516665764997185, -7.389775147643139697, -37.79341542790253783 ) ) ;
#8555 = CARTESIAN_POINT ( 'NONE',  ( -1.122604028082864192, 14.52279140376062649, -26.00000000000000355 ) ) ;
#8556 = VECTOR ( 'NONE', #8062, 1000.000000000000000 ) ;
#8557 = CARTESIAN_POINT ( 'NONE',  ( -19.62499999999999645, -10.09999999999999076, -19.99999999999999289 ) ) ;
#8558 = DIRECTION ( 'NONE',  ( 0.000000000000000000, 0.000000000000000000, -1.000000000000000000 ) ) ;
#8559 = EDGE_CURVE ( 'NONE', #2326, #2711, #7168, .T. ) ;
#8560 = EDGE_LOOP ( 'NONE', ( #4983, #6710, #3057, #538 ) ) ;
#8561 = ORIENTED_EDGE ( 'NONE', *, *, #8627, .T. ) ;
#8562 = ORIENTED_EDGE ( 'NONE', *, *, #8247, .F. ) ;
#8563 = VECTOR ( 'NONE', #5732, 1000.000000000000000 ) ;
#8564 = ORIENTED_EDGE ( 'NONE', *, *, #6692, .T. ) ;
#8565 = CARTESIAN_POINT ( 'NONE',  ( -13.57500000000000995, 10.09999999999998899, -7.381296623649907229E-15 ) ) ;
#8566 = EDGE_CURVE ( 'NONE', #6899, #3504, #5004, .T. ) ;
#8567 = DIRECTION ( 'NONE',  ( 1.000000000000000000, 0.000000000000000000, 0.000000000000000000 ) ) ;
#8568 = CARTESIAN_POINT ( 'NONE',  ( -16.57500000000001350, -2.625000000000002220, 27.64663336986831510 ) ) ;
#8569 = LINE ( 'NONE', #2884, #4680 ) ;
#8570 = B_SPLINE_CURVE_WITH_KNOTS ( 'NONE', 3,
 ( #6047, #5342, #299, #3146, #6142, #1192 ),
 .UNSPECIFIED., .F., .F.,
 ( 4, 2, 4 ),
 ( 0.1153068019266422911, 0.5041822430629667728, 0.8468987743921970734 ),
 .UNSPECIFIED. ) ;
#8571 = ORIENTED_EDGE ( 'NONE', *, *, #1564, .T. ) ;
#8572 = B_SPLINE_CURVE_WITH_KNOTS ( 'NONE', 3,
 ( #2518, #1336, #5670, #1073, #3906, #679, #1767, #1816, #3426, #4611 ),
 .UNSPECIFIED., .F., .F.,
 ( 4, 2, 2, 2, 4 ),
 ( 0.000000000000000000, 0.0003271445573887371322, 0.0006542891147774742644, 0.0009814336721662114509, 0.001308578229554948529 ),
 .UNSPECIFIED. ) ;
#8573 = ORIENTED_EDGE ( 'NONE', *, *, #8007, .T. ) ;
#8574 = CARTESIAN_POINT ( 'NONE',  ( 12.60539565116750182, 12.59113827404289232, -29.81152150628921760 ) ) ;
#8575 = CARTESIAN_POINT ( 'NONE',  ( -13.57500000000001172, -7.902763757320330207, 5.519797205070843482 ) ) ;
#8576 = CIRCLE ( 'NONE', #4552, 1.834999999999999742 ) ;
#8577 = ADVANCED_FACE ( 'NONE', ( #814 ), #3656, .F. ) ;
#8578 = DIRECTION ( 'NONE',  ( 0.000000000000000000, 0.000000000000000000, -1.000000000000000000 ) ) ;
#8579 = CARTESIAN_POINT ( 'NONE',  ( -16.57500000000001350, -2.625000000000002220, 25.64663336986831155 ) ) ;
#8580 = AXIS2_PLACEMENT_3D ( 'NONE', #329, #1079, #2567 ) ;
#8581 = CARTESIAN_POINT ( 'NONE',  ( 16.62499999999998934, -8.500000000000000000, 15.00000000000000178 ) ) ;
#8582 = CARTESIAN_POINT ( 'NONE',  ( 10.69782862793962153, -10.09999999999999787, -30.72502506497103170 ) ) ;
#8583 = ORIENTED_EDGE ( 'NONE', *, *, #5219, .T. ) ;
#8584 = VECTOR ( 'NONE', #519, 1000.000000000000000 ) ;
#8585 = EDGE_LOOP ( 'NONE', ( #8904, #4331, #2698, #8773 ) ) ;
#8586 = EDGE_LOOP ( 'NONE', ( #7191, #14, #4254, #5570 ) ) ;
#8587 = CARTESIAN_POINT ( 'NONE',  ( 26.62500000000000355, -10.46908258897522970, 0.03758063943892129416 ) ) ;
#8588 = CARTESIAN_POINT ( 'NONE',  ( -12.88747516795277370, 8.395562790926657470, -37.73727486588349223 ) ) ;
#8589 = FACE_BOUND ( 'NONE', #280, .T. ) ;
#8590 = EDGE_CURVE ( 'NONE', #2640, #8068, #1021, .T. ) ;
#8591 = CARTESIAN_POINT ( 'NONE',  ( 8.282295850159680839, 14.91516259938647693, -25.00000000000000000 ) ) ;
#8593 = EDGE_CURVE ( 'NONE', #1495, #4677, #4735, .T. ) ;
#8592 = CARTESIAN_POINT ( 'NONE',  ( -22.96959223057302069, -3.845719274221339745, 16.96373068483043056 ) ) ;
#8594 = FACE_OUTER_BOUND ( 'NONE', #3126, .T. ) ;
#8595 = CARTESIAN_POINT ( 'NONE',  ( -1.824999999999995071, -4.150795011477496669E-15, -39.29999999999999005 ) ) ;
#8596 = ORIENTED_EDGE ( 'NONE', *, *, #8528, .F. ) ;
#8598 = AXIS2_PLACEMENT_3D ( 'NONE', #650, #1261, #2843 ) ;
#8597 = CIRCLE ( 'NONE', #4272, 1.049999999999995381 ) ;
#8599 = DIRECTION ( 'NONE',  ( 0.5556174052149495113, 0.8314380909136932507, 0.000000000000000000 ) ) ;
#8600 = CARTESIAN_POINT ( 'NONE',  ( -10.43261184457520763, -14.88244887111397929, -16.19238815542516718 ) ) ;
#8601 = LINE ( 'NONE', #18, #4346 ) ;
#8602 = CARTESIAN_POINT ( 'NONE',  ( 7.675000000000007816, -2.599999999999995648, -37.09999999999998010 ) ) ;
#8603 = CARTESIAN_POINT ( 'NONE',  ( 26.56171180079281768, -11.12842284376084123, -13.54244982529593599 ) ) ;
#8604 = LINE ( 'NONE', #7902, #7532 ) ;
#8605 = CARTESIAN_POINT ( 'NONE',  ( 7.829014785873203763, 13.94727521435341089, -25.76342814135453807 ) ) ;
#8606 = CARTESIAN_POINT ( 'NONE',  ( 9.446525210442944243, 12.71187893707829808, 0.04059500480627217800 ) ) ;
#8607 = ORIENTED_EDGE ( 'NONE', *, *, #3513, .T. ) ;
#8608 = ORIENTED_EDGE ( 'NONE', *, *, #8907, .F. ) ;
#8609 = VERTEX_POINT ( 'NONE', #6512 ) ;
#8610 = EDGE_CURVE ( 'NONE', #3527, #2303, #2163, .T. ) ;
#8611 = ORIENTED_EDGE ( 'NONE', *, *, #1623, .T. ) ;
#8612 = CARTESIAN_POINT ( 'NONE',  ( 4.170257825665144580, 14.78421494571413675, -14.90437898483313539 ) ) ;
#8613 = CARTESIAN_POINT ( 'NONE',  ( 25.02004173461877912, 11.30849667863149044, -18.69274818159740192 ) ) ;
#8614 = FACE_OUTER_BOUND ( 'NONE', #3983, .T. ) ;
#8615 = EDGE_CURVE ( 'NONE', #4534, #7636, #3008, .T. ) ;
#8616 = VECTOR ( 'NONE', #771, 1000.000000000000000 ) ;
#8617 = CARTESIAN_POINT ( 'NONE',  ( -26.62499999999999645, -10.67871917582953678, -0.5595730586098370818 ) ) ;
#8618 = VECTOR ( 'NONE', #8543, 999.9999999999998863 ) ;
#8619 = CARTESIAN_POINT ( 'NONE',  ( 12.22901478587320234, 14.49486514259852399, -14.99592521518853161 ) ) ;
#8620 = ORIENTED_EDGE ( 'NONE', *, *, #435, .F. ) ;
#8621 = VERTEX_POINT ( 'NONE', #6560 ) ;
#8622 = CARTESIAN_POINT ( 'NONE',  ( -18.11504255746385894, 13.99889937777011539, -38.28450405755989294 ) ) ;
#8623 = CARTESIAN_POINT ( 'NONE',  ( -19.62499999999999645, -15.00000000000000000, -4.000000000000010658 ) ) ;
#8624 = CIRCLE ( 'NONE', #1477, 2.000000000000001776 ) ;
#8625 = CARTESIAN_POINT ( 'NONE',  ( 7.129014785873202698, 17.98421494571413604, -25.00000000000000000 ) ) ;
#8626 = DIRECTION ( 'NONE',  ( 1.079438565345101231E-14, 0.000000000000000000, 1.000000000000000000 ) ) ;
#8627 = EDGE_CURVE ( 'NONE', #167, #5031, #5660, .T. ) ;
#8628 = DIRECTION ( 'NONE',  ( 1.000000000000000000, 0.000000000000000000, 0.000000000000000000 ) ) ;
#8629 = PLANE ( 'NONE',  #7611 ) ;
#8630 = ORIENTED_EDGE ( 'NONE', *, *, #2759, .F. ) ;
#8631 = VERTEX_POINT ( 'NONE', #6465 ) ;
#8632 = ORIENTED_EDGE ( 'NONE', *, *, #5020, .F. ) ;
#8633 = CARTESIAN_POINT ( 'NONE',  ( -0.3659994749896689492, 14.80101646284714967, -25.25804732048609935 ) ) ;
#8634 = CARTESIAN_POINT ( 'NONE',  ( -22.89667870058548615, 11.99999999999999289, -0.2780450491108157340 ) ) ;
#8635 = CARTESIAN_POINT ( 'NONE',  ( 7.829014785873203763, 14.78421494571413852, -25.00000000000000000 ) ) ;
#8636 = CARTESIAN_POINT ( 'NONE',  ( -0.2730636152230564995, 14.90132029319742024, -14.82954963243538060 ) ) ;
#8637 = LINE ( 'NONE', #1596, #2922 ) ;
#8638 = DIRECTION ( 'NONE',  ( -0.000000000000000000, -0.000000000000000000, -1.000000000000000000 ) ) ;
#8639 = CARTESIAN_POINT ( 'NONE',  ( 20.62499999999998934, 2.624999999999995559, 27.64663336986832576 ) ) ;
#8640 = B_SPLINE_SURFACE_WITH_KNOTS ( 'NONE', 2, 1, ( 
 ( #630, #3476 ),
 ( #5624, #7767 ),
 ( #1379, #4968 ) ),
 .UNSPECIFIED., .F., .F., .F.,
 ( 3, 3 ),
 ( 2, 2 ),
 ( 0.01897316060473876881, 1.000000000000000000 ),
 ( 0.000000000000000000, 1.000000000000000000 ),
 .UNSPECIFIED. ) ;
#8641 = ORIENTED_EDGE ( 'NONE', *, *, #8903, .T. ) ;
#8642 = CARTESIAN_POINT ( 'NONE',  ( -22.57500000000001705, 7.250000000000000888, 23.10000000000000853 ) ) ;
#8643 = CARTESIAN_POINT ( 'NONE',  ( -20.15380024153672522, 11.00000000000000000, 2.602085213965210642E-15 ) ) ;
#8644 = EDGE_CURVE ( 'NONE', #7325, #1566, #8548, .T. ) ;
#8645 = CARTESIAN_POINT ( 'NONE',  ( 22.66102071047028232, 12.49456806064027425, -20.69608513331526822 ) ) ;
#8646 = DIRECTION ( 'NONE',  ( -0.000000000000000000, -0.000000000000000000, 1.000000000000000000 ) ) ;
#8647 = CARTESIAN_POINT ( 'NONE',  ( 18.02734604804206953, -12.07273402851674859, -26.37119685682877090 ) ) ;
#8648 = DIRECTION ( 'NONE',  ( -0.000000000000000000, -0.000000000000000000, -1.000000000000000000 ) ) ;
#8649 = CARTESIAN_POINT ( 'NONE',  ( -22.61676944294264402, -5.250000000000000000, 21.10000000000000497 ) ) ;
#8650 = DIRECTION ( 'NONE',  ( 0.000000000000000000, 0.000000000000000000, -1.000000000000000000 ) ) ;
#8651 = EDGE_LOOP ( 'NONE', ( #3030, #4751, #8457, #220 ) ) ;
#8652 = ORIENTED_EDGE ( 'NONE', *, *, #4158, .F. ) ;
#8653 = AXIS2_PLACEMENT_3D ( 'NONE', #6598, #4524, #8729 ) ;
#8654 = ORIENTED_EDGE ( 'NONE', *, *, #7198, .F. ) ;
#8655 = DIRECTION ( 'NONE',  ( 1.000000000000000000, -0.000000000000000000, 2.881657216719182496E-16 ) ) ;
#8656 = CARTESIAN_POINT ( 'NONE',  ( 26.01361273541731478, 12.08022637587146697, -16.34247992424362295 ) ) ;
#8657 = CIRCLE ( 'NONE', #7769, 20.00000000000000000 ) ;
#8658 = DIRECTION ( 'NONE',  ( -1.734723475976807094E-16, -5.222823368532323219E-16, -1.000000000000000000 ) ) ;
#8659 = CARTESIAN_POINT ( 'NONE',  ( 26.62499999999999289, -12.00109074666344888, -12.03976285529074275 ) ) ;
#8660 = DIRECTION ( 'NONE',  ( 1.000000000000000000, 0.000000000000000000, 2.881657216719182496E-16 ) ) ;
#8661 = VECTOR ( 'NONE', #4231, 1000.000000000000000 ) ;
#8662 = ORIENTED_EDGE ( 'NONE', *, *, #6773, .T. ) ;
#8663 = ORIENTED_EDGE ( 'NONE', *, *, #7905, .T. ) ;
#8664 = CARTESIAN_POINT ( 'NONE',  ( 23.43103606526180371, 11.92376514777240892, 0.2926866399624407089 ) ) ;
#8665 = LINE ( 'NONE', #1669, #4725 ) ;
#8666 = CARTESIAN_POINT ( 'NONE',  ( -6.208333333333339255, 8.833333333333348136, -11.41666666666665719 ) ) ;
#8667 = DIRECTION ( 'NONE',  ( 0.000000000000000000, 0.000000000000000000, -1.000000000000000000 ) ) ;
#8668 = CARTESIAN_POINT ( 'NONE',  ( -22.62256308275783212, 11.99999999999999289, -0.9999999999999900080 ) ) ;
#8669 = CARTESIAN_POINT ( 'NONE',  ( -26.62500000000001066, 2.624999999999998668, 18.55336663013170906 ) ) ;
#8670 = ORIENTED_EDGE ( 'NONE', *, *, #6773, .F. ) ;
#8671 = CARTESIAN_POINT ( 'NONE',  ( -4.574999999999995737, 7.200000000000004619, -13.04999999999999893 ) ) ;
#8672 = ORIENTED_EDGE ( 'NONE', *, *, #8566, .T. ) ;
#8673 = ORIENTED_EDGE ( 'NONE', *, *, #210, .T. ) ;
#8674 = VECTOR ( 'NONE', #3371, 1000.000000000000000 ) ;
#8675 = ORIENTED_EDGE ( 'NONE', *, *, #8784, .F. ) ;
#8676 = CARTESIAN_POINT ( 'NONE',  ( -1.122604028082864192, 14.52279140376062649, -26.00000000000000355 ) ) ;
#8677 = CARTESIAN_POINT ( 'NONE',  ( 12.37858424892283438, 13.95158699385443590, -25.20218882888352141 ) ) ;
#8678 = B_SPLINE_CURVE_WITH_KNOTS ( 'NONE', 2,
 ( #3096, #6043, #294 ),
 .UNSPECIFIED., .F., .F.,
 ( 3, 3 ),
 ( 0.5115381098844187235, 0.8008093822359637626 ),
 .UNSPECIFIED. ) ;
#8679 = CARTESIAN_POINT ( 'NONE',  ( -24.62499999999998934, -8.000000000000000000, -37.79999999999998295 ) ) ;
#8680 = EDGE_CURVE ( 'NONE', #4173, #6561, #558, .T. ) ;
#8681 = DIRECTION ( 'NONE',  ( -1.000000000000000000, 0.000000000000000000, -1.765621858500567205E-16 ) ) ;
#8682 = CARTESIAN_POINT ( 'NONE',  ( -23.02445639404653122, -2.624999999999998668, 16.55336663013170195 ) ) ;
#8683 = LINE ( 'NONE', #102, #1248 ) ;
#8684 = CARTESIAN_POINT ( 'NONE',  ( 4.329014785873201987, 14.19919496893260025, -19.26490000000000080 ) ) ;
#8685 = AXIS2_PLACEMENT_3D ( 'NONE', #7853, #7019, #3374 ) ;
#8686 = CIRCLE ( 'NONE', #645, 1.049999999999995381 ) ;
#8687 = VERTEX_POINT ( 'NONE', #151 ) ;
#8688 = EDGE_CURVE ( 'NONE', #4625, #5935, #8922, .T. ) ;
#8689 = CARTESIAN_POINT ( 'NONE',  ( 25.40308702607473634, 12.15719045456846814, 1.000000000000004441 ) ) ;
#8690 = CARTESIAN_POINT ( 'NONE',  ( -26.62500000000001066, 2.624999999999995559, 28.69663336986830871 ) ) ;
#8691 = CARTESIAN_POINT ( 'NONE',  ( -23.16053390593257788, -15.00000000000000000, -6.999999999999993783 ) ) ;
#8692 = CARTESIAN_POINT ( 'NONE',  ( -26.62499999999998934, 10.10000000000000142, -33.09999999999998721 ) ) ;
#8693 = CARTESIAN_POINT ( 'NONE',  ( 2.604710080709735198, -13.33032328131849020, -34.00622780291982394 ) ) ;
#8694 = EDGE_CURVE ( 'NONE', #774, #8114, #3647, .T. ) ;
#8695 = LINE ( 'NONE', #1516, #74 ) ;
#8696 = CARTESIAN_POINT ( 'NONE',  ( -22.89712706023620825, 4.361705391106196039, 17.55295425654985664 ) ) ;
#8697 = CARTESIAN_POINT ( 'NONE',  ( 12.67500000000000604, 10.10000000000000142, 13.64553149005147326 ) ) ;
#8698 = EDGE_CURVE ( 'NONE', #8100, #2294, #4589, .T. ) ;
#8699 = EDGE_CURVE ( 'NONE', #358, #972, #103, .T. ) ;
#8700 = VERTEX_POINT ( 'NONE', #4959 ) ;
#8701 = EDGE_LOOP ( 'NONE', ( #6627, #1859, #5794, #3412, #8905, #703 ) ) ;
#8702 = ORIENTED_EDGE ( 'NONE', *, *, #4525, .F. ) ;
#8703 = CARTESIAN_POINT ( 'NONE',  ( -10.37500000000001243, 13.89420390306111308, -1.356809399990957621 ) ) ;
#8704 = DIRECTION ( 'NONE',  ( -1.000000000000000000, 0.000000000000000000, 0.000000000000000000 ) ) ;
#8705 = CARTESIAN_POINT ( 'NONE',  ( 3.024999999999989697, -14.28421494571413852, -19.26489999999999725 ) ) ;
#8706 = CARTESIAN_POINT ( 'NONE',  ( 23.00324048767109630, -12.45440959632064271, -21.72500727616072780 ) ) ;
#8707 = ADVANCED_FACE ( 'NONE', ( #4251, #12 ), #5052, .T. ) ;
#8708 = DIRECTION ( 'NONE',  ( 1.000000000000000000, 0.000000000000000000, 0.000000000000000000 ) ) ;
#8709 = EDGE_CURVE ( 'NONE', #2200, #7077, #5005, .T. ) ;
#8710 = CIRCLE ( 'NONE', #2162, 2.000000000000001776 ) ;
#8711 = EDGE_LOOP ( 'NONE', ( #1972, #2342, #6360, #6850, #5367, #3301 ) ) ;
#8712 = EDGE_LOOP ( 'NONE', ( #1249, #829 ) ) ;
#8713 = CARTESIAN_POINT ( 'NONE',  ( 26.05763645762346314, 11.18756346317076655, -16.15990216305125671 ) ) ;
#8714 = DIRECTION ( 'NONE',  ( 0.000000000000000000, 1.000000000000000000, 8.587739980083203670E-17 ) ) ;
#8715 = CARTESIAN_POINT ( 'NONE',  ( 7.129014785873202698, 17.98421494571413604, -25.00000000000000000 ) ) ;
#8716 = CARTESIAN_POINT ( 'NONE',  ( -11.07500000000001883, 2.624999999999995559, 26.59663336986832149 ) ) ;
#8717 = B_SPLINE_SURFACE_WITH_KNOTS ( 'NONE', 2, 1, ( 
 ( #6624, #5731 ),
 ( #6441, #2139 ),
 ( #1438, #2182 ) ),
 .UNSPECIFIED., .F., .F., .F.,
 ( 3, 3 ),
 ( 2, 2 ),
 ( 0.000000000000000000, 0.9810268393951432353 ),
 ( 0.000000000000000000, 1.000000000000000000 ),
 .UNSPECIFIED. ) ;
#8718 = CARTESIAN_POINT ( 'NONE',  ( -20.86429499722575187, 10.10000000000000320, -8.433895038112627418 ) ) ;
#8719 = B_SPLINE_CURVE_WITH_KNOTS ( 'NONE', 2,
 ( #4875, #5626, #6477 ),
 .UNSPECIFIED., .F., .F.,
 ( 3, 3 ),
 ( 0.1835034202300997730, 0.5115381098844183905 ),
 .UNSPECIFIED. ) ;
#8720 = CYLINDRICAL_SURFACE ( 'NONE', #3073, 1.834999999999999742 ) ;
#8721 = VERTEX_POINT ( 'NONE', #4340 ) ;
#8722 = DIRECTION ( 'NONE',  ( 0.000000000000000000, 0.000000000000000000, -1.000000000000000000 ) ) ;
#8723 = ORIENTED_EDGE ( 'NONE', *, *, #2122, .T. ) ;
#8724 = EDGE_LOOP ( 'NONE', ( #1281, #4925, #5066, #2609, #4194 ) ) ;
#8725 = ORIENTED_EDGE ( 'NONE', *, *, #8185, .F. ) ;
#8726 = ADVANCED_FACE ( 'NONE', ( #4299 ), #2255, .F. ) ;
#8727 = DIRECTION ( 'NONE',  ( -0.000000000000000000, 1.000000000000000000, -0.000000000000000000 ) ) ;
#8728 = CARTESIAN_POINT ( 'NONE',  ( -24.62499999999998579, 8.000000000000000000, -39.29999999999999005 ) ) ;
#8729 = DIRECTION ( 'NONE',  ( 1.000000000000000000, 0.000000000000000000, 0.000000000000000000 ) ) ;
#8730 = AXIS2_PLACEMENT_3D ( 'NONE', #2229, #1435, #4269 ) ;
#8731 = LINE ( 'NONE', #5189, #4147 ) ;
#8732 = EDGE_CURVE ( 'NONE', #5208, #1136, #6402, .T. ) ;
#8733 = CARTESIAN_POINT ( 'NONE',  ( 11.22901478587320234, 19.28421494571414030, -25.00000000000000000 ) ) ;
#8734 = LINE ( 'NONE', #7338, #2442 ) ;
#8735 = AXIS2_PLACEMENT_3D ( 'NONE', #3452, #4899, #7746 ) ;
#8736 = DIRECTION ( 'NONE',  ( 0.000000000000000000, 0.000000000000000000, -1.000000000000000000 ) ) ;
#8737 = CIRCLE ( 'NONE', #2336, 2.000000000000001776 ) ;
#8738 = ORIENTED_EDGE ( 'NONE', *, *, #5716, .F. ) ;
#8739 = CARTESIAN_POINT ( 'NONE',  ( 20.62499999999998934, -5.250000000000000000, 23.10000000000002274 ) ) ;
#8740 = LINE ( 'NONE', #8690, #867 ) ;
#8741 = AXIS2_PLACEMENT_3D ( 'NONE', #7933, #4374, #3084 ) ;
#8742 = CARTESIAN_POINT ( 'NONE',  ( 7.675000000000007816, 10.10000000000000320, -10.00000000000000178 ) ) ;
#8743 = CARTESIAN_POINT ( 'NONE',  ( -11.07500000000001528, 2.624999999999998668, 19.60336663013170622 ) ) ;
#8744 = PLANE ( 'NONE',  #6405 ) ;
#8745 = LINE ( 'NONE', #2359, #374 ) ;
#8746 = DIRECTION ( 'NONE',  ( 1.000000000000000000, 0.000000000000000000, 2.881657216719182496E-16 ) ) ;
#8747 = ADVANCED_FACE ( 'NONE', ( #4481 ), #3873, .T. ) ;
#8748 = AXIS2_PLACEMENT_3D ( 'NONE', #8781, #4710, #7473 ) ;
#8749 = ORIENTED_EDGE ( 'NONE', *, *, #7710, .F. ) ;
#8750 = VERTEX_POINT ( 'NONE', #6698 ) ;
#8751 = ORIENTED_EDGE ( 'NONE', *, *, #1399, .T. ) ;
#8752 = CARTESIAN_POINT ( 'NONE',  ( -13.96814575050796670, 10.10000000000000142, -19.72792206135788717 ) ) ;
#8753 = CARTESIAN_POINT ( 'NONE',  ( 25.47829710143618342, 12.14767134098050683, -14.93970830946192230 ) ) ;
#8754 = LINE ( 'NONE', #8194, #5050 ) ;
#8755 = AXIS2_PLACEMENT_3D ( 'NONE', #330, #4052, #6217 ) ;
#8756 = CARTESIAN_POINT ( 'NONE',  ( 20.32946951419599202, -12.76533469070379390, -23.27448429404522301 ) ) ;
#8757 = CARTESIAN_POINT ( 'NONE',  ( -24.26063621812456006, -9.045434824933344942, 9.992396057676167231 ) ) ;
#8758 = ORIENTED_EDGE ( 'NONE', *, *, #7843, .F. ) ;
#8759 = ORIENTED_EDGE ( 'NONE', *, *, #2094, .T. ) ;
#8760 = EDGE_CURVE ( 'NONE', #6868, #4468, #3111, .T. ) ;
#8761 = VECTOR ( 'NONE', #7903, 1000.000000000000000 ) ;
#8762 = EDGE_CURVE ( 'NONE', #1480, #6827, #1780, .T. ) ;
#8763 = PLANE ( 'NONE',  #2027 ) ;
#8764 = CARTESIAN_POINT ( 'NONE',  ( 25.62916715191122918, -12.12856087642846070, -14.37958119726558159 ) ) ;
#8765 = VECTOR ( 'NONE', #2492, 1000.000000000000000 ) ;
#8766 = DIRECTION ( 'NONE',  ( 1.000000000000000000, 0.000000000000000000, 2.881657216719182496E-16 ) ) ;
#8767 = DIRECTION ( 'NONE',  ( 0.000000000000000000, 0.000000000000000000, 1.000000000000000000 ) ) ;
#8768 = CARTESIAN_POINT ( 'NONE',  ( -26.64920573346223875, 10.66429688035493584, -0.5547656267849704337 ) ) ;
#8769 = DIRECTION ( 'NONE',  ( 1.000000000000000000, 0.000000000000000000, 2.881657216719182496E-16 ) ) ;
#8770 = VECTOR ( 'NONE', #514, 1000.000000000000000 ) ;
#8771 = ORIENTED_EDGE ( 'NONE', *, *, #2765, .T. ) ;
#8772 = CARTESIAN_POINT ( 'NONE',  ( -26.62500000000001066, -2.624999999999998668, 16.55336663013170195 ) ) ;
#8773 = ORIENTED_EDGE ( 'NONE', *, *, #896, .F. ) ;
#8774 = VERTEX_POINT ( 'NONE', #1645 ) ;
#8775 = CIRCLE ( 'NONE', #5804, 1.000000000000000000 ) ;
#8776 = ORIENTED_EDGE ( 'NONE', *, *, #4078, .F. ) ;
#8777 = CARTESIAN_POINT ( 'NONE',  ( 20.62499999999998934, -2.625000000000002220, 27.64663336986832576 ) ) ;
#8778 = DIRECTION ( 'NONE',  ( 0.6652809670318275970, -0.7465930852246063232, -0.000000000000000000 ) ) ;
#8779 = CARTESIAN_POINT ( 'NONE',  ( -22.64546716826244221, -2.099703023775533417, 20.50072697976725067 ) ) ;
#8780 = CARTESIAN_POINT ( 'NONE',  ( 25.75185937549459680, -12.11275902115984948, -12.03976285529073920 ) ) ;
#8781 = CARTESIAN_POINT ( 'NONE',  ( -13.57500000000001172, -8.768250222726479137, 9.023281615182138893 ) ) ;
#8782 = CIRCLE ( 'NONE', #738, 1.000000000000000888 ) ;
#8783 = FACE_OUTER_BOUND ( 'NONE', #6828, .T. ) ;
#8784 = EDGE_CURVE ( 'NONE', #4372, #4122, #1342, .T. ) ;
#8785 = CARTESIAN_POINT ( 'NONE',  ( -26.84991221830399866, -7.399999999999996803, 6.640297038308731636 ) ) ;
#8786 = ORIENTED_EDGE ( 'NONE', *, *, #9098, .T. ) ;
#8787 = ORIENTED_EDGE ( 'NONE', *, *, #5194, .F. ) ;
#8788 = DIRECTION ( 'NONE',  ( -2.881657216719182496E-16, 0.000000000000000000, 1.000000000000000000 ) ) ;
#8789 = CYLINDRICAL_SURFACE ( 'NONE', #9063, 1.000000000000000888 ) ;
#8790 = CARTESIAN_POINT ( 'NONE',  ( 7.829014785873205540, 13.94727521435340911, -13.99999999999999822 ) ) ;
#8791 = CARTESIAN_POINT ( 'NONE',  ( -13.57500000000001883, 0.000000000000000000, 30.10000000000001563 ) ) ;
#8792 = CARTESIAN_POINT ( 'NONE',  ( -18.57500000000001705, 0.000000000000000000, 23.10000000000000853 ) ) ;
#8793 = CARTESIAN_POINT ( 'NONE',  ( 11.23747779283885961, 12.16591649921432605, 0.4308096127825833954 ) ) ;
#8794 = ORIENTED_EDGE ( 'NONE', *, *, #5588, .T. ) ;
#8795 = VERTEX_POINT ( 'NONE', #3738 ) ;
#8796 = EDGE_LOOP ( 'NONE', ( #2642, #6214, #979, #4018 ) ) ;
#8797 = B_SPLINE_SURFACE_WITH_KNOTS ( 'NONE', 3, 1, ( 
 ( #6231, #5562 ),
 ( #4107, #1922 ),
 ( #6182, #3929 ),
 ( #7618, #6883 ),
 ( #1230, #480 ),
 ( #4066, #4809 ) ),
 .UNSPECIFIED., .F., .F., .F.,
 ( 4, 2, 4 ),
 ( 2, 2 ),
 ( -0.09551258113718091858, 0.5116974141758972028, 1.079600292504607095 ),
 ( 0.000000000000000000, 1.000000000000000000 ),
 .UNSPECIFIED. ) ;
#8798 = CARTESIAN_POINT ( 'NONE',  ( -25.11520958665179393, -11.14149684059777812, 0.07606472192053145842 ) ) ;
#8799 = ADVANCED_FACE ( 'NONE', ( #8123 ), #6786, .F. ) ;
#8800 = CARTESIAN_POINT ( 'NONE',  ( -18.45663140135964397, 14.99857502726100300, -37.28044889998371048 ) ) ;
#8801 = CARTESIAN_POINT ( 'NONE',  ( 5.029014785873203053, 17.98421494571413604, -25.00000000000000000 ) ) ;
#8802 = EDGE_CURVE ( 'NONE', #406, #3503, #381, .T. ) ;
#8803 = CARTESIAN_POINT ( 'NONE',  ( 26.62500000207259632, -12.00109074638917583, -12.65848064718538701 ) ) ;
#8804 = CARTESIAN_POINT ( 'NONE',  ( 20.62499999999998934, 5.250000000000000000, 25.10000000000002629 ) ) ;
#8805 = VECTOR ( 'NONE', #2101, 1000.000000000000000 ) ;
#8806 = EDGE_LOOP ( 'NONE', ( #5546, #313, #8369, #7082, #5254, #3470 ) ) ;
#8807 = ORIENTED_EDGE ( 'NONE', *, *, #2135, .F. ) ;
#8808 = ADVANCED_FACE ( 'NONE', ( #5896 ), #2397, .F. ) ;
#8809 = VECTOR ( 'NONE', #4556, 1000.000000000000000 ) ;
#8810 = ADVANCED_FACE ( 'NONE', ( #6649, #5945 ), #5242, .F. ) ;
#8811 = DIRECTION ( 'NONE',  ( 2.881657216719182496E-16, -7.509625437129028195E-17, -1.000000000000000000 ) ) ;
#8812 = CARTESIAN_POINT ( 'NONE',  ( -1.824999999999995071, -4.150795011477496669E-15, -35.79999999999999005 ) ) ;
#8813 = FACE_OUTER_BOUND ( 'NONE', #3293, .T. ) ;
#8814 = AXIS2_PLACEMENT_3D ( 'NONE', #3567, #2680, #3379 ) ;
#8815 = CARTESIAN_POINT ( 'NONE',  ( -19.62499999999999645, -15.00000000000000000, -14.07106781186553945 ) ) ;
#8816 = CARTESIAN_POINT ( 'NONE',  ( -22.62256308275782501, 11.99999999999999289, -0.2792407799438636484 ) ) ;
#8817 = EDGE_CURVE ( 'NONE', #6437, #186, #6965, .T. ) ;
#8818 = CARTESIAN_POINT ( 'NONE',  ( 13.13744632142985935, 13.49906635955071899, -13.99999999999999822 ) ) ;
#8819 = ORIENTED_EDGE ( 'NONE', *, *, #4572, .F. ) ;
#8820 = DIRECTION ( 'NONE',  ( 0.000000000000000000, 1.000000000000000000, 0.000000000000000000 ) ) ;
#8821 = ADVANCED_FACE ( 'NONE', ( #2575 ), #6132, .T. ) ;
#8822 = ORIENTED_EDGE ( 'NONE', *, *, #5122, .T. ) ;
#8823 = ADVANCED_FACE ( 'NONE', ( #3408 ), #1618, .F. ) ;
#8824 = VERTEX_POINT ( 'NONE', #5421 ) ;
#8825 = CARTESIAN_POINT ( 'NONE',  ( -23.75244332110656487, -11.84580912008978260, -0.9486030400295284437 ) ) ;
#8826 = CARTESIAN_POINT ( 'NONE',  ( 12.26462597115088649, 14.19764896013369260, -25.06636679058938810 ) ) ;
#8827 = DIRECTION ( 'NONE',  ( 1.000000000000000000, 0.000000000000000000, 0.000000000000000000 ) ) ;
#8828 = CARTESIAN_POINT ( 'NONE',  ( -17.73932361996342522, 15.00000000000000000, -15.95674419190220839 ) ) ;
#8829 = LINE ( 'NONE', #8121, #1156 ) ;
#8830 = CARTESIAN_POINT ( 'NONE',  ( 22.80952370847667865, -12.47677082109312252, 4.982436345512523605E-13 ) ) ;
#8831 = CIRCLE ( 'NONE', #1233, 2.000000000000001776 ) ;
#8832 = CARTESIAN_POINT ( 'NONE',  ( -23.02445639404653122, 2.624999999999998668, 16.55336663013170195 ) ) ;
#8833 =( BOUNDED_SURFACE ( )  B_SPLINE_SURFACE ( 3, 2, ( 
 ( #2481, #5329, #7428 ),
 ( #8171, #7472, #7979 ),
 ( #3824, #5851, #5142 ),
 ( #6691, #3039, #4477 ),
 ( #7335, #1594, #5893 ),
 ( #3133, #2347, #944 ),
 ( #3783, #6646, #238 ),
 ( #5940, #6917, #559 ),
 ( #5508, #5463, #8341 ),
 ( #4054, #8216, #2531 ),
 ( #5372, #4665, #8921 ),
 ( #4143, #6081, #1825 ) ),
 .UNSPECIFIED., .F., .F., .T. ) 
 B_SPLINE_SURFACE_WITH_KNOTS ( ( 4, 2, 2, 2, 2, 4 ),
 ( 3, 3 ),
 ( 0.04419281345311835973, 0.04827988698477975182, 0.05032342375061044093, 0.05134519213352578548, 0.05236696051644113697, 0.06054110757976391421 ),
 ( 0.000000000000000000, 1.000000000000000000 ),
 .UNSPECIFIED. ) 
 GEOMETRIC_REPRESENTATION_ITEM ( )  RATIONAL_B_SPLINE_SURFACE ( (
 ( 1.000000000000000000, 0.7071067811865474617, 1.000000000000000000),
 ( 1.000000000000000000, 0.7071067811865474617, 1.000000000000000000),
 ( 1.000000000000000000, 0.7071067811865474617, 1.000000000000000000),
 ( 1.000000000000000000, 0.7071067811865474617, 1.000000000000000000),
 ( 1.000000000000000000, 0.7071067811865474617, 1.000000000000000000),
 ( 1.000000000000000000, 0.7071067811865474617, 1.000000000000000000),
 ( 1.000000000000000000, 0.7071067811865476838, 1.000000000000000000),
 ( 1.000000000000000000, 0.7071067811865476838, 1.000000000000000000),
 ( 1.000000000000000000, 0.7071067811865474617, 1.000000000000000000),
 ( 1.000000000000000000, 0.7071067811865474617, 1.000000000000000000),
 ( 1.000000000000000000, 0.7071067811865476838, 1.000000000000000000),
 ( 1.000000000000000000, 0.7071067811865476838, 1.000000000000000000) ) ) 
 REPRESENTATION_ITEM ( '' )  SURFACE ( )  );
#8834 = VERTEX_POINT ( 'NONE', #8260 ) ;
#8835 = VERTEX_POINT ( 'NONE', #6177 ) ;
#8836 = B_SPLINE_CURVE_WITH_KNOTS ( 'NONE', 3,
 ( #8676, #3596, #7149, #4473, #753, #8633, #8027, #234, #6458, #52 ),
 .UNSPECIFIED., .F., .F.,
 ( 4, 2, 2, 2, 4 ),
 ( -6.324563204017967592E-06, 0.0004696634379047269579, 0.0009456514390134718867, 0.001421639440122216816, 0.001897627441230961744 ),
 .UNSPECIFIED. ) ;
#8837 = ORIENTED_EDGE ( 'NONE', *, *, #2890, .T. ) ;
#8838 = DIRECTION ( 'NONE',  ( 1.000000000000000000, 0.000000000000000000, 2.881657216719182496E-16 ) ) ;
#8839 = CARTESIAN_POINT ( 'NONE',  ( 25.75185937549459325, 12.11275902115985303, 0.000000000000000000 ) ) ;
#8840 = CARTESIAN_POINT ( 'NONE',  ( 7.829014785873207316, 14.33739409578974744, -14.82579978861888037 ) ) ;
#8841 = CIRCLE ( 'NONE', #5705, 24.00000000000000711 ) ;
#8842 = DIRECTION ( 'NONE',  ( 0.000000000000000000, 0.000000000000000000, -1.000000000000000000 ) ) ;
#8843 = LINE ( 'NONE', #4023, #2021 ) ;
#8844 = AXIS2_PLACEMENT_3D ( 'NONE', #7579, #5384, #8227 ) ;
#8845 = DIRECTION ( 'NONE',  ( -0.000000000000000000, -0.000000000000000000, 1.000000000000000000 ) ) ;
#8846 = B_SPLINE_CURVE_WITH_KNOTS ( 'NONE', 3,
 ( #1416, #3559, #4814, #7803 ),
 .UNSPECIFIED., .F., .F.,
 ( 4, 4 ),
 ( 0.0004024183617108909299, 0.001802556152537212759 ),
 .UNSPECIFIED. ) ;
#8847 = ORIENTED_EDGE ( 'NONE', *, *, #8454, .T. ) ;
#8848 = ORIENTED_EDGE ( 'NONE', *, *, #4986, .T. ) ;
#8849 = ORIENTED_EDGE ( 'NONE', *, *, #9220, .T. ) ;
#8850 = DIRECTION ( 'NONE',  ( 0.000000000000000000, -1.000000000000000000, 0.000000000000000000 ) ) ;
#8851 = CARTESIAN_POINT ( 'NONE',  ( -10.35709542523573035, 14.88793001249372416, -36.35166141953087049 ) ) ;
#8852 = CARTESIAN_POINT ( 'NONE',  ( -15.85370546864755781, -14.98518995130042519, -30.84236234321800652 ) ) ;
#8853 = LINE ( 'NONE', #3942, #4141 ) ;
#8854 = CARTESIAN_POINT ( 'NONE',  ( 10.04334794075496085, -13.77685293241028575, -31.07156462203222347 ) ) ;
#8855 = DIRECTION ( 'NONE',  ( 1.000000000000000000, -0.000000000000000000, 2.881657216719182496E-16 ) ) ;
#8856 = ADVANCED_FACE ( 'NONE', ( #2664 ), #1222, .F. ) ;
#8857 = ORIENTED_EDGE ( 'NONE', *, *, #4538, .T. ) ;
#8858 = ORIENTED_EDGE ( 'NONE', *, *, #5110, .T. ) ;
#8859 = EDGE_CURVE ( 'NONE', #6178, #7118, #7521, .T. ) ;
#8860 = CARTESIAN_POINT ( 'NONE',  ( 3.024999999999989697, -15.00000000000000000, -10.00000000000000000 ) ) ;
#8861 = DIRECTION ( 'NONE',  ( 1.000000000000000000, -0.000000000000000000, 2.881657216719182496E-16 ) ) ;
#8862 = FACE_OUTER_BOUND ( 'NONE', #3175, .T. ) ;
#8863 = CYLINDRICAL_SURFACE ( 'NONE', #1263, 1.000000000000001776 ) ;
#8864 = CARTESIAN_POINT ( 'NONE',  ( -17.73932361996333995, 15.00000000000000000, -28.95674419190220306 ) ) ;
#8865 = AXIS2_PLACEMENT_3D ( 'NONE', #5129, #7967, #7278 ) ;
#8866 = CARTESIAN_POINT ( 'NONE',  ( 7.892821784336615742, -12.09999999999999964, -29.80643373951743058 ) ) ;
#8867 = ORIENTED_EDGE ( 'NONE', *, *, #6763, .F. ) ;
#8868 = DIRECTION ( 'NONE',  ( 1.000000000000000000, 0.000000000000000000, 2.881657216719182496E-16 ) ) ;
#8869 = ORIENTED_EDGE ( 'NONE', *, *, #8318, .T. ) ;
#8870 = ORIENTED_EDGE ( 'NONE', *, *, #3154, .T. ) ;
#8871 = EDGE_CURVE ( 'NONE', #7078, #7701, #2708, .T. ) ;
#8872 = DIRECTION ( 'NONE',  ( -1.000000000000000000, -0.000000000000000000, -1.765621858500567205E-16 ) ) ;
#8873 = DIRECTION ( 'NONE',  ( 1.765621858500567205E-16, 0.000000000000000000, -1.000000000000000000 ) ) ;
#8874 = CARTESIAN_POINT ( 'NONE',  ( -22.70637882846012445, -0.8877817745811356076, 19.55296156849436429 ) ) ;
#8875 = DIRECTION ( 'NONE',  ( 0.000000000000000000, 0.000000000000000000, -1.000000000000000000 ) ) ;
#8876 = CARTESIAN_POINT ( 'NONE',  ( -22.70638116758082603, -4.362197798488254286, 19.55294064928689579 ) ) ;
#8877 = CARTESIAN_POINT ( 'NONE',  ( 22.79576562227009973, -12.00192119395095069, 0.2936487645715967210 ) ) ;
#8878 = CARTESIAN_POINT ( 'NONE',  ( -22.81641120363768849, 0.6254279662576877064, 18.28973360767383483 ) ) ;
#8879 = ORIENTED_EDGE ( 'NONE', *, *, #2599, .F. ) ;
#8880 = ORIENTED_EDGE ( 'NONE', *, *, #4130, .T. ) ;
#8881 = ORIENTED_EDGE ( 'NONE', *, *, #13, .T. ) ;
#8882 = CARTESIAN_POINT ( 'NONE',  ( 5.297386856978961056, -2.602085213965210642E-15, -36.29999999999998295 ) ) ;
#8883 = EDGE_CURVE ( 'NONE', #8795, #6851, #3971, .T. ) ;
#8884 = CARTESIAN_POINT ( 'NONE',  ( 3.570122197767649830, 15.25135460600989390, -25.00000000000000000 ) ) ;
#8885 = CARTESIAN_POINT ( 'NONE',  ( -13.57500000000000995, -11.65578372105890637, -0.04687528510470147236 ) ) ;
#8886 = EDGE_CURVE ( 'NONE', #60, #922, #5600, .T. ) ;
#8887 = AXIS2_PLACEMENT_3D ( 'NONE', #1504, #3601, #8031 ) ;
#8888 = FACE_OUTER_BOUND ( 'NONE', #8489, .T. ) ;
#8889 = CARTESIAN_POINT ( 'NONE',  ( -10.37500000000001066, 10.87962713085240196, 0.000000000000000000 ) ) ;
#8890 = DIRECTION ( 'NONE',  ( 0.7071067811865514585, 0.000000000000000000, 0.7071067811865435759 ) ) ;
#8891 = AXIS2_PLACEMENT_3D ( 'NONE', #2037, #7729, #1343 ) ;
#8892 = ORIENTED_EDGE ( 'NONE', *, *, #3442, .T. ) ;
#8893 = ORIENTED_EDGE ( 'NONE', *, *, #7720, .T. ) ;
#8894 = AXIS2_PLACEMENT_3D ( 'NONE', #459, #4562, #1028 ) ;
#8895 = ORIENTED_EDGE ( 'NONE', *, *, #4537, .T. ) ;
#8896 = DIRECTION ( 'NONE',  ( 0.000000000000000000, 0.000000000000000000, -1.000000000000000000 ) ) ;
#8897 = CARTESIAN_POINT ( 'NONE',  ( 11.52366262185832646, 14.64827129083561807, -25.00000000000000000 ) ) ;
#8898 = DIRECTION ( 'NONE',  ( 0.000000000000000000, -6.684511119632265904E-17, -1.000000000000000000 ) ) ;
#8899 = DIRECTION ( 'NONE',  ( 1.000000000000000000, 0.000000000000000000, 2.881657216719182496E-16 ) ) ;
#8900 = CARTESIAN_POINT ( 'NONE',  ( -14.97250688638160732, -14.97178922324052408, -37.01108062670854792 ) ) ;
#8901 = DIRECTION ( 'NONE',  ( -0.000000000000000000, -0.000000000000000000, 1.000000000000000000 ) ) ;
#8902 = AXIS2_PLACEMENT_3D ( 'NONE', #3341, #8901, #6759 ) ;
#8903 = EDGE_CURVE ( 'NONE', #6851, #1890, #425, .T. ) ;
#8904 = ORIENTED_EDGE ( 'NONE', *, *, #899, .F. ) ;
#8905 = ORIENTED_EDGE ( 'NONE', *, *, #4138, .F. ) ;
#8906 = CIRCLE ( 'NONE', #552, 0.8499999999999957589 ) ;
#8907 = EDGE_CURVE ( 'NONE', #9033, #5677, #6836, .T. ) ;
#8908 = CYLINDRICAL_SURFACE ( 'NONE', #4402, 1.049999999999998934 ) ;
#8909 = CARTESIAN_POINT ( 'NONE',  ( -23.97400160850794393, 12.50190443226897941, -1.167301477422986178 ) ) ;
#8910 = CARTESIAN_POINT ( 'NONE',  ( -10.37500000000001954, -14.88096929338442287, -4.000000000000000000 ) ) ;
#8911 = CARTESIAN_POINT ( 'NONE',  ( 7.675000000000007816, 7.099999999999996092, -36.29999999999998295 ) ) ;
#8912 = CARTESIAN_POINT ( 'NONE',  ( -26.65650762668752805, 8.192146611608780660, 0.2692844627970886195 ) ) ;
#8913 = DIRECTION ( 'NONE',  ( -1.000000000000000000, -0.000000000000000000, -1.765621858500567205E-16 ) ) ;
#8914 = EDGE_LOOP ( 'NONE', ( #7750, #6992, #6860, #2090, #2454 ) ) ;
#8915 = EDGE_LOOP ( 'NONE', ( #5399, #3679 ) ) ;
#8916 = ORIENTED_EDGE ( 'NONE', *, *, #1133, .F. ) ;
#8917 = CYLINDRICAL_SURFACE ( 'NONE', #8580, 1.000000000000000888 ) ;
#8918 = CARTESIAN_POINT ( 'NONE',  ( -1.103799111338962469, 15.52315283082426056, -15.00000000000000000 ) ) ;
#8919 = ADVANCED_FACE ( 'NONE', ( #4848 ), #5197, .T. ) ;
#8920 = DIRECTION ( 'NONE',  ( 0.7071067811865274777, -5.275848315469825427E-17, -0.7071067811865675568 ) ) ;
#8921 = CARTESIAN_POINT ( 'NONE',  ( -13.00159855185048130, -10.94879558307486356, 2.602085213965210642E-15 ) ) ;
#8922 = CIRCLE ( 'NONE', #5790, 24.00000000000000000 ) ;
#8923 = LINE ( 'NONE', #5239, #7557 ) ;
#8924 = CARTESIAN_POINT ( 'NONE',  ( -23.16053390593261696, 15.00000000000000000, -10.53553390593271288 ) ) ;
#8925 = DIRECTION ( 'NONE',  ( 0.000000000000000000, 0.000000000000000000, -1.000000000000000000 ) ) ;
#8926 = AXIS2_PLACEMENT_3D ( 'NONE', #6334, #531, #2591 ) ;
#8927 = ORIENTED_EDGE ( 'NONE', *, *, #1515, .F. ) ;
#8928 = ORIENTED_EDGE ( 'NONE', *, *, #3723, .T. ) ;
#8929 = VERTEX_POINT ( 'NONE', #474 ) ;
#8930 = CARTESIAN_POINT ( 'NONE',  ( -23.16053390593271644, 28.10000000000000853, -19.99999999999999289 ) ) ;
#8931 = EDGE_CURVE ( 'NONE', #733, #7759, #1311, .T. ) ;
#8932 = DIRECTION ( 'NONE',  ( -2.881657216719182496E-16, 0.000000000000000000, 1.000000000000000000 ) ) ;
#8933 = AXIS2_PLACEMENT_3D ( 'NONE', #756, #2159, #5751 ) ;
#8934 = CARTESIAN_POINT ( 'NONE',  ( -19.41622088274557356, 14.08424861565771735, -38.29938164389465527 ) ) ;
#8935 = CARTESIAN_POINT ( 'NONE',  ( -5.575000000000010836, 10.10000000000000497, -13.04999999999999893 ) ) ;
#8936 = DIRECTION ( 'NONE',  ( -1.000000000000000000, 0.000000000000000000, 0.000000000000000000 ) ) ;
#8937 = EDGE_LOOP ( 'NONE', ( #6165, #6424, #6711, #6455 ) ) ;
#8938 = ADVANCED_FACE ( 'NONE', ( #7009 ), #4097, .F. ) ;
#8939 = ORIENTED_EDGE ( 'NONE', *, *, #5865, .T. ) ;
#8940 = CARTESIAN_POINT ( 'NONE',  ( -26.48377682265677890, -9.004995567763829811, 0.9236564323181619685 ) ) ;
#8941 = CARTESIAN_POINT ( 'NONE',  ( 7.675000000000007816, -7.100000000000002309, -33.09999999999998010 ) ) ;
#8942 = CARTESIAN_POINT ( 'NONE',  ( 15.12499999999998579, -5.250000000000000000, 22.05000000000002558 ) ) ;
#8943 = CARTESIAN_POINT ( 'NONE',  ( 15.72163923373224037, -13.25326636881086984, -26.83643129719261111 ) ) ;
#8944 = CARTESIAN_POINT ( 'NONE',  ( -26.62500000000001066, -2.624999999999998668, 17.50336663013170480 ) ) ;
#8945 = ORIENTED_EDGE ( 'NONE', *, *, #2266, .T. ) ;
#8946 = ORIENTED_EDGE ( 'NONE', *, *, #554, .F. ) ;
#8947 = ORIENTED_EDGE ( 'NONE', *, *, #3879, .F. ) ;
#8948 = CARTESIAN_POINT ( 'NONE',  ( -22.62256308275782857, 11.99999999999999645, -0.2792407799438630933 ) ) ;
#8949 = CARTESIAN_POINT ( 'NONE',  ( -26.62500000000001066, -5.250000000000000000, 23.10000000000000853 ) ) ;
#8950 = CARTESIAN_POINT ( 'NONE',  ( 9.675000000000004263, -10.09999999999999609, -29.29999999999998650 ) ) ;
#8951 =( LENGTH_UNIT ( ) NAMED_UNIT ( * ) SI_UNIT ( .MILLI., .METRE. ) );
#8952 = CARTESIAN_POINT ( 'NONE',  ( -23.16053390593257788, 15.00000000000000000, -6.999999999999993783 ) ) ;
#8953 = ORIENTED_EDGE ( 'NONE', *, *, #7443, .T. ) ;
#8954 = ORIENTED_EDGE ( 'NONE', *, *, #1069, .T. ) ;
#8955 = ORIENTED_EDGE ( 'NONE', *, *, #5211, .T. ) ;
#8956 = AXIS2_PLACEMENT_3D ( 'NONE', #1930, #4211, #580 ) ;
#8957 = CARTESIAN_POINT ( 'NONE',  ( 9.082886557391480764, -10.76448286337177684, -31.46959042530455264 ) ) ;
#8958 = CARTESIAN_POINT ( 'NONE',  ( -26.62500000000001066, -2.624999999999998668, 18.55336663013170195 ) ) ;
#8959 = CARTESIAN_POINT ( 'NONE',  ( 15.12499999999998579, -2.625000000000002220, 28.69663336986832292 ) ) ;
#8960 = AXIS2_PLACEMENT_3D ( 'NONE', #317, #362, #6021 ) ;
#8961 = DIRECTION ( 'NONE',  ( 1.000000000000000000, 0.000000000000000000, 2.881657216719182003E-16 ) ) ;
#8962 = CARTESIAN_POINT ( 'NONE',  ( 22.56627866080042821, 12.50566558229491321, 0.000000000000000000 ) ) ;
#8963 = CARTESIAN_POINT ( 'NONE',  ( 24.84746962085979050, -11.32575236365477167, 7.372574772901430151E-15 ) ) ;
#8964 = AXIS2_PLACEMENT_3D ( 'NONE', #1824, #4664, #5417 ) ;
#8965 = DIRECTION ( 'NONE',  ( -1.000000000000000000, 0.000000000000000000, 0.000000000000000000 ) ) ;
#8966 = EDGE_LOOP ( 'NONE', ( #1563, #8140, #1587, #3492, #2444, #9012, #7424, #3752, #3993, #636, #1055, #3410, #623, #1394, #3636, #7478, #589 ) ) ;
#8967 = ORIENTED_EDGE ( 'NONE', *, *, #3117, .T. ) ;
#8968 = ORIENTED_EDGE ( 'NONE', *, *, #5800, .T. ) ;
#8969 = EDGE_CURVE ( 'NONE', #6392, #141, #3361, .T. ) ;
#8970 = CARTESIAN_POINT ( 'NONE',  ( -13.45774846787530699, 14.96038798953255800, -3.999999999999996447 ) ) ;
#8971 = DIRECTION ( 'NONE',  ( 0.000000000000000000, 0.000000000000000000, 1.000000000000000000 ) ) ;
#8972 = DIRECTION ( 'NONE',  ( 1.000000000000000000, 0.000000000000000000, 2.881657216719182496E-16 ) ) ;
#8973 = CARTESIAN_POINT ( 'NONE',  ( 7.675000000000013145, 0.7325780489112267979, -29.90188843073611480 ) ) ;
#8974 = AXIS2_PLACEMENT_3D ( 'NONE', #2560, #1812, #7505 ) ;
#8975 = LINE ( 'NONE', #4635, #6616 ) ;
#8976 = EDGE_CURVE ( 'NONE', #8326, #7465, #4759, .T. ) ;
#8977 = B_SPLINE_CURVE_WITH_KNOTS ( 'NONE', 3,
 ( #4764, #3286, #570, #6139 ),
 .UNSPECIFIED., .F., .F.,
 ( 4, 4 ),
 ( 0.1936410157729530623, 0.5012438716942639871 ),
 .UNSPECIFIED. ) ;
#8978 = ORIENTED_EDGE ( 'NONE', *, *, #2780, .F. ) ;
#8979 = ORIENTED_EDGE ( 'NONE', *, *, #761, .T. ) ;
#8980 = VECTOR ( 'NONE', #2087, 1000.000000000000000 ) ;
#8981 = EDGE_CURVE ( 'NONE', #8292, #7712, #6223, .T. ) ;
#8982 = LINE ( 'NONE', #6332, #7547 ) ;
#8983 = DIRECTION ( 'NONE',  ( 1.000000000000000000, -0.000000000000000000, 2.881657216719182496E-16 ) ) ;
#8984 = AXIS2_PLACEMENT_3D ( 'NONE', #7066, #3419, #9114 ) ;
#8985 = DIRECTION ( 'NONE',  ( -0.000000000000000000, 0.000000000000000000, 1.000000000000000000 ) ) ;
#8986 = CARTESIAN_POINT ( 'NONE',  ( -19.62500000000000000, -13.99999999999999822, -38.29999999999999005 ) ) ;
#8987 = CARTESIAN_POINT ( 'NONE',  ( 20.62499999999998934, 2.624999999999998668, 18.55336663013172327 ) ) ;
#8988 = EDGE_CURVE ( 'NONE', #8621, #7435, #4800, .T. ) ;
#8989 = ORIENTED_EDGE ( 'NONE', *, *, #8559, .T. ) ;
#8990 = CIRCLE ( 'NONE', #3330, 1.834999999999999742 ) ;
#8991 = VERTEX_POINT ( 'NONE', #1539 ) ;
#8992 = ORIENTED_EDGE ( 'NONE', *, *, #7398, .T. ) ;
#8993 = DIRECTION ( 'NONE',  ( 1.000000000000000000, -0.000000000000000000, 2.881657216719182496E-16 ) ) ;
#8994 = EDGE_CURVE ( 'NONE', #2598, #1590, #2150, .T. ) ;
#8995 = CARTESIAN_POINT ( 'NONE',  ( -26.39753464796950055, 10.98540631289591474, -0.6618021042986304003 ) ) ;
#8996 = DIRECTION ( 'NONE',  ( -0.000000000000000000, -0.000000000000000000, -1.000000000000000000 ) ) ;
#8997 = EDGE_CURVE ( 'NONE', #8824, #5898, #2872, .T. ) ;
#8998 = CARTESIAN_POINT ( 'NONE',  ( -25.05217333776665356, -12.05932126526990977, -1.019773755089961487 ) ) ;
#8999 = ORIENTED_EDGE ( 'NONE', *, *, #8007, .F. ) ;
#9000 = AXIS2_PLACEMENT_3D ( 'NONE', #764, #1510, #4343 ) ;
#9001 = ORIENTED_EDGE ( 'NONE', *, *, #1520, .T. ) ;
#9002 = ORIENTED_EDGE ( 'NONE', *, *, #6652, .T. ) ;
#9003 = CARTESIAN_POINT ( 'NONE',  ( -26.62206294398554718, -9.039307291334402805, 0.4090886241134699675 ) ) ;
#9004 = CARTESIAN_POINT ( 'NONE',  ( 4.428686596581279389, 15.19475621327139336, -15.00000000000000000 ) ) ;
#9005 = CARTESIAN_POINT ( 'NONE',  ( 19.65802983197199083, -11.99999999999999645, 0.9909439493390830300 ) ) ;
#9006 = DIRECTION ( 'NONE',  ( 2.037639358997283667E-16, -0.7071067811865486830, -0.7071067811865464625 ) ) ;
#9007 = FACE_OUTER_BOUND ( 'NONE', #407, .T. ) ;
#9008 = CARTESIAN_POINT ( 'NONE',  ( -6.624999999999988454, -7.399999999999996803, 3.465107877707370630E-15 ) ) ;
#9009 = DIRECTION ( 'NONE',  ( -2.820600425940548900E-49, -7.509625437129028195E-17, -1.000000000000000000 ) ) ;
#9010 = EDGE_CURVE ( 'NONE', #4568, #7932, #6546, .T. ) ;
#9011 = VERTEX_POINT ( 'NONE', #5084 ) ;
#9012 = ORIENTED_EDGE ( 'NONE', *, *, #1167, .T. ) ;
#9013 = ORIENTED_EDGE ( 'NONE', *, *, #3121, .T. ) ;
#9014 = CARTESIAN_POINT ( 'NONE',  ( 9.010819090633896522, -10.84535857606640796, -29.29999999999998650 ) ) ;
#9015 = ADVANCED_FACE ( 'NONE', ( #4192 ), #8629, .T. ) ;
#9016 = FACE_OUTER_BOUND ( 'NONE', #795, .T. ) ;
#9017 = DIRECTION ( 'NONE',  ( -1.000000000000000000, 0.000000000000000000, 0.000000000000000000 ) ) ;
#9018 = CARTESIAN_POINT ( 'NONE',  ( 17.62499999999999289, -7.000000000000000000, 13.50000000000000178 ) ) ;
#9019 = LINE ( 'NONE', #2626, #4803 ) ;
#9020 = VERTEX_POINT ( 'NONE', #8537 ) ;
#9021 = ORIENTED_EDGE ( 'NONE', *, *, #4982, .F. ) ;
#9022 = AXIS2_PLACEMENT_3D ( 'NONE', #9075, #8323, #1802 ) ;
#9023 = DIRECTION ( 'NONE',  ( 0.000000000000000000, 0.000000000000000000, 1.000000000000000000 ) ) ;
#9024 = CARTESIAN_POINT ( 'NONE',  ( 4.329014785873203763, 15.63421494571413639, -15.00000000000000000 ) ) ;
#9025 = CARTESIAN_POINT ( 'NONE',  ( -13.57500000000000995, -11.99999999999999645, -0.1406273990108787564 ) ) ;
#9026 = CARTESIAN_POINT ( 'NONE',  ( 18.12711504229467963, -12.06257607916118424, -26.29766253434506496 ) ) ;
#9027 = EDGE_CURVE ( 'NONE', #453, #1444, #91, .T. ) ;
#9028 = VECTOR ( 'NONE', #3902, 1000.000000000000000 ) ;
#9029 = DIRECTION ( 'NONE',  ( -1.000000000000000000, -0.000000000000000000, -2.881657216719182496E-16 ) ) ;
#9030 = VECTOR ( 'NONE', #90, 1000.000000000000000 ) ;
#9031 = EDGE_LOOP ( 'NONE', ( #1958, #6751, #8479, #6663, #5581, #3807 ) ) ;
#9032 = ORIENTED_EDGE ( 'NONE', *, *, #7642, .F. ) ;
#9033 = VERTEX_POINT ( 'NONE', #748 ) ;
#9034 = ORIENTED_EDGE ( 'NONE', *, *, #8981, .F. ) ;
#9035 = VECTOR ( 'NONE', #2823, 1000.000000000000000 ) ;
#9036 = DIRECTION ( 'NONE',  ( -0.000000000000000000, -0.000000000000000000, -1.000000000000000000 ) ) ;
#9037 = CARTESIAN_POINT ( 'NONE',  ( 18.90741076758721562, -12.92197132994555808, 9.429884792452652993E-15 ) ) ;
#9038 = DIRECTION ( 'NONE',  ( -0.000000000000000000, -1.000000000000000000, -0.000000000000000000 ) ) ;
#9039 = VECTOR ( 'NONE', #1498, 1000.000000000000000 ) ;
#9040 = CARTESIAN_POINT ( 'NONE',  ( 24.84746962085978694, 11.32575236365477522, 1.000000000000004441 ) ) ;
#9041 = CARTESIAN_POINT ( 'NONE',  ( 8.266301410447974618, 11.68087286160838900, -29.64160148465810707 ) ) ;
#9042 = ORIENTED_EDGE ( 'NONE', *, *, #3968, .T. ) ;
#9044 = CIRCLE ( 'NONE', #8755, 1.049999999999998934 ) ;
#9043 = VECTOR ( 'NONE', #8099, 1000.000000000000000 ) ;
#9045 = VERTEX_POINT ( 'NONE', #1404 ) ;
#9046 = EDGE_CURVE ( 'NONE', #658, #5424, #5984, .T. ) ;
#9047 = ADVANCED_FACE ( 'NONE', ( #7145 ), #3591, .F. ) ;
#9048 = CARTESIAN_POINT ( 'NONE',  ( -26.99948367301530894, -10.11302173825707129, -0.3710072460856816412 ) ) ;
#9049 = CARTESIAN_POINT ( 'NONE',  ( -22.59314330741255361, -3.743150347121858346, 21.77847748038934839 ) ) ;
#9050 = CARTESIAN_POINT ( 'NONE',  ( 22.62499999999999645, -11.99999999999999645, 0.8672861625754182402 ) ) ;
#9051 = DIRECTION ( 'NONE',  ( -1.000000000000000000, -0.000000000000000000, -0.000000000000000000 ) ) ;
#9052 = FACE_OUTER_BOUND ( 'NONE', #433, .T. ) ;
#9053 = DIRECTION ( 'NONE',  ( 0.000000000000000000, 0.000000000000000000, -1.000000000000000000 ) ) ;
#9054 = CARTESIAN_POINT ( 'NONE',  ( 11.57499999999999929, 10.10000000000000142, -29.19999999999999218 ) ) ;
#9055 = ORIENTED_EDGE ( 'NONE', *, *, #3284, .F. ) ;
#9056 = ORIENTED_EDGE ( 'NONE', *, *, #3291, .F. ) ;
#9057 = ORIENTED_EDGE ( 'NONE', *, *, #4765, .F. ) ;
#9058 = LINE ( 'NONE', #4805, #536 ) ;
#9059 = CARTESIAN_POINT ( 'NONE',  ( -15.68237869130544837, 14.98895488140746046, -3.309205147747823451E-11 ) ) ;
#9060 = CARTESIAN_POINT ( 'NONE',  ( -7.857957375440812520, 14.81471553034378275, -36.87487044345180465 ) ) ;
#9061 = CIRCLE ( 'NONE', #569, 1.000000000000001776 ) ;
#9062 = LINE ( 'NONE', #5380, #335 ) ;
#9063 = AXIS2_PLACEMENT_3D ( 'NONE', #6703, #4441, #4486 ) ;
#9064 = CARTESIAN_POINT ( 'NONE',  ( 0.000000000000000000, 0.000000000000000000, -13.04999999999999893 ) ) ;
#9065 = CARTESIAN_POINT ( 'NONE',  ( 23.01904185852704998, -11.98534880261396651, 0.8429950249470482548 ) ) ;
#9066 = CARTESIAN_POINT ( 'NONE',  ( -19.62499999999999645, 15.00000000000000000, -4.000000000000010658 ) ) ;
#9067 = VERTEX_POINT ( 'NONE', #7053 ) ;
#9068 = VERTEX_POINT ( 'NONE', #5039 ) ;
#9069 = AXIS2_PLACEMENT_3D ( 'NONE', #3987, #967, #8051 ) ;
#9070 = CARTESIAN_POINT ( 'NONE',  ( -1.824999999999995071, -4.150795011477496669E-15, -41.79999999999999005 ) ) ;
#9071 = CARTESIAN_POINT ( 'NONE',  ( -0.07239137861977101851, 15.46844551391894385, -25.00000000000000000 ) ) ;
#9072 = DIRECTION ( 'NONE',  ( 0.000000000000000000, 0.000000000000000000, 1.000000000000000000 ) ) ;
#9073 = CARTESIAN_POINT ( 'NONE',  ( -16.57500000000001350, -5.250000000000000000, 21.10000000000000853 ) ) ;
#9074 = CARTESIAN_POINT ( 'NONE',  ( -22.61622217532348600, -5.512167683564843657, 21.11297672968329664 ) ) ;
#9075 = CARTESIAN_POINT ( 'NONE',  ( 20.62499999999998934, 2.624999999999995559, 27.64663336986832576 ) ) ;
#9076 = VERTEX_POINT ( 'NONE', #138 ) ;
#9077 = EDGE_LOOP ( 'NONE', ( #4638, #5726 ) ) ;
#9078 = VERTEX_POINT ( 'NONE', #4370 ) ;
#9079 = ORIENTED_EDGE ( 'NONE', *, *, #7265, .F. ) ;
#9080 = ADVANCED_FACE ( 'NONE', ( #2896, #7234 ), #5743, .T. ) ;
#9081 = CARTESIAN_POINT ( 'NONE',  ( -22.57500000000001705, 2.624999999999996003, 29.64663336986831155 ) ) ;
#9082 = EDGE_CURVE ( 'NONE', #5288, #6889, #793, .T. ) ;
#9083 = FACE_OUTER_BOUND ( 'NONE', #6362, .T. ) ;
#9084 = DIRECTION ( 'NONE',  ( 0.000000000000000000, 0.000000000000000000, -1.000000000000000000 ) ) ;
#9085 = CARTESIAN_POINT ( 'NONE',  ( -10.37500000000001243, 10.10000000000000497, -10.00000000000000000 ) ) ;
#9086 = CARTESIAN_POINT ( 'NONE',  ( -23.97400160850794748, -12.50190443226898651, -1.167301477422987732 ) ) ;
#9087 = ORIENTED_EDGE ( 'NONE', *, *, #626, .T. ) ;
#9088 = EDGE_CURVE ( 'NONE', #9101, #5471, #2093, .T. ) ;
#9089 = VERTEX_POINT ( 'NONE', #5648 ) ;
#9090 = CARTESIAN_POINT ( 'NONE',  ( -26.62500000000000000, -9.310615263082210546, 0.1946717379864116026 ) ) ;
#9091 = CARTESIAN_POINT ( 'NONE',  ( -13.96814575050769847, -7.900000000000000355, -32.72792206135788717 ) ) ;
#9092 = EDGE_CURVE ( 'NONE', #1109, #673, #1358, .T. ) ;
#9093 = FACE_OUTER_BOUND ( 'NONE', #1044, .T. ) ;
#9094 = CARTESIAN_POINT ( 'NONE',  ( -13.96814575050796670, 14.95551785225861963, -19.72792206135788717 ) ) ;
#9095 = CARTESIAN_POINT ( 'NONE',  ( -25.67499999999999005, -8.000000000000000000, -30.13015151901649347 ) ) ;
#9096 = EDGE_CURVE ( 'NONE', #1097, #1494, #5434, .T. ) ;
#9097 = CARTESIAN_POINT ( 'NONE',  ( 22.62499999999999645, 7.999999999999996447, 5.204170427930421283E-15 ) ) ;
#9098 = EDGE_CURVE ( 'NONE', #8539, #7377, #325, .T. ) ;
#9099 = DIRECTION ( 'NONE',  ( 1.000000000000000000, 0.000000000000000000, 2.881657216719182496E-16 ) ) ;
#9100 = AXIS2_PLACEMENT_3D ( 'NONE', #2986, #8442, #6453 ) ;
#9101 = VERTEX_POINT ( 'NONE', #6729 ) ;
#9102 = ORIENTED_EDGE ( 'NONE', *, *, #865, .T. ) ;
#9103 = VECTOR ( 'NONE', #3641, 1000.000000000000000 ) ;
#9104 = ORIENTED_EDGE ( 'NONE', *, *, #5441, .F. ) ;
#9105 = CARTESIAN_POINT ( 'NONE',  ( 7.129014785873204474, 19.28421494571414030, -15.00000000000000000 ) ) ;
#9106 = LINE ( 'NONE', #7105, #4434 ) ;
#9107 = VECTOR ( 'NONE', #4833, 1000.000000000000000 ) ;
#9108 = CARTESIAN_POINT ( 'NONE',  ( -18.41664326403839880, 14.99846909350338109, -38.27965181275110496 ) ) ;
#9109 = CARTESIAN_POINT ( 'NONE',  ( -24.62499999999998579, 8.000000000000000000, -39.29999999999999005 ) ) ;
#9110 = ADVANCED_FACE ( 'NONE', ( #1677 ), #2429, .F. ) ;
#9111 = PLANE ( 'NONE',  #6558 ) ;
#9112 = VECTOR ( 'NONE', #5738, 1000.000000000000000 ) ;
#9113 = CARTESIAN_POINT ( 'NONE',  ( -13.57500000000000639, 12.23023326933859600, -0.2033346473677257182 ) ) ;
#9114 = DIRECTION ( 'NONE',  ( 1.000000000000000000, 0.000000000000000000, -0.000000000000000000 ) ) ;
#9115 = ORIENTED_EDGE ( 'NONE', *, *, #1117, .F. ) ;
#9116 = ORIENTED_EDGE ( 'NONE', *, *, #1189, .T. ) ;
#9117 = DIRECTION ( 'NONE',  ( 0.000000000000000000, 0.000000000000000000, -1.000000000000000000 ) ) ;
#9118 = DIRECTION ( 'NONE',  ( -0.000000000000000000, -0.000000000000000000, -1.000000000000000000 ) ) ;
#9119 = CARTESIAN_POINT ( 'NONE',  ( -26.62500000000001066, -5.250000000000000000, 24.15000000000000568 ) ) ;
#9120 = CARTESIAN_POINT ( 'NONE',  ( 26.60966381254519675, -11.12268521581529512, -12.79378758233284330 ) ) ;
#9121 = DIRECTION ( 'NONE',  ( -0.000000000000000000, -1.000000000000000000, 0.000000000000000000 ) ) ;
#9122 = DIRECTION ( 'NONE',  ( 0.000000000000000000, 0.000000000000000000, -1.000000000000000000 ) ) ;
#9123 = DIRECTION ( 'NONE',  ( 1.000000000000000000, 0.000000000000000000, 2.881657216719182496E-16 ) ) ;
#9124 = ORIENTED_EDGE ( 'NONE', *, *, #2551, .T. ) ;
#9125 = AXIS2_PLACEMENT_3D ( 'NONE', #4200, #7754, #4154 ) ;
#9126 = ORIENTED_EDGE ( 'NONE', *, *, #2196, .T. ) ;
#9127 = EDGE_LOOP ( 'NONE', ( #2710, #8261 ) ) ;
#9128 = EDGE_CURVE ( 'NONE', #7327, #2956, #369, .T. ) ;
#9129 = VERTEX_POINT ( 'NONE', #1030 ) ;
#9130 = CARTESIAN_POINT ( 'NONE',  ( 3.024999999999973710, 14.28421494571413852, 0.000000000000000000 ) ) ;
#9131 = DIRECTION ( 'NONE',  ( 1.000000000000000000, 0.000000000000000000, 2.881657216719182496E-16 ) ) ;
#9132 = CARTESIAN_POINT ( 'NONE',  ( -19.62499999999999645, 15.00000000000000000, -39.29999999999999005 ) ) ;
#9133 = EDGE_CURVE ( 'NONE', #2177, #95, #5234, .T. ) ;
#9134 = CARTESIAN_POINT ( 'NONE',  ( 20.62499999999998934, 2.624999999999999112, 20.55336663013172327 ) ) ;
#9135 = VECTOR ( 'NONE', #4492, 1000.000000000000000 ) ;
#9136 = DIRECTION ( 'NONE',  ( -0.7071067811865274777, 0.000000000000000000, 0.7071067811865675568 ) ) ;
#9137 = VECTOR ( 'NONE', #953, 1000.000000000000000 ) ;
#9138 = EDGE_CURVE ( 'NONE', #6665, #1338, #213, .T. ) ;
#9139 = ORIENTED_EDGE ( 'NONE', *, *, #6645, .T. ) ;
#9140 = ORIENTED_EDGE ( 'NONE', *, *, #4711, .T. ) ;
#9141 = CARTESIAN_POINT ( 'NONE',  ( -26.42189189707326591, -9.232224224332663098, 0.8339540929974822436 ) ) ;
#9142 = CARTESIAN_POINT ( 'NONE',  ( -22.60129942539982650, -4.028138144715694757, 21.51120221793831888 ) ) ;
#9143 = CARTESIAN_POINT ( 'NONE',  ( 9.675000000000006040, 10.10000000000000320, -9.849999999999983658 ) ) ;
#9144 = LINE ( 'NONE', #6498, #2955 ) ;
#9145 = CARTESIAN_POINT ( 'NONE',  ( -22.61676944294264757, 5.117809857730841294, 21.10000000000001208 ) ) ;
#9146 = DIRECTION ( 'NONE',  ( -2.891205793294680298E-16, 0.000000000000000000, 1.000000000000000000 ) ) ;
#9147 = CARTESIAN_POINT ( 'NONE',  ( -26.62500000000001066, 5.250000000000000000, 23.10000000000000853 ) ) ;
#9148 = EDGE_CURVE ( 'NONE', #5279, #8150, #2473, .T. ) ;
#9149 = VERTEX_POINT ( 'NONE', #5322 ) ;
#9150 = VERTEX_POINT ( 'NONE', #8162 ) ;
#9151 = VERTEX_POINT ( 'NONE', #5932 ) ;
#9152 = CARTESIAN_POINT ( 'NONE',  ( -6.624999999999988454, 11.99999999999999645, 4.921975212510401165E-15 ) ) ;
#9153 = FACE_OUTER_BOUND ( 'NONE', #4037, .T. ) ;
#9154 = CARTESIAN_POINT ( 'NONE',  ( -10.43261184457493940, 10.10000000000000142, -29.19238815542516718 ) ) ;
#9155 = LINE ( 'NONE', #2515, #4195 ) ;
#9156 = CARTESIAN_POINT ( 'NONE',  ( -19.62499999999999645, 15.00000000000000000, -39.29999999999999005 ) ) ;
#9157 = CARTESIAN_POINT ( 'NONE',  ( -3.665181435659080833, -14.70810892306106687, -10.00000000000000888 ) ) ;
#9158 = CARTESIAN_POINT ( 'NONE',  ( -17.92462746114454930, 14.32073530269007122, -1.773578434230016931 ) ) ;
#9159 = CIRCLE ( 'NONE', #1417, 20.00000000000000000 ) ;
#9160 = EDGE_CURVE ( 'NONE', #5031, #1679, #6784, .T. ) ;
#9161 = VERTEX_POINT ( 'NONE', #5277 ) ;
#9162 = EDGE_CURVE ( 'NONE', #7875, #4483, #1209, .T. ) ;
#9163 = ORIENTED_EDGE ( 'NONE', *, *, #1908, .F. ) ;
#9164 = DIRECTION ( 'NONE',  ( -1.000000000000000000, 9.221531102568232599E-32, -0.000000000000000000 ) ) ;
#9165 = CARTESIAN_POINT ( 'NONE',  ( 19.00020912447523713, 12.91141153040852174, -24.42473536365860198 ) ) ;
#9166 = AXIS2_PLACEMENT_3D ( 'NONE', #5529, #8506, #7123 ) ;
#9167 = DIRECTION ( 'NONE',  ( 1.000000000000000000, 0.000000000000000000, 2.881657216719182496E-16 ) ) ;
#9168 = FACE_OUTER_BOUND ( 'NONE', #1881, .T. ) ;
#9169 = LINE ( 'NONE', #1334, #6937 ) ;
#9170 = CARTESIAN_POINT ( 'NONE',  ( -24.62499999999998579, 8.000000000000000000, -37.79999999999998295 ) ) ;
#9171 = CARTESIAN_POINT ( 'NONE',  ( -0.07192265707190213797, 15.46841997450805728, -25.00000000000000000 ) ) ;
#9172 = ORIENTED_EDGE ( 'NONE', *, *, #2374, .F. ) ;
#9173 = VERTEX_POINT ( 'NONE', #7466 ) ;
#9174 = VERTEX_POINT ( 'NONE', #8671 ) ;
#9175 = ORIENTED_EDGE ( 'NONE', *, *, #209, .T. ) ;
#9176 = CARTESIAN_POINT ( 'NONE',  ( -11.61106307130675752, 14.91261882974662534, -30.37083938215697643 ) ) ;
#9177 = DIRECTION ( 'NONE',  ( 0.000000000000000000, 1.000000000000000000, 0.000000000000000000 ) ) ;
#9178 = AXIS2_PLACEMENT_3D ( 'NONE', #1067, #5220, #6817 ) ;
#9179 = CARTESIAN_POINT ( 'NONE',  ( 7.675000000000007816, 2.600000000000004086, -36.29999999999998295 ) ) ;
#9180 = DIRECTION ( 'NONE',  ( 1.765621858500567205E-16, 0.000000000000000000, -1.000000000000000000 ) ) ;
#9181 = EDGE_CURVE ( 'NONE', #8008, #5410, #2291, .T. ) ;
#9182 = CARTESIAN_POINT ( 'NONE',  ( -24.70781641476210666, -12.23319066906028674, -1.077730223020088030 ) ) ;
#9184 = VERTEX_POINT ( 'NONE', #4423 ) ;
#9183 = CIRCLE ( 'NONE', #6212, 1.049999999999998934 ) ;
#9185 = ORIENTED_EDGE ( 'NONE', *, *, #4636, .T. ) ;
#9186 = VECTOR ( 'NONE', #8115, 1000.000000000000000 ) ;
#9187 = CARTESIAN_POINT ( 'NONE',  ( -26.60794094280422684, -8.511471460399882005, 0.8555414452248402135 ) ) ;
#9188 = CARTESIAN_POINT ( 'NONE',  ( -19.33372681819489358, -15.00000000000000711, -37.29999965573696841 ) ) ;
#9189 = CARTESIAN_POINT ( 'NONE',  ( -16.57500000000001350, -5.250000000000000000, 23.10000000000000853 ) ) ;
#9190 = DIRECTION ( 'NONE',  ( -1.000000000000000000, -0.000000000000000000, -0.000000000000000000 ) ) ;
#9191 = DIRECTION ( 'NONE',  ( 0.000000000000000000, 1.000000000000000000, 0.000000000000000000 ) ) ;
#9192 = AXIS2_PLACEMENT_3D ( 'NONE', #3989, #6197, #6808 ) ;
#9193 = DIRECTION ( 'NONE',  ( -1.000000000000000000, -0.000000000000000000, -1.765621858500567205E-16 ) ) ;
#9194 = ORIENTED_EDGE ( 'NONE', *, *, #8528, .T. ) ;
#9195 = VERTEX_POINT ( 'NONE', #7283 ) ;
#9196 = ORIENTED_EDGE ( 'NONE', *, *, #5672, .F. ) ;
#9197 = DIRECTION ( 'NONE',  ( -2.164016633576080887E-32, 1.000000000000000000, 7.509625437129028195E-17 ) ) ;
#9198 = ADVANCED_FACE ( 'NONE', ( #889 ), #187, .F. ) ;
#9199 = CARTESIAN_POINT ( 'NONE',  ( -14.35263793099682594, 3.764609539716337494, -37.93105721481113335 ) ) ;
#9200 = AXIS2_PLACEMENT_3D ( 'NONE', #3686, #2296, #4474 ) ;
#9201 = CARTESIAN_POINT ( 'NONE',  ( -22.62256308275782501, 12.68377223398315756, -1.227924077994377861 ) ) ;
#9202 = LINE ( 'NONE', #4909, #635 ) ;
#9203 = CARTESIAN_POINT ( 'NONE',  ( -0.3659994749896675059, 14.80101646284715500, -14.74195267951389710 ) ) ;
#9204 = CARTESIAN_POINT ( 'NONE',  ( 7.675000000000007816, 2.600000000000004086, -36.29999999999998295 ) ) ;
#9205 = CARTESIAN_POINT ( 'NONE',  ( -24.62499999999998579, 8.000000000000000000, -36.29999999999999005 ) ) ;
#9206 = DIRECTION ( 'NONE',  ( 3.003850174851611278E-16, -7.509625437129028195E-17, -1.000000000000000000 ) ) ;
#9207 = EDGE_CURVE ( 'NONE', #1819, #5208, #2339, .T. ) ;
#9208 = ORIENTED_EDGE ( 'NONE', *, *, #6257, .F. ) ;
#9209 = EDGE_CURVE ( 'NONE', #3115, #5276, #7110, .T. ) ;
#9210 = ORIENTED_EDGE ( 'NONE', *, *, #5194, .T. ) ;
#9211 = LINE ( 'NONE', #7762, #3438 ) ;
#9212 = CIRCLE ( 'NONE', #5792, 1.000000000000000888 ) ;
#9213 = CARTESIAN_POINT ( 'NONE',  ( 26.62499999999998934, -2.624999999999998668, 16.55336663013171616 ) ) ;
#9214 = PLANE ( 'NONE',  #913 ) ;
#9215 = CARTESIAN_POINT ( 'NONE',  ( 7.083838202312489507, -13.03090781589626346, -32.33501905426255973 ) ) ;
#9216 = CARTESIAN_POINT ( 'NONE',  ( -26.62499999999999645, -36.63153466595210972, 4.943869512211901781E-15 ) ) ;
#9217 = CARTESIAN_POINT ( 'NONE',  ( -22.73420435010839213, 4.523503322815437322, 19.19589186190703600 ) ) ;
#9218 = FACE_OUTER_BOUND ( 'NONE', #2985, .T. ) ;
#9219 = AXIS2_PLACEMENT_3D ( 'NONE', #8344, #6876, #9009 ) ;
#9220 = EDGE_CURVE ( 'NONE', #8835, #1890, #3775, .T. ) ;
#9221 = ADVANCED_FACE ( 'NONE', ( #980 ), #6684, .F. ) ;
#9222 = ORIENTED_EDGE ( 'NONE', *, *, #6036, .F. ) ;
#9223 = CIRCLE ( 'NONE', #2965, 0.8499999999999957589 ) ;
#9224 = ORIENTED_EDGE ( 'NONE', *, *, #8997, .F. ) ;
#9225 = VERTEX_POINT ( 'NONE', #4564 ) ;
#9226 = ORIENTED_EDGE ( 'NONE', *, *, #8416, .T. ) ;
#9227 = CARTESIAN_POINT ( 'NONE',  ( -10.37500000000001066, 11.40504834159633596, -0.02589464441052905658 ) ) ;
#9228 = DIRECTION ( 'NONE',  ( -0.7071067811865426878, -0.7071067811865524577, -0.000000000000000000 ) ) ;
#9229 = CARTESIAN_POINT ( 'NONE',  ( -23.16053390593261696, -10.09999999999997655, -10.53553390593271288 ) ) ;
#9230 = CARTESIAN_POINT ( 'NONE',  ( -25.88991377037424613, -8.768250222708367403, 5.088209185381280086 ) ) ;
#9231 = CIRCLE ( 'NONE', #122, 1.834999999999999742 ) ;
#9232 = ORIENTED_EDGE ( 'NONE', *, *, #982, .T. ) ;
#9233 = ORIENTED_EDGE ( 'NONE', *, *, #8019, .F. ) ;
#9234 = CARTESIAN_POINT ( 'NONE',  ( 24.60524196610484182, 11.35645313807966872, -19.43626062329503057 ) ) ;
#9235 = CARTESIAN_POINT ( 'NONE',  ( -18.16315631201491954, -14.99715013143865860, -37.26442798764867348 ) ) ;
#9236 = CARTESIAN_POINT ( 'NONE',  ( 22.62499999999999645, 11.99999999999999645, 0.8672861625754167969 ) ) ;
#9237 = B_SPLINE_CURVE_WITH_KNOTS ( 'NONE', 2,
 ( #7454, #7541, #450 ),
 .UNSPECIFIED., .F., .F.,
 ( 3, 3 ),
 ( 0.02655088381029929723, 0.08816404660611887323 ),
 .UNSPECIFIED. ) ;
#9238 = LINE ( 'NONE', #7187, #8308 ) ;
#9239 = CARTESIAN_POINT ( 'NONE',  ( -24.29166666666666430, -15.00000000000000000, -3.999999999999996447 ) ) ;
#9240 = CARTESIAN_POINT ( 'NONE',  ( 9.675000000000004263, -10.09999999999999609, -31.19659787680117802 ) ) ;
ENDSEC;
END-ISO-10303-21;
